name,part,phyDef,magDef,inscription,base,rawMaterials,notice,level,rank,rare,type,pro
ライトシクラス（画像:左）,体,21,23,,,,ショップにて1ベルで購入可,1,1,C,light,
ライトクローク（画像:右）,体,21,23,,,,ショップにて1ベルで購入可 大地編にて 純白の勲章 と交換可（庇護の称号付）,1,1,C,light,
コットンシクラス,体,21,24,耐霊 反魂 神髄,ライトクローク ライトシクラス,柔かい布×2 （済ver3.03）,"ショップにて各1,029ベルで購入可 大地編にて 青藍の勲章 といずれかの部位を交換可 （強化値+3、体：庇護 手：専意 足：英知の称号付）",2,1,C,light,
コットングローブ,体,10,12,耐霊 反魂 神髄,,柔かい布×2 （済ver3.03）,"ショップにて各1,029ベルで購入可 大地編にて 青藍の勲章 といずれかの部位を交換可 （強化値+3、体：庇護 手：専意 足：英知の称号付）",2,1,C,light,
コットンシューズ,足,,,耐霊 反魂 神髄,,柔かい布×2 （済ver3.03）,"ショップにて各1,029ベルで購入可 大地編にて 青藍の勲章 といずれかの部位を交換可 （強化値+3、体：庇護 手：専意 足：英知の称号付）",2,1,C,light,
フリースダブレット,体,29,33,消毒 封霊 防護,コットンシクラス,毒性の体液 呪師の古布 ガーネット （済ver3.03）,大地編にて 真紅の勲章 といずれかの部位を交換可 （強化値+3、体：庇護 手：専意 足：英知の称号付）,7,2,C,light,
フリースグローブ,手,14,16,消毒 封霊 防護,コットングローブ,,大地編にて 真紅の勲章 といずれかの部位を交換可 （強化値+3、体：庇護 手：専意 足：英知の称号付）,7,2,C,light,
フリースブーツ,足,14,16,消毒 封霊 防護,コットンシューズ,魔人：上級祭司I,大地編にて 真紅の勲章 といずれかの部位を交換可 （強化値+3、体：庇護 手：専意 足：英知の称号付）,7,2,C,light,
キルトチュニック,体,39,44,半導 封質 隠密,フリースダブレット,丈夫な布×2 （済ver3.03）,"ショップにて各14,739ベルで購入可 大地編にて 紫黒の勲章 といずれかの部位を交換可 （強化値+3、体：庇護 手：専意 足：英知の称号付）",12,3,C,light,
キルトグローブ,手,19,22,半導 封質 隠密,フリースグローブ,,"ショップにて各14,739ベルで購入可 大地編にて 紫黒の勲章 といずれかの部位を交換可 （強化値+3、体：庇護 手：専意 足：英知の称号付）",12,3,C,light,
キルトシューズ,足,19,22,半導 封質 隠密,フリースブーツ,,"ショップにて各14,739ベルで購入可 大地編にて 紫黒の勲章 といずれかの部位を交換可 （強化値+3、体：庇護 手：専意 足：英知の称号付）",12,3,C,light,
フェザークローク,体,49,56,耐亜 解毒 俊敏,キルトチュニック,魔竜の鮮血 血染の妖布 ジルコン 丈夫な布 （済ver3.03）,大地編にて 青鈍の勲章 といずれかの部位を交換可 （強化値+3、体：庇護 手：専意 足：英知の称号付）,17,4,C,light,
フェザーグローブ,手,24,28,耐亜 解毒 俊敏,キルトグローブ,シルキー,大地編にて 青鈍の勲章 といずれかの部位を交換可 （強化値+3、体：庇護 手：専意 足：英知の称号付）,17,4,C,light,
フェザーブーツ,足,24,28,耐亜 解毒 俊敏,キルトシューズ,,大地編にて 青鈍の勲章 といずれかの部位を交換可 （強化値+3、体：庇護 手：専意 足：英知の称号付）,17,4,C,light,
フランネルクロス,体,62,71,解凍 封亜 追撃,フェザークローク,怪しい液 繊細な布 丈夫な布 呪師の古布 （済ver3.03）,"ショップにて各59,049ベルで購入可 大地編にて 白緑の勲章 といずれかの部位を交換可 （強化値+3、体：庇護 手：専意 足：英知の称号付）",22,5,C,light,
フランネルグローブ,手,31,35,解凍 封亜 追撃,フェザーグローブ,,"ショップにて各59,049ベルで購入可 大地編にて 白緑の勲章 といずれかの部位を交換可 （強化値+3、体：庇護 手：専意 足：英知の称号付）",22,5,C,light,
フランネルシューズ,足,31,35,解凍 封亜 追撃,フェザーシューズ,,"ショップにて各59,049ベルで購入可 大地編にて 白緑の勲章 といずれかの部位を交換可 （強化値+3、体：庇護 手：専意 足：英知の称号付）",22,5,C,light,
ムーンクローク,体,75,86,還魂 赦免 神髄,フランネルクロス,魔界の黒布×2 トパーズ 血染の妖布 （済ver3.03）,大地編にて 真朱の勲章 といずれかの部位を交換可 （強化値+3、体：庇護 手：専意 足：英知の称号付）,27,6,C,light,
ムーングローブ,手,37,43,還魂 赦免 神髄,フランネルグローブ,,大地編にて 真朱の勲章 といずれかの部位を交換可 （強化値+3、体：庇護 手：専意 足：英知の称号付）,27,6,C,light,
ムーンシューズ,足,37,43,還魂 赦免 神髄,フランネルシューズ,魔人：上級術士III,大地編にて 真朱の勲章 といずれかの部位を交換可 （強化値+3、体：庇護 手：専意 足：英知の称号付）,27,6,C,light,
ウールダルマティカ,体,90,104,耐獣 解氷 防護,ムーンクローク,高級な布x2 繊細な布 丈夫な布 （済ver3.03）,"ショップにて各151,959ベルで購入可 大地編にて 紺碧の勲章 といずれかの部位を交換可 （強化値+3、体：庇護 手：専意 足：英知の称号付）",32,7,C,light,
ウールグローブ,手,45,52,耐獣 解氷 防護,ムーングローブ,,"ショップにて各151,959ベルで購入可 大地編にて 紺碧の勲章 といずれかの部位を交換可 （強化値+3、体：庇護 手：専意 足：英知の称号付）",32,7,C,light,
ウールシューズ,足,45,52,耐獣 解氷 防護,ムーンシューズ,,"ショップにて各151,959ベルで購入可 大地編にて 紺碧の勲章 といずれかの部位を交換可 （強化値+3、体：庇護 手：専意 足：英知の称号付）",32,7,C,light,
フェアリークロス,体,106,122,消火 遠望 残心,,,大地編にて 月白の勲章 といずれかの部位を交換可 （強化値+3、体：庇護 手：専意 足：英知の称号付）,37,8,C,light,
フェアリーグローブ,手,53,61,消火 遠望 残心,ウールグローブ,ファスマ,大地編にて 月白の勲章 といずれかの部位を交換可 （強化値+3、体：庇護 手：専意 足：英知の称号付）,37,8,C,light,
フェアリーシューズ,足,53,61,消火 遠望 残心,ウールシューズ,,大地編にて 月白の勲章 といずれかの部位を交換可 （強化値+3、体：庇護 手：専意 足：英知の称号付）,37,8,C,light,
エンジェルクロス,体,125,144,還魂 赦免 神髄,フェアリークロス,魔人の血 死界の布 高級な布 魔界の黒布 （済ver3.03）,"ショップにて各311,469ベルで購入可 大地編にて 藤黄の勲章 といずれかの部位を交換可 （強化値+3、体：庇護 手：専意 足：英知の称号付）",42,9,C,light,
エンジェルミッツ,手,62,72,還魂 赦免 神髄,フェアリーグローブ,,"ショップにて各311,469ベルで購入可 大地編にて 藤黄の勲章 といずれかの部位を交換可 （強化値+3、体：庇護 手：専意 足：英知の称号付）",42,9,C,light,
エンジェルブーツ,足,62,72,還魂 赦免 神髄,フェアリーシューズ,,"ショップにて各311,469ベルで購入可 大地編にて 藤黄の勲章 といずれかの部位を交換可 （強化値+3、体：庇護 手：専意 足：英知の称号付）",42,9,C,light,
サンクローク,体,143,165,反発 封霊 残心,エンジェルクロス,魔界の妖布×2 サファイア 死霊の呪布 （済ver3.03）,大地編にて 鉄黒の勲章 といずれかの部位を交換可 （強化値+3、体：庇護 手：専意 足：英知の称号付）,47,10,C,light,
サングローブ,手,71,82,反発 封霊 残心,エンジェルミッツ,,大地編にて 鉄黒の勲章 といずれかの部位を交換可 （強化値+3、体：庇護 手：専意 足：英知の称号付）,47,10,C,light,
サンシューズ,足,71,82,反発 封霊 残心,エンジェルブーツ,,大地編にて 鉄黒の勲章 といずれかの部位を交換可 （強化値+3、体：庇護 手：専意 足：英知の称号付）,47,10,C,light,
バルキークロス,体,165,191,耐獣 解氷 神髄,サンクローク,魅惑の液 透明な布 死界の布 死霊の呪布 （済ver3.03）,"ショップにて各555,579ベルで購入可",52,11,C,light,
バルキーグローブ,手,82,95,耐獣 解氷 神髄,サングローブ,,"ショップにて各555,579ベルで購入可",52,11,C,light,
バルキーシューズ,足,82,95,耐獣 解氷 神髄,サンシューズ,,"ショップにて各555,579ベルで購入可",52,11,C,light,
グロリアスクロス,体,186,216,不動 封人 追撃 (済v4.19),バルキークロス,魔界の紅布×2 ルビー 魔界の妖布 （済ver4.19）,,57,12,C,light,
グロリアスミッツ,手,93,108,不動 封人 追撃 (済v4.19),バルキーグローブ,魔人:上級術士II,,57,12,C,light,
グロリアスシューズ,足,93,108,不動 封人 追撃 (済v4.19),バルキーシューズ,イビルリット,,57,12,C,light,
アナテマブリオー,体,212,246,耐人 反動 防護,グロリアスクロス,魔性の血 古代の布 透明な布 魔界の妖布 （済ver3.10）,"ショップにて各902,289ベルで購入可",62,13,C,light,
アナテマグローブ,手,106,123,耐人 反動 防護,グロリアスミッツ,,"ショップにて各902,289ベルで購入可",62,13,C,light,
アナテマシューズ,足,106,123,耐人 反動 防護,グロリアスシューズ,,"ショップにて各902,289ベルで購入可",62,13,C,light,
スタークローク,体,236,274,消毒 封人 追撃,,,,67,14,C,light,
スターグローブ,手,118,137,消毒 封人 追撃,アナテマグローブ,,,67,14,C,light,
スターシューズ,足,118,137,消毒 封人 追撃,アナテマシューズ,,,67,14,C,light,
ブリリアントガーブ,体,266,308,消火 封質 俊敏,スタークローク,致死の毒 上世の布 古代の布×2 （済ver3.03）,"ショップにて各1,369,599ベルで購入可",72,15,C,light,
ブリリアントミッツ,手,133,154,消火 封質 俊敏,スターグローブ,,"ショップにて各1,369,599ベルで購入可",72,15,C,light,
ブリリアントブーツ,足,133,154,消火 封質 俊敏,スターシューズ,,"ショップにて各1,369,599ベルで購入可",72,15,C,light,
レリッククローク,体,293,340,耐霊 解毒 隠密,ブリリアントガーブ,魔神の闘衣×2 クリスタル 上世の布 （済ver3.03）,,77,16,C,light,
レリックミッツ,手,146,170,耐霊 解毒 隠密,ブリリアントミッツ,,,77,16,C,light,
レリックシューズ,足,146,170,耐霊 解毒 隠密,ブリリアントブーツ,魔人:上級術士III,,77,16,C,light,
ベルベットクローク,体,326,378,耐亜 不導 追撃,レリッククローク,上古の液 神奇の布 上世の布×2 （済ver3.03）,"ショップにて各1,975,509ベルで購入可",82,17,C,light,
ベルベットグローブ,手,163,189,耐亜 不導 追撃,レリックミッツ,,"ショップにて各1,975,509ベルで購入可",82,17,C,light,
ベルベットブーツ,足,163,189,耐亜 不導 追撃,レリックシューズ,,"ショップにて各1,975,509ベルで購入可",82,17,C,light,
エミサリークローク,体,356,414,消毒 封霊 神髄,ベルベットクローク,太古の妖布×2 ペイナイト 神奇の布 （済ver3.03）,,87,18,C,light,
エミサリーグローブ,手,178,207,消毒 封霊 神髄,ベルベットグローブ,,,87,18,C,light,
エミサリーシューズ,足,178,207,消毒 封霊 神髄,ベルベットブーツ,,,87,18,C,light,
カシミアクローク,体,394,457,耐亜 不導 追撃,エミサリークローク,劇毒の液 霊界の布 上古の液 神奇の布,"ショップにて各2,738,019ベルで購入可",92,19,C,light,
カシミアグローブ,手,197,228,耐亜 不導 追撃,エミサリーグローブ,,"ショップにて各2,738,019ベルで購入可",92,19,C,light,
カシミアブーツ,足,197,228,耐亜 不導 追撃,エミサリーシューズ,,"ショップにて各2,738,019ベルで購入可",92,19,C,light,
乱破上衣,体,428,496,消毒 封霊 神髄,カシミアクローク,武者の戎衣×2 アレキサンドライト 霊界の布,,97,20,C,light,
リネンシクラス,体,26,28,封亜 因果 防護,コットンシクラス,毒性の体液 呪師の古布 巨獣の大角 （済ver3.03）,,3,2,B+,light,
リネンミッツ,手,13,14,封亜 因果 防護,コットングローブ,,,3,2,B+,light,
リネンシューズ,足,13,14,封亜 因果 防護,コットンシューズ,ゴブリンチーフ,,3,2,B+,light,
シルククローク,体,35,39,封人 追撃 追撃,フリースダブレット,魔人の翼爪 呪師の古布 巨獣の大角 （済ver3.03）,,8,2,B+,light,
シルクグローブ,手,17,19,封人 追撃 追撃,フリースグローブ,デスノート,,8,2,B+,light,
シルクシューズ,足,17,19,封人 追撃 追撃,フリースブーツ,,,8,2,B+,light,
スペルクロス,体,46,52,遠望 防護 神髄,キルトチュニック,魔竜の鮮血 血染の妖布 魔竜の小鱗 （済ver3.03）,,13,4,B+,light,
スペルグローブ,手,23,26,遠望 防護 神髄,キルトグローブ,,,13,4,B+,light,
スペルシューズ,足,23,26,遠望 防護 神髄,キルトシューズ,,,13,4,B+,light,
タフタシクラス,体,59,67,不導 追撃 防護,フェザークローク,巨獣の堅骨 魔竜の鮮血 血染の妖布 濁った液 （済ver3.03）,,18,4,B+,light,
タフタグローブ,手,29,33,不導 追撃 防護,フェザーグローブ,,,18,4,B+,light,
タフタシューズ,足,29,33,不導 追撃 防護,フェザーブーツ,,,18,4,B+,light,
ゴブランクロス,体,74,84,反動 防護 追撃,フランネルクロス,魔蠍の体液×2 魔界の黒布 魔竜の鮮血 血染の妖布 （済ver3.03）,,23,6,B+,light,
ゴブラングローブ,手,37,42,反動 防護 追撃,フランネルグローブ,ボーティス,,23,6,B+,light,
ゴブランブーツ,足,37,42,反動 防護 追撃,フランネルシューズ,カン,,23,6,B+,light,
カノニカルクローク,体,90,103,不惑 神髄 因果,ムーンクローク,魔人の妖骨 魔界の黒布 魚人の大鱗 戦人の骨 怪しい液 （済ver3.03）,,28,6,B+,light,
カノニカルグローブ,手,45,51,不惑 神髄 因果,ムーングローブ,,,28,6,B+,light,
カノニカルブーツ,足,45,51,不惑 神髄 因果,ムーンシューズ,,,28,6,B+,light,
レイブンクロス,体,107,123,反魂 俊敏 隠密,,,,33,8,B+,light,
レイブングローブ,手,53,61,反魂 俊敏 隠密,ウールグローブ,,,33,8,B+,light,
レイブンブーツ,足,53,61,反魂 俊敏 隠密,ウールシューズ,,,33,8,B+,light,
ビショップガーブ,体,128,146,遠望 防護 防護,フェアリークロス,死霊の呪布×2 魔竜の剛鱗×2 高級な布 （済ver3.03）,ビショップガーブ,38,8,B+,light,
ビショップグローブ,手,64,73,遠望 防護 防護,フェアリーグローブ,,ビショップグローブ,38,8,B+,light,
ビショップシューズ,足,64,73,遠望 防護 防護,フェアリーシューズ,,ビショップシューズ,38,8,B+,light,
シアークローク,体,148,170,赦免 戒心 防護,エンジェルクロス,大蛇の鮮血×2 魔界の妖布 未知の液体 死霊の呪布 （済ver3.03）,,43,10,B+,light,
シアーグローブ,手,74,85,赦免 戒心 防護,エンジェルミッツ,ダークストーカー,,43,10,B+,light,
シアーシューズ,足,74,85,赦免 戒心 防護,エンジェルブーツ,ゴモリー,,43,10,B+,light,
パイロクローク,体,172,198,鎮火 追撃 追撃,サンクローク,死徒の頭骨 魔界の妖布 邪竜の大鱗 鬼人の骨 魔人の血 （済ver3.03）,,48,10,B+,light,
パイログローブ,手,86,99,鎮火 追撃 追撃,サングローブ,,,48,10,B+,light,
パイロブーツ,足,86,99,鎮火 追撃 追撃,サンシューズ,,,48,10,B+,light,
アースクローク,体,196,225,封獣 防護 防護,バルキークロス,造魔の体液×2 魔界の紅布 大蛇の鮮血 魔界の妖布 （済ver3.03）,,53,12,B+,light,
アースグローブ,手,98,112,封獣 防護 防護,バルキーグローブ,,,53,12,B+,light,
アースシューズ,足,98,112,封獣 防護 防護,バルキーシューズ,,,53,12,B+,light,
カーディナルクロス,体,224,258,不惑 因果 祝福,グロリアスクロス,イシルディン 蛇獣の軟骨 造魔の体液 魔界の紅布 魅惑の液 （済ver3.03）,,58,12,B+,light,
カーディナルミッツ,手,112,129,不惑 因果 祝福,グロリアスミッツ,,,58,12,B+,light,
カーディナルブーツ,足,112,129,不惑 因果 祝福,グロリアスシューズ,,,58,12,B+,light,
ユニコーンクロス,体,251,289,遠望 速攻：左 神髄,,,,63,14,B+,light,
ユニコーングローブ,手,125,144,遠望 速攻：左 神髄,アナテマグローブ,マギ,,63,14,B+,light,
ユニコーンブーツ,足,125,144,遠望 速攻：左 神髄,アナテマシューズ,オヴィンニク,,63,14,B+,light,
スカラーウプランド,体,284,326,解毒 祝福 追撃,スタークローク,エレクトラム 恐獣の大骨 竜人の鮮血 死界の妖布 魔性の血 （済ver3.03）,,68,14,B+,light,
スカラーグローブ,手,142,163,解毒 祝福 追撃,スターグローブ,,,68,14,B+,light,
スカラーブーツ,足,142,163,解毒 祝福 追撃,スターシューズ,,,68,14,B+,light,
デコラスクローク,体,318,366,封人 速攻：左 防護,ブリリアントガーブ,魔人の妖血×2 魔神の闘衣 致死の毒 上世の布 （済ver4.17）,,73,16,B+,light,
デコラスグローブ,手,159,183,封人 速攻：左 防護,ブリリアントミッツ,,,73,16,B+,light,
デコラスブーツ,足,159,183,封人 速攻：左 防護,ブリリアントブーツ,,,73,16,B+,light,
グレイスクロス,体,351,404,反魂 速攻：左 追撃,レリッククローク,タングステン 古竜の幻骨 魔人の妖血 魔神の闘衣 致死の毒,,78,16,,light,
グレイスグローブ,手,175,202,反魂 速攻：左 追撃,レリックミッツ,,,78,16,,light,
グレイスブーツ,足,175,202,反魂 速攻：左 追撃,レリックシューズ,,,78,16,,light,
ヘルサープリス,体,390,449,封亜 追撃 神髄,ベルベットクローク,鬼人の妖血×2 太古の妖布 上古の液 神奇の布 （済ver3.03）,,83,18,B+,light,
ヘルグローブ,手,195,224,封亜 追撃 神髄,ベルベットグローブ,レイス,,83,18,B+,light,
ヘルシューズ,足,195,224,封亜 追撃 神髄,ベルベットブーツ,ヴィネー,,83,18,B+,light,
プレラットクローク,体,427,491,不導 祝福 速攻：右,エミサリークローク,ガルヴォルン 古王の幻骨 鬼人の妖血 太古の妖布 上古の液 （済ver3.03）,,88,18,,light,
プレラットミッツ,手,213,245,不導 祝福 速攻：右,エミサリーグローブ,,,88,18,,light,
プレラットシューズ,足,213,245,不導 祝福 速攻：右,エミサリーシューズ,,,88,18,,light,
コロネイテドクロス,体,471,541,封竜 因果 速攻：左,カシミアクローク,死神の妖骨 武者の戎衣×2 劇毒の液 霊界の布,,93,20,B+,light,
コロネイテドミッツ,手,235,270,封竜 因果 速攻：左,カシミアグローブ,,,93,20,B+,light,
コロネイテドブーツ,足,235,270,封竜 因果 速攻：左,カシミアブーツ,,,93,20,B+,light,
フィロソファクロス,体,511,588,不惑 神髄 心眼：左,乱破上衣,死神の妖骨 巨兵の滑液 武者の戎衣×2 竜王の幻鱗,,98,20,B+,light,
フィロソファミッツ,手,205,294,不惑 神髄 心眼：左,乱破手甲,,,98,20,B+,light,
フィロソファブーツ,足,205,294,不惑 神髄 心眼：左,乱破具足,,,98,20,B+,light,
ライラッククロス,体,30,34,残心 鎮火 変換,フリースダブレット,オニキス×(2or1) 呪師の古布×2 毒性の体液 （済ver3.03）,,5,2,A,light,
ライラックグローブ,手,15,17,残心 鎮火 変換,フリースグローブ,オニキス×(2or1) 呪師の古布×2 毒性の体液 （済ver3.03）,,5,2,A,light,
ライラックシューズ,足,15,17,残心 鎮火 変換,フリースブーツ,オニキス×(2or1) 呪師の古布×2 毒性の体液 （済ver3.03）,,5,2,A,light,
シャドウクローク,体,53,60,追撃 解毒 吸命,フェザークローク,ジェーダイト×(2or1) 巨獣の堅骨×2 血染の妖布×(1or2) （済ver3.03）,,15,4,A,light,
シャドウグローブ,手,26,30,追撃 解毒 吸命,フェザーグローブ,ジェーダイト×(2or1) 巨獣の堅骨×2 血染の妖布×(1or2) （済ver3.03）,,15,4,A,light,
シャドウシューズ,足,26,30,追撃 解毒 吸命,フェザーブーツ,ジェーダイト×(2or1) 巨獣の堅骨×2 血染の妖布×(1or2) （済ver3.03）,,15,4,A,light,
ペガサスクローク,体,83,94,残心 封獣 守護,ムーンクローク,ペリドット×2 魔人の妖骨 魔界の黒布×2,,25,6,A,light,
ペガサスグローブ,手,41,47,残心 封獣 守護,ムーングローブ,ペリドット 魔人の妖骨 魔界の黒布×3,,25,6,A,light,
ペガサスブーツ,足,41,47,残心 封獣 守護,ムーンシューズ,ペリドット 魔人の妖骨 魔界の黒布×3,,25,6,A,light,
カーマインクロス,体,119,137,防護 鎮火 加撃,フェアリークロス,マラカイト×(2or1) 未知の液体×(1or2) 死霊の呪布×2 （済ver3.03）,,35,8,A,light,
カーマイングローブ,手,59,68,防護 鎮火 加撃,フェアリーグローブ,マラカイト×(2or1) 未知の液体×(1or2) 死霊の呪布×2 （済ver3.03）,,35,8,A,light,
カーマインブーツ,足,59,68,防護 鎮火 加撃,フェアリーシューズ,マラカイト×(2or1) 未知の液体×(1or2) 死霊の呪布×2 （済ver3.03）,,35,8,A,light,
ブラックサープリス,体,163,188,神髄 封霊 回生,サンクローク,トルマリン×(2or1) 死徒の頭骨×(1or2) 魔界の妖布×2 （済ver3.03）,,45,10,A,light,
ブラックグローブ,手,81,94,神髄 封霊 回生,サングローブ,トルマリン×(2or1) 死徒の頭骨×(1or2) 魔界の妖布×2 （済ver3.03）,,45,10,A,light,
ブラックシューズ,足,81,94,神髄 封霊 回生,サンシューズ,トルマリン×(2or1) 死徒の頭骨×(1or2) 魔界の妖布×2 （済ver3.03）,,45,10,A,light,
アリストクローク,体,214,248,追撃 遠望 回生 (済v4.19),グロリアスクロス,エメラルド×(2or1) 蛇獣の軟骨×(1or2) 魔界の紅布×2 (済ver4.19),,55,12,A,light,
アリストグローブ,手,107,124,追撃 遠望 回生 (済v4.19),グロリアスミッツ,エメラルド×(2or1) 蛇獣の軟骨×(1or2) 魔界の紅布×2 (済ver4.19),,55,12,A,light,
アリストブーツ,足,107,124,追撃 遠望 回生 (済v4.19),グロリアスシューズ,エメラルド×(2or1) 蛇獣の軟骨×(1or2) 魔界の紅布×2 (済ver4.19),,55,12,A,light,
ソフィストローブ,体,273,317,追撃 赦免 加撃,スタークローク,パール×(2or1) 恐獣の大骨×(1or2) 死界の妖布×2 （済ver3.03）,,65,14,A,light,
ソフィストグローブ,手,136,158,追撃 赦免 加撃,スターグローブ,パール×(2or1) 恐獣の大骨×(1or2) 死界の妖布×2 （済ver3.03）,,65,14,A,light,
ソフィストブーツ,足,136,158,追撃 赦免 加撃,スターシューズ,パール×(2or1) 恐獣の大骨×(1or2) 死界の妖布×2 （済ver3.03）,,65,14,A,light,
ケーニッヒクローク,体,345,394,速攻：右 加撃 速断,レリッククローク,王者の証 ラピスラズリ×(2or1) 古竜の幻骨 魔神の闘衣×(1or2) （済ver3.10）,,75,16,A,light,
ケーニッヒミッツ,手,172,197,速攻：右 加撃 速断,レリックミッツ,王者の証 ラピスラズリ×(2or1) 古竜の幻骨 魔神の闘衣×(1or2) （済ver3.10）,,75,16,A,light,
ケーニッヒシューズ,足,172,197,速攻：右 加撃 速断,レリックシューズ,王者の証 ラピスラズリ×(2or1) 古竜の幻骨 魔神の闘衣×(1or2) （済ver3.10）,,75,16,A,light,
プロフェットクロス,体,421,482,追撃 瞬攻：左 極意：左,エミサリークローク,王家の証 シルマリル×(2or1) 古王の幻骨 太古の妖布×(1or2) （済ver3.03）,,85,18,A,light,
プロフェットミッツ,手,210,241,追撃 瞬攻：左 極意：左,エミサリーグローブ,王家の証 シルマリル×(2or1) 古王の幻骨 太古の妖布×(1or2) （済ver3.03）,,85,18,A,light,
プロフェットブーツ,足,210,241,追撃 瞬攻：左 極意：左,エミサリーシューズ,王家の証 シルマリル×(2or1) 古王の幻骨 太古の妖布×(1or2) （済ver3.03）,,85,18,A,light,
ポウプクローク,体,507,579,祝福 極意：左 慧眼：左,乱破上衣,王家の証 アーケンストーン×2 死神の妖骨 武者の戒衣,,95,20,A,light,
ポウプミッツ,手,253,289,祝福 極意：左 慧眼：左,乱破手甲,王家の証 アーケンストーン 死神の妖骨 武者の戒衣×2,,95,20,A,light,
ポウプブーツ,足,253,289,祝福 極意：左 慧眼：左,乱破具足,王家の証 アーケンストーン 死神の妖骨 武者の戒衣×2,,95,20,A,light,
クレリッククロス,体,69,79,心眼：左 祝福 回生,シャドウクローク,聖職者の魂×2 萌黄の勲章 青褐の勲章 （済ver3.03）,聖職者の魂×2 萌黄の勲章 青褐の勲章 （済ver3.03）,20,1,A+,light,CLC
クレリックグローブ,手,34,39,心眼：左 祝福 回生,シャドウグローブ,Men+20%(上限突破),聖職者の魂×2 萌黄の勲章 青褐の勲章 （済ver3.03）,20,1,A+,light,CLC
クレリックブーツ,足,34,39,心眼：左 祝福 回生,シャドウシューズ,プリフィケイション効果回数+1,聖職者の魂×2 萌黄の勲章 青褐の勲章 （済ver3.03）,20,1,A+,light,CLC
メイジローブ,体,69,79,速攻：左 追撃 極意：右,シャドウクローク,魔道士の魂×2 萌黄の勲章 青褐の勲章,魔道士の魂×2 萌黄の勲章 青褐の勲章,20,1,A+,light,MAG
メイジグローブ,手,34,39,速攻：左 追撃 極意：右,シャドウグローブ,Int+20%(上限突破),魔道士の魂×2 萌黄の勲章 青褐の勲章,20,1,A+,light,MAG
メイジシューズ,足,34,39,速攻：左 追撃 極意：右,シャドウシューズ,マジックバースト威力+5%,魔道士の魂×2 萌黄の勲章 青褐の勲章,20,1,A+,light,MAG
エンチャンタクロス,体,69,79,追撃 速攻：左 変換,シャドウクローク,付与術士の魂×2 萌黄の勲章 青褐の勲章,付与術士の魂×2 萌黄の勲章 青褐の勲章,20,1,A+,light,ENC
エンチャンタミッツ,手,34,39,追撃 速攻：左 変換,シャドウグローブ,Con+20%(上限突破),付与術士の魂×2 萌黄の勲章 青褐の勲章,20,1,A+,light,ENC
エンチャンタブーツ,体,,,追撃 速攻：左 変換,シャドウシューズ,エンチャント全体化,付与術士の魂×2 萌黄の勲章 青褐の勲章,20,1,A+,light,ENC
レンジャーベスト,体,145,166,追撃 速攻：右 加撃,カーマインクロス,盗賊の魂 付与術士の魂 遊撃士の魂 留紺の勲章 滅紫の勲章,盗賊の魂 付与術士の魂 遊撃士の魂 留紺の勲章 滅紫の勲章,40,1,A+,light,RNG
レンジャーグローブ,手,72,83,追撃 速攻：右 加撃,カーマイングローブ,Dex/Con+10%(上限突破),盗賊の魂 付与術士の魂 遊撃士の魂 留紺の勲章 滅紫の勲章,40,1,A+,light,RNG
レンジャーブーツ,足,72,83,追撃 速攻：右 加撃,カーマインブーツ,爆弾スキルの威力+5%,盗賊の魂 付与術士の魂 遊撃士の魂 留紺の勲章 滅紫の勲章,40,1,A+,light,RNG
ウォーロッククロス,体,145,166,速攻：左 追撃 加撃,カーマインクロス,呪術士の魂 聖職者の魂 魔道士の魂 留紺の勲章 滅紫の勲章,呪術士の魂 聖職者の魂 魔道士の魂 留紺の勲章 滅紫の勲章,40,1,A+,light,WLK
ウォーロックミッツ,手,72,83,速攻：左 追撃 加撃,カーマイングローブ,Int/Men+10%(上限突破),呪術士の魂 聖職者の魂 魔道士の魂 留紺の勲章 滅紫の勲章,40,1,A+,light,WLK
ウォーロックブーツ,足,72,83,速攻：左 追撃 加撃,カーマインブーツ,リデュース消費MP-20%,呪術士の魂 聖職者の魂 魔道士の魂 留紺の勲章 滅紫の勲章,40,1,A+,light,WLK
ソーサラークロス,体,145,166,心眼：左 速攻：左 瞬攻：左,カーマインクロス,魔術士の魂 魔道士の魂 付与術士の魂 留紺の勲章 滅紫の勲章,魔術士の魂 魔道士の魂 付与術士の魂 留紺の勲章 滅紫の勲章,40,1,A+,light,SOR
ソーサラーグローブ,手,72,83,心眼：左 速攻：左 瞬攻：左,カーマイングローブ,Int/Con+10%(上限突破),魔術士の魂 魔道士の魂 付与術士の魂 留紺の勲章 滅紫の勲章,40,1,A+,light,SOR
ソーサラーシューズ,足,72,83,心眼：左 速攻：左 瞬攻：左,カーマインブーツ,キーンスペルの威力+5%,魔術士の魂 魔道士の魂 付与術士の魂 留紺の勲章 滅紫の勲章,40,1,A+,light,SOR
セイントクロス,体,254,292,速攻：左 祝福 極意：左,アリストクローク,聖人の魂 聖戦士の魂 呪術士の魂 紅緋の勲章 白群の勲章,聖人の魂 聖戦士の魂 呪術士の魂 紅緋の勲章 白群の勲章,60,1,A+,light,SNT
セイントグローブ,手,127,146,速攻：左 祝福 極意：左,アリストグローブ,ブレッシングの効果+5%,聖人の魂 聖戦士の魂 呪術士の魂 紅緋の勲章 白群の勲章,60,1,A+,light,SNT
セイントブーツ,足,127,146,速攻：左 祝福 極意：左,アリストシューズ,Men+20%(上限突破),聖人の魂 聖戦士の魂 呪術士の魂 紅緋の勲章 白群の勲章,60,1,A+,light,SNT
ウィザードローブ,体,254,292,追撃 追撃 加撃,アリストクローク,魔導士の魂 呪術士の魂 魔術士の魂 紅緋の勲章 白群の勲章 （済ver3.03）,魔導士の魂 呪術士の魂 魔術士の魂 紅緋の勲章 白群の勲章 （済ver3.03）,60,1,A+,light,WIZ
ウィザードグローブ,手,127,146,追撃 追撃 加撃,アリストグローブ,マジックシールド強度+50%,魔導士の魂 呪術士の魂 魔術士の魂 紅緋の勲章 白群の勲章 （済ver3.03）,60,1,A+,light,WIZ
ウィザードシューズ,足,127,146,追撃 追撃 加撃,アリストブーツ,Int+20%(上限突破),魔導士の魂 呪術士の魂 魔術士の魂 紅緋の勲章 白群の勲章 （済ver3.03）,60,1,A+,light,WIZ
エレメンタルクロス,体,254,292,心眼：左 速攻：左 速断,アリストクローク,精霊術士の魂 魔術士の魂 遊撃士の魂 紅緋の勲章 白群の勲章,精霊術士の魂 魔術士の魂 遊撃士の魂 紅緋の勲章 白群の勲章,60,1,A+,light,ELM
エレメンタルミッツ,手,127,146,心眼：左 速攻：左 速断,アリストグローブ,スピリットの属性値上昇+5%,精霊術士の魂 魔術士の魂 遊撃士の魂 紅緋の勲章 白群の勲章,60,1,A+,light,ELM
エレメンタルブーツ,足,127,146,心眼：左 速攻：左 速断,アリストシューズ,Con+20%(上限突破),精霊術士の魂 魔術士の魂 遊撃士の魂 紅緋の勲章 白群の勲章,60,1,A+,light,ELM
忍上衣,体,320,369,心眼：右 速攻：右 極意：左,ソフィストローブ,忍者の魂 精霊術士の魂 暗殺者の魂 碧緑の勲章 紅緋の勲章,忍者の魂 精霊術士の魂 暗殺者の魂 碧緑の勲章 紅緋の勲章,70,1,A+,light,NIN
セージローブ,体,320,369,心眼：左 追撃 瞬攻：左,ソフィストローブ,賢者の魂 聖人の魂 魔導士の魂 碧緑の勲章 紅緋の勲章,賢者の魂 聖人の魂 魔導士の魂 碧緑の勲章 紅緋の勲章,70,1,A+,light,SAG
セージグローブ,手,160,184,心眼：左 追撃 瞬攻：左,ソフィストグローブ,フィニッシング威力+5%,賢者の魂 聖人の魂 魔導士の魂 碧緑の勲章 紅緋の勲章,70,1,A+,light,SAG
セージシューズ,足,Int,Men+10%(上限突破),心眼：左 追撃 瞬攻：左,ソフィストブーツ,Int/Men+10%(上限突破),賢者の魂 聖人の魂 魔導士の魂 碧緑の勲章 紅緋の勲章,70,1,A+,light,SAG
スペルナークローク,体,320,369,追撃 速攻：左 極意：左,ソフィストローブ,魔術王の魂 魔導士の魂 精霊術士の魂 碧緑の勲章 紅緋の勲章,魔術王の魂 魔導士の魂 精霊術士の魂 碧緑の勲章 紅緋の勲章,70,1,A+,light,SPM
スペルナーグローブ,手,160,184,マジックエコーの追撃威力+5%,ソフィストグローブ,マジックエコーの追撃威力+5%,魔術王の魂 魔導士の魂 精霊術士の魂 碧緑の勲章 紅緋の勲章,70,1,A+,light,SPM
スペルナーブーツ,足,Int,Con+10%(上限突破),マジックエコーの追撃威力+5%,ソフィストブーツ,Int/Con+10%(上限突破),魔術王の魂 魔導士の魂 精霊術士の魂 碧緑の勲章 紅緋の勲章,70,1,A+,light,SPM
クロノクローク,体,395,455,心眼:左 速攻：左 極意：左,ケーニッヒクローク,時空術士の魂×2 傭兵の魂 藍白の勲章 碧緑の勲章,時空術士の魂×2 傭兵の魂 藍白の勲章 碧緑の勲章,80,1,A+,light,CRN
クロノグローブ,手,197,227,心眼:左 速攻：左 極意：左,ケーニッヒミッツ,Int+10% Con/Men+5%(上限突破),時空術士の魂×2 傭兵の魂 藍白の勲章 碧緑の勲章,80,1,A+,light,CRN
クロノブーツ,足,197,227,心眼:左 速攻：左 極意：左,ケーニッヒシューズ,カーソルスキルの威力+5%,時空術士の魂×2 傭兵の魂 藍白の勲章 碧緑の勲章,80,1,A+,light,CRN
アザレアクローク,体,64,73,心眼：左 追撃 加撃,フェザークローク,牧師の証×2 堕徒の呪布×2 蛇姫の彩鱗,,19,4,A,light,
アザレアグローブ,手,32,36,心眼：左 追撃 加撃,フェザーグローブ,牧師の証 海竜の鮮血 堕徒の呪布×2 蛇姫の彩鱗,,19,4,A,light,
アザレアシューズ,足,32,36,心眼：左 追撃 加撃,フェザーブーツ,牧師の証 海竜の鮮血 堕徒の呪布×2 蛇姫の彩鱗,,19,4,A,light,
マゼンタクローク,体,72,81,慧眼：左 速攻：左 極意：左,アザレアクローク,神父の証×2 堕徒の呪布×2 蛇姫の彩鱗,,20,4,S,light,
マゼンタグローブ,手,36,40,慧眼：左 速攻：左 極意：左,アザレアグローブ,神父の証 海竜の鮮血 堕徒の呪布×2 蛇姫の彩鱗,,20,4,S,light,
マゼンタシューズ,足,36,40,慧眼：左 速攻：左 極意：左,アザレアシューズ,神父の証 海竜の鮮血 堕徒の呪布×2 蛇姫の彩鱗,,20,4,S,light,
ファーチュニック,体,38,43,解毒 防護 守護,フリースダブレット,守人の証 魔人の翼爪×2 呪師の古布,,9,2,A,light,
ファーグローブ,手,19,21,解毒 防護 守護,フリースグローブ,守人の証 魔人の翼爪×2 呪師の古布,,9,2,A,light,
ファーシューズ,足,19,21,解毒 防護 守護,フリースブーツ,守人の証 魔人の翼爪×2 呪師の古布,,9,2,A,light,
エルヴンクローク,体,64,73,祝福 速攻：左 変換,フェザークローク,聖徒の証 魔亀の紅血 聖恩の上布×2,,19,4,A,light,
エルヴングローブ,手,32,36,祝福 速攻：左 変換,フェザーグローブ,聖徒の証 魔亀の紅血 聖恩の上布×2,,19,4,A,light,
エルヴンシューズ,足,32,36,祝福 速攻：左 変換,フェザーシューズ,聖徒の証 魔亀の紅血 聖恩の上布×2,,19,4,A,light,
オルタークロス,体,96,110,赦免 防護 回生,ムーンクローク,闘人の証 魔人の妖骨 魔界の黒布 魚人の大鱗 丈夫な布,,29,6,A,light,
オルターグローブ,手,48,55,赦免 防護 回生,ムーングローブ,闘人の証 魔人の妖骨 魔界の黒布 魚人の大鱗 丈夫な布,,29,6,A,light,
オルターシューズ,足,48,55,赦免 防護 回生,ムーンシューズ,闘人の証 魔人の妖骨 魔界の黒布 魚人の大鱗 丈夫な布,,29,6,A,light,
バイオレットクロス,体,135,156,速攻：右 追撃 変換,フェアリークロス,壮士の証 蛙王の唾液 氷王の羽衣×2,,39,8,A,light,
バイオレットミッツ,手,67,78,速攻：右 追撃 変換,フェアリーグローブ,壮士の証 蛙王の唾液 氷王の羽衣×2,,39,8,A,light,
バイオレットブーツ,足,67,78,速攻：右 追撃 変換,フェアリーシューズ,壮士の証 蛙王の唾液 氷王の羽衣×2,,39,8,A,light,
フェイスクローク,体,184,210,速攻：左 心眼：左 極意：左,サンクローク,法師の証×2 武神の闘衣×2 火獣の炎鱗,,49,10,A,light,
フェイスミッツ,手,92,105,速攻：左 心眼：左 極意：左,サングローブ,法師の証 機兵の油液 武神の闘衣×2 火獣の炎鱗,,49,10,A,light,
フェイスシューズ,足,92,105,速攻：左 心眼：左 極意：左,サンシューズ,法師の証 機兵の油液 武神の闘衣×2 火獣の炎鱗,,49,10,A,light,
ミニスタークロス,体,201,233,天眼 追撃 極意：右,フェイスクローク,大師の証×2 武神の闘衣×2 火獣の炎鱗,,50,?,?,light,
ミニスターグローブ,手,100,116,天眼 追撃 極意：右,フェイスミッツ,大師の証 機兵の油液 武神の闘衣×2 火獣の炎鱗,,50,?,?,light,
ミニスターシューズ,足,100,116,天眼 追撃 極意：右,フェイスシューズ,大師の証 機兵の油液 武神の闘衣×2 火獣の炎鱗,,50,?,?,light,
エルダークローク,体,158,183,封竜 俊敏 変換,エンジェルクロス,豪傑の証 死徒の頭骨 魔界の妖布 邪竜の大鱗,,44,10,A,light,
エルダーグローブ,手,79,91,封竜 俊敏 変換,エンジェルミッツ,豪傑の証 死徒の頭骨 魔界の妖布 邪竜の大鱗,,44,10,A,light,
エルダーブーツ,足,79,91,封竜 俊敏 変換,エンジェルブーツ,豪傑の証 死徒の頭骨 魔界の妖布 邪竜の大鱗,,44,10,A,light,
レバレンドローブ,体,184,210,防護 追撃 吸命,サンクローク,治者の証 竜人の妖血×2 武神の法衣 イシルディン,,49,10,A,light,
レバレンドグローブ,手,92,105,防護 追撃 吸命,サングローブ,治者の証 竜人の妖血×2 武神の法衣 イシルディン,,49,10,A,light,
レバレンドブーツ,足,92,105,防護 追撃 吸命,サンブーツ,治者の証 竜人の妖血×2 武神の法衣 イシルディン,,49,10,A,light,
サンダークローク,体,209,242,不導 防護 吸命,バルキークロス,偉人の証 蛇獣の軟骨 魔界の紅布 古魚の甲鱗 魅惑の液,,54,12,A,light,
サンダーグローブ,手,104,121,不導 防護 吸命,バルキーグローブ,偉人の証 蛇獣の軟骨 魔界の紅布 古魚の甲鱗 魅惑の液,,54,12,A,light,
サンダーシューズ,足,104,121,不導 防護 吸命,バルキーシューズ,偉人の証 蛇獣の軟骨 魔界の紅布 古魚の甲鱗 魅惑の液,,54,12,A,light,
グルームクローク,体,239,273,速攻：左 追撃 極意：左,グロリアスクロス,仁者の証 幻獣の大骨 魔人の黒血 魔界の幻布 エレクトラム,,59,12,A,light,
グルームグローブ,手,119,136,速攻：左 追撃 極意：左,グロリアスミッツ,仁者の証 幻獣の大骨 魔人の黒血 魔界の幻布 エレクトラム,,59,12,A,light,
グルームブーツ,足,119,136,速攻：左 追撃 極意：左,グロリアスシューズ,仁者の証 幻獣の大骨 魔人の黒血 魔界の幻布 エレクトラム,,59,12,A,light,
ミラージュローブ,体,267,310,祝福 防護 変換,,,,64,14,,light,
ミラージュグローブ,手,133,155,祝福 防護 変換,アナテマグローブ,,,64,14,,light,
ミラージュシューズ,足,133,155,祝福 防護 変換,アナテマシューズ,,,64,14,,light,
メイバンクローク,体,320,369,速攻：右 極意：右 加撃,スタークローク,風鳥座の星玉 古代の油液 神徒の聖衣×2 タングステン,,70,14,A+,light,
メイバングローブ,手,160,184,速攻：右 極意：右 加撃,スターグローブ,風鳥座の星玉 古代の油液 神徒の聖衣×2 タングステン,,70,14,A+,light,
メイバンブーツ,足,160,184,速攻：右 極意：右 加撃,スターシューズ,風鳥座の星玉 古代の油液 神徒の聖衣×2 タングステン,,70,14,A+,light,
マーシフルクロス,体,338,387,祝福 追撃 回生,ブリリアントガーブ,牛飼座の星玉 蛇姫の聖衣×2 魔人の妖血 古竜の堅鱗,,74,16,A,light,
マーシフルグローブ,手,169,193,祝福 追撃 回生,ブリリアントミッツ,牛飼座の星玉 蛇姫の聖衣×2 魔人の妖血 古竜の堅鱗,,74,16,A,light,
マーシフルブーツ,足,169,193,祝福 追撃 回生,ブリリアントブーツ,牛飼座の星玉 蛇姫の聖衣×2 魔人の妖血 古竜の堅鱗,,74,16,A,light,
伊賀上衣,体,395,455,速攻：左 極意：左 加撃,レリッククローク,山猫座の星玉 機兵の体液 蛇姫の聖衣×2 ガルヴォルン,,80,16,,light,
ディアコンクローク,体,,,祝福 回生 極意：左,マーシフルクローク,南十字座の星玉 山猫座の星玉 機兵の体液 蛇姫の聖衣 ガルヴォルン,,80,?,?,light,CLC
ディアコングローブ,手,,,祝福 回生 極意：左,マーシフルグローブ,Men+20%(上限突破),,80,?,?,light,CLC
ディアコンシューズ,足,,,祝福 回生 極意：左,マーシフルブーツ,プリフィケイション効果回数+1,,80,?,?,light,CLC
ゴエティアローブ,体,,,追撃 極意：右 加撃,マーシフルクローク,南十字座の星玉 山猫座の星玉 機兵の体液 蛇姫の聖衣 ガルヴォルン,,80,?,?,light,MAG
ゴエティアグローブ,手,,,追撃 極意：右 加撃,マーシフルグローブ,Int+20%(上限突破),,80,?,?,light,MAG
ゴエティアシューズ,足,,,追撃 極意：右 加撃,マーシフルブーツ,マジックバースト威力+5%,,80,?,?,light,MAG
エニグマクロス,体,,,速攻：左 変換 速断,マーシフルクローク,南十字座の星玉 山猫座の星玉 機兵の体液 蛇姫の聖衣 ガルヴォルン,,80,?,?,light,ENC
エニグマミッツ,手,,,速攻：左 変換 速断,マーシフルグローブ,Con+20%(上限突破),,80,?,?,light,ENC
エニグマブーツ,体,,,速攻：左 変換 速断,マーシフルブーツ,エンチャント全体化,,80,?,?,light,ENC
パトリアーククロス,体,410,475,祝福 極意：左 速断,マーシフルクローク,孔雀座の星玉 山猫座の星玉 機兵の体液 蛇姫の聖衣 ガルヴォルン,,80,16,S,light,SNT
パトリアークミッツ,手,205,237,祝福 極意：左 速断,マーシフルグローブ,ブレッシングの効果+5%,,80,16,S,light,SNT
パトリアークブーツ,足,205,237,祝福 極意：左 速断,マーシフルブーツ,Men+20%(上限突破),,80,16,S,light,SNT
マゲイアローブ,体,,,追撃 加撃 速断,マーシフルクローク,孔雀座の星玉 山猫座の星玉 機兵の体液 蛇姫の聖衣 ガルヴォルン,,80,?,?,light,WIZ
マゲイアグローブ,手,,,追撃 加撃 速断,マーシフルグローブ,マジックシールド強度+50%,,80,?,?,light,WIZ
マゲイアブーツ,足,,,追撃 加撃 速断,マーシフルブーツ,Int+20%(上限突破),,80,?,?,light,WIZ
エボカークロス,体,,,速攻：左 速断 加撃,マーシフルクローク,孔雀座の星玉 山猫座の星玉 機兵の体液 蛇姫の聖衣 ガルヴォルン,,80,?,?,light,ELM
エボカーグローブ,手,,,速攻：左 速断 加撃,マーシフルグローブ,スピリット属性値上昇+5%,,80,?,?,light,ELM
エボカーブーツ,足,,,速攻：左 速断 加撃,マーシフルブーツ,Con+20%(上限突破),,80,?,?,light,ELM
バードクローク,体,414,473,速攻：左 追撃 加撃,ベルベットクローク,鳩座の星玉 悪鬼の呪衣×2 古竜の煌鱗 鬼人の妖血,,84,?,?,light,
バードグローブ,手,207,236,速攻：左 追撃 加撃,ベルベットグローブ,鳩座の星玉 悪鬼の呪衣×2 古竜の煌鱗 鬼人の妖血,,84,?,?,light,
バードシューズ,足,207,236,速攻：左 追撃 加撃,ベルベットシューズ,鳩座の星玉 悪鬼の呪衣×2 古竜の煌鱗 鬼人の妖血,,84,?,?,light,
テュルパンクローク,体,478,551,速攻：左 瞬攻：右 守護,エミサリークローク,三角座の星玉 悪鬼の呪布×2 死徒の髄液 アボイタカラ,,90,18,A+,light,
テュルパングローブ,手,239,275,速攻：左 瞬攻：右 守護,エミサリーグローブ,三角座の星玉 悪鬼の呪布×2 死徒の髄液 アボイタカラ,,90,18,A+,light,
テュルパンシューズ,足,239,275,速攻：左 瞬攻：右 守護,エミサリーシューズ,三角座の星玉 悪鬼の呪布×2 死徒の髄液 アボイタカラ,,90,18,A+,light,
スカウトベスト,体,,,速攻：右 加撃 速断,バードクローク,琴座の星玉 三角座の星玉 死徒の髄液 悪鬼の呪布 アボイタカラ,,90,?,?,light,RNG
スカウトグローブ,手,Dex,Con+10%(上限突破),速攻：右 加撃 速断,バードグローブ,Dex/Con+10%(上限突破),,90,?,?,light,RNG
スカウトブーツ,足,Dex,Con+10%(上限突破),速攻：右 加撃 速断,バードシューズ,爆弾スキルの威力+5%,,90,?,?,light,RNG
シャーマンクロス※ver4.25:右デザイン,体,496,575,追撃 加撃 極意：左,シャーマンクロス ※ver4.25:右デザイン,496/575,,90,18,S,light,WLK
シャーマンミッツ,手,248,287,追撃 加撃 極意：左,バードグローブ,Int/Men+10%(上限突破),,90,18,S,light,WLK
シャーマンブーツ,足,248,287,追撃 加撃 極意：左,バードシューズ,リデュース消費MP-20%,,90,18,S,light,WLK
エスパークロス,体,,,速攻：左 瞬攻：左 加撃,バードクローク,琴座の星玉 三角座の星玉 死徒の髄液 悪鬼の呪布 アボイタカラ,,90,?,?,light,SOR
エスパーグローブ,手,Int,Con+10%(上限突破),速攻：左 瞬攻：左 加撃,バードグローブ,Int/Con+10%(上限突破),,90,?,?,light,SOR
エスパーシューズ,足,Int,Con+10%(上限突破),速攻：左 瞬攻：左 加撃,バードシューズ,キーンスペルの威力+5%,,90,?,?,light,SOR
戸隠上衣,体,,,速攻：右 極意：左 速断,バードクローク,蛇遣座の星玉 三角座の星玉 死徒の髄液 悪鬼の呪布 アボイタカラ,,90,?,?,light,NIN
レクルスローブ,体,496,575,追撃 瞬攻：左 極意：右,バードクローク,蛇遣座の星玉 三角座の星玉 死徒の髄液 悪鬼の呪布 アボイタカラ,,90,18,S,light,SAG
レクルスミッツ,手,248,287,追撃 瞬攻：左 極意：右,バードグローブ,フィニッシングの威力+5%,,90,18,S,light,SAG
レクルスシューズ,足,Int,Men+10%(上限突破),追撃 瞬攻：左 極意：右,バードシューズ,Int/Men+10%(上限突破),,90,18,S,light,SAG
カバリストクローク,体,496,575,速攻：左 極意：左 加撃,バードクローク,蛇遣座の星玉 三角座の星玉 死徒の髄液 悪鬼の呪布 アボイタカラ,,90,18,S,light,SPM
カバリストグローブ,手,248,287,マジックエコーの追撃威力+5%,バードグローブ,マジックエコーの追撃威力+5%,,90,18,S,light,SPM
カバリストブーツ,足,Int,Con+10%(上限突破),マジックエコーの追撃威力+5%,バードシューズ,Int/Con+10%(上限突破),,90,18,S,light,SPM
アルケミストクロス,体,498,570,心眼：左 追撃 瞬攻：左,カシミアクローク,蛇女の印章 霊妙な液 清艶な布×2 極彩の鱗,,94,20,,light,
アルケミストミッツ,手,249,285,心眼：左 追撃 瞬攻：左,カシミアグローブ,蛇女の印章 霊妙な液 清艶な布×2 極彩の鱗,,94,20,,light,
アルケミストブーツ,足,249,285,心眼：左 追撃 瞬攻：左,カシミアブーツ,蛇女の印章 霊妙な液 清艶な布×2 極彩の鱗,,94,20,,light,
ノルドールクローク,体,578,664,速攻：右 慧眼：右 極意：右,乱破上衣,悪竜の印章 アーケンストーン×2 古神の法衣 竜王の煌鱗,,100,20,,light,
ノルドールミッツ,手,289,332,速攻：右 慧眼：右 極意：右,乱破手甲,悪竜の印章 機兵の燃油 古神の法衣×2 竜王の煌鱗,,100,20,,light,
ノルドールシューズ,足,289,332,速攻：右 慧眼：右 極意：右,乱破具足,悪竜の印章 機兵の燃油 古神の法衣×2 竜王の煌鱗,,100,20,,light,
オラクルクローク,体,600,686,速攻：左 極意：左 慧眼：左,アルケミストクロス,蝿王の印章 悪竜の印章 古神の法衣 アーケンストーン×2,,100,20,S,light,CRN
オラクルグローブ,手,300,343,速攻：左 極意：左 慧眼：左,アルケミストミッツ,蝿王の印章 悪竜の印章 古神の法衣 竜王の煌鱗 アーケンストーン,,100,20,S,light,CRN
オラクルブーツ,足,300,343,速攻：左 極意：左 慧眼：左,アルケミストブーツ,カーソルスキルの威力+5%,,100,20,S,light,CRN
グレイクローク,体,22,25,神髄 追撃 加撃,,,,1,4,B+,light,
グレイミッツ,手,11,12,神髄 追撃 加撃,,,,1,4,B+,light,
グレイシューズ,足,11,12,神髄 追撃 加撃,,,,1,4,B+,light,
リーガルクローク,体,196,226,変換 追撃 加撃,グレイクローク,王者の証 古獣の氷骨 神秘の液体 金色の絹布 （済ver3.03）,,50,10,A+,light,
リーガルミッツ,体,98,113,変換 追撃 加撃,グレイミッツ,神秘の液体,,50,10,A+,light,
リーガルシューズ,足,,,変換 追撃 加撃,グレイシューズ,古獣の氷骨,,50,10,A+,light,
カイザークローク,体,320,369,加撃 速攻：左 天授,グレイクローク,帝王の証 タングステン 死竜の大骨 古代の滑液 魔界の呪布 （済ver3.03）,,70,14,A+,light,
カイザーミッツ,手,160,184,加撃 速攻：左 天授,グレイミッツ,帝王の証 タングステン 死竜の大骨 古代の滑液 魔界の呪布 （済ver3.03）,,70,14,A+,light,
カイザーシューズ,足,160,184,加撃 速攻：左 天授,グレイシューズ,帝王の証 タングステン 死竜の大骨 古代の滑液 魔界の呪布 （済ver3.03）,,70,14,A+,light,
サンタクロス,体,21,23,祝福 極意：左 天授,,,,1,1,B+,light,
サンタミッツ,手,10,11,祝福 極意：左 天授,,,,1,1,B+,light,
サンタブーツ,足,10,11,祝福 極意：左 天授,,,,1,1,B+,light,
ダークサンタクロス,体,23,25,極意：右 追撃 加撃,,,,1,1,A,light,
ダークサンタミッツ,手,11,12,極意：右 追撃 加撃,,,,1,1,A,light,
ダークサンタブーツ,足,11,12,極意：右 追撃 加撃,,,,1,1,A,light,
ルーンクローク,体,23,26,戒心 追撃 変換,,,"ダブの鍛冶屋にて各500,000ベロで購入可",1,1,A+,light,
ルーンミッツ,手,11,13,戒心 追撃 変換,,,"ダブの鍛冶屋にて各500,000ベロで購入可",1,1,A+,light,
ルーンシューズ,足,11,13,戒心 追撃 変換,,,"ダブの鍛冶屋にて各500,000ベロで購入可",1,1,A+,light,
ダスククローク,体,31,35,因果 防護 加撃,,,,5,1,A+,light,
ダスクグローブ,手,15,17,因果 防護 加撃,,,,5,1,A+,light,
ダスクシューズ,足,15,17,因果 防護 加撃,,,,5,1,A+,light,
ファントムクローク,体,54,62,神髄 速攻：左 極意：右,,,,15,3,A+,light,
ファントムグローブ,手,27,31,神髄 速攻：左 極意：右,,,,15,3,A+,light,
ファントムシューズ,足,27,31,神髄 速攻：左 極意：右,,,,15,3,A+,light,
ロタクローク,体,86,98,俊敏 追撃 吸命,,,,25,5,A+,light,
ロタグローブ,手,43,49,俊敏 追撃 吸命,,,,25,5,A+,light,
ロタシューズ,足,43,49,俊敏 追撃 吸命,,,,25,5,A+,light,
ヘレノスクローク,体,124,142,追撃 残心 守護,,,,35,7,A+,light,
ヘレノスグローブ,手,62,71,追撃 残心 守護,,,,35,7,A+,light,
ヘレノスシューズ,足,62,71,追撃 残心 守護,,,,35,7,A+,light,
ブラギクロス,体,169,195,祝福 追撃 加撃,,,,45,9,A+,light,
ブラギグローブ,手,84,97,祝福 追撃 加撃,,,,45,9,A+,light,
ブラギシューズ,足,84,97,祝福 追撃 加撃,,,,45,9,A+,light,
シヴクロス,体,223,256,追撃 追撃 吸命,,,,55,11,A+,light,
シヴグローブ,手,111,128,追撃 追撃 吸命,,,,55,11,A+,light,
シヴシューズ,足,111,128,追撃 追撃 吸命,,,,55,11,A+,light,
シグルーンクロス,体,284,327,速攻：左 追撃 変換,,,,65,13,A+,light,
シグルーングローブ,手,142,163,速攻：左 追撃 変換,,,,65,13,A+,light,
シグルーンシューズ,足,142,163,速攻：左 追撃 変換,,,,65,13,A+,light,
テミスクロス,体,358,413,俊敏 速攻：左 加撃,,,,75,15,A+,light,
テミスグローブ,手,179,206,俊敏 速攻：左 加撃,,,,75,15,A+,light,
テミスシューズ,足,179,206,俊敏 速攻：左 加撃,,,,75,15,A+,light,
レトクローク,体,438,504,追撃 速攻：右 極意：右,,,,85,17,A+,light,
レトグローブ,手,219,252,追撃 速攻：右 極意：右,,,,85,17,A+,light,
レトシューズ,足,219,252,追撃 速攻：右 極意：右,,,,85,17,A+,light,
スノトラクローク,体,526,606,速攻：左 追撃 極意：左,,,,95,19,A+,light,
スノトラミッツ,手,263,303,速攻：左 追撃 極意：左,,,,95,19,A+,light,
スノトラシューズ,足,263,303,速攻：左 追撃 極意：左,,,,95,19,A+,light,
イドゥンクロス,体,45,51,極意：左 速攻：左 加撃,ダスククローク,破血晶 聖王の証 導師の証,,10,2,SS,light,
イドゥングローブ,手,22,25,極意：左 速攻：左 加撃,ダスクグローブ,破血晶 聖王の証 導師の証,,10,2,SS,light,
イドゥンシューズ,足,22,25,極意：左 速攻：左 加撃,ダスクシューズ,破血晶 聖王の証 導師の証,,10,2,SS,light,
エリスクローク,体,,,加撃 速攻：左 極意：左,ロタクローク,破血晶 賢者の証 導師の証,,30,?,?,light,
エリスグローブ,手,,,加撃 速攻：左 極意：左,ロタグローブ,破血晶 賢者の証 導師の証,,30,?,?,light,
エリスシューズ,足,,,加撃 速攻：左 極意：左,ロタシューズ,破血晶 賢者の証 導師の証,,30,?,?,light,
クロトクローク,体,,,極意：左 追撃 回生,ヘレノスクローク,破心晶 王者の証,,40,10,S+,light,
クロトグローブ,手,,,極意：左 追撃 回生,ヘレノスグローブ,破心晶 王者の証,,40,10,S+,light,
クロトシューズ,足,,,極意：左 追撃 回生,ヘレノスシューズ,破心晶 王者の証,,40,10,S+,light,
甲賀上衣,体,216,248,極意：右 速攻：右 加撃,ブラギクロス,破心晶 賢者の証 教主の証,,50,?,?,light,
ヴィーザルクローク,体,,,極意：左 追撃 極意：右,シヴクロス,破命晶 破気晶,,60,?,?,light,
ヴィーザルグローブ,手,,,極意：左 追撃 極意：右,シヴグローブ,破命晶 破気晶,,60,?,?,light,
ヴィーザルシューズ,足,,,極意：左 追撃 極意：右,シヴシューズ,破命晶 破気晶,,60,?,?,light,
カサンドラクローク,体,352,409,速断 追撃 極意：左,シグルーンクロス,破命晶 聖王の証 教主の証,,70,?,?,light,
カサンドラグローブ,手,176,204,速断 追撃 極意：左,シグルーングローブ,破命晶 聖王の証 教主の証,,70,?,?,light,
カサンドラシューズ,足,176,204,速断 追撃 極意：左,シグルーンシューズ,破命晶 聖王の証 教主の証,,70,?,?,light,
エンペラークローク,体,,,瞬攻：右 追撃 極意：右,テミスクロス,破活晶 帝王の証,,80,16,SS,light,
エンペラーグローブ,手,220,252,瞬攻：右 追撃 極意：右,テミスグローブ,破活晶 帝王の証,,80,16,SS,light,
エンペラーシューズ,足,220,252,瞬攻：右 追撃 極意：右,テミスシューズ,破活晶 帝王の証,,80,16,SS,light,
プリーストクロス,体,,,回生 祝福 奥意,テミスクロス,破活晶 破魂晶 南十字座の星玉,,80,?,?,light,CLC
プリーストグローブ,手,,,回生 祝福 奥意,テミスグローブ,Men+20%(上限突破),,80,?,?,light,CLC
プリーストブーツ,足,,,回生 祝福 奥意,テミスシューズ,プリフィケイション効果回数+1,,80,?,?,light,CLC
メイガスローブ,体,,,極意：右 追撃 猛撃,テミスクロス,破活晶 破魂晶 南十字座の星玉,,80,?,?,light,MAG
メイガスグローブ,手,,,極意：右 追撃 猛撃,テミスグローブ,Int+20%(上限突破),,80,?,?,light,MAG
メイガスシューズ,足,,,極意：右 追撃 猛撃,テミスシューズ,マジックバースト威力+5%,,80,?,?,light,MAG
ジオマンシークロス,体,,,変換 速攻：左 瞬断,テミスクロス,破活晶 破魂晶 南十字座の星玉,,80,16,SS,light,ENC
ジオマンシーミッツ,手,,,変換 速攻：左 瞬断,テミスグローブ,Con+20%(上限突破),,80,16,SS,light,ENC
ジオマンシーブーツ,体,,,変換 速攻：左 瞬断,テミスシューズ,エンチャント全体化,,80,16,SS,light,ENC
アポスルクロス,体,,,極意：左 祝福 瞬断,テミスクロス,破活晶 破魂晶 孔雀座の星玉,,80,?,?,light,SNT
アポスルグローブ,手,,,極意：左 祝福 瞬断,テミスグローブ,ブレッシングの効果+5%,,80,?,?,light,SNT
アポスルブーツ,足,,,極意：左 祝福 瞬断,テミスシューズ,Men+20%(上限突破),,80,?,?,light,SNT
テウルギアローブ,体,,,加撃 追撃 瞬断,テミスクロス,破活晶 破魂晶 孔雀座の星玉,,80,16,SS,light,WIZ
テウルギアグローブ,手,,,加撃 追撃 瞬断,テミスグローブ,マジックシールド強度+50%,,80,16,SS,light,WIZ
テウルギアシューズ,足,,,加撃 追撃 瞬断,テミスシューズ,Int+20%(上限突破),,80,16,SS,light,WIZ
アニミストクロス,体,,,速断 速攻：左 猛撃,テミスクロス,破活晶 破魂晶 孔雀座の星玉,,80,?,?,light,ELM
アニミストグローブ,手,,,速断 速攻：左 猛撃,テミスグローブ,スピリット属性値上昇+5%,,80,?,?,light,ELM
アニミストブーツ,足,,,速断 速攻：左 猛撃,テミスシューズ,Con+20%(上限突破),,80,?,?,light,ELM
コマンドーベスト,体,,,加撃 速攻：右 瞬断,レトクローク,破活晶 破魄晶 琴座の星玉,,90,?,?,light,RNG
コマンドー？？？,手,Dex,Con+10%(上限突破),加撃 速攻：右 瞬断,レトグローブ,Dex/Con+10%(上限突破),,90,?,?,light,RNG
コマンドー？？？,足,Dex,Con+10%(上限突破),加撃 速攻：右 瞬断,レトシューズ,爆弾スキル威力+5%,,90,?,?,light,RNG
コンジュラークローク,体,,,加撃 追撃 奥意,レトクローク,破活晶 破魄晶 琴座の星玉,,90,?,?,light,WLK
コンジュラーグローブ,手,Int,Men+10%(上限突破),加撃 追撃 奥意,レトグローブ,Int/Men+10%(上限突破),,90,?,?,light,WLK
コンジュラーシューズ,足,Int,Men+10%(上限突破),加撃 追撃 奥意,レトシューズ,リデュース消費MP-20%,,90,?,?,light,WLK
マジシャンクロス,体,,,瞬攻：左 速攻：左 猛撃,レトクローク,破活晶 破魄晶 琴座の星玉,,90,?,?,light,SOR
マジシャングローブ,手,Int,Con+10%(上限突破),瞬攻：左 速攻：左 猛撃,レトグローブ,Int/Con+10%(上限突破),,90,?,?,light,SOR
マジシャンブーツ,足,Int,Con+10%(上限突破),瞬攻：左 速攻：左 猛撃,レトシューズ,キーンスペルの威力+5%,,90,?,?,light,SOR
風魔上衣,体,,,極意：左 速攻：右 瞬断,レトクローク,破活晶 破魄晶 蛇遣座の星玉,,90,?,?,light,NIN
ワイザーローブ,体,,,瞬攻：左 追撃 奥意,レトクローク,破活晶 破魄晶 蛇遣座の星玉,,90,?,?,light,SAG
ワイザーグローブ,手,,,瞬攻：左 追撃 奥意,レトグローブ,フィニッシングの威力+5%,,90,?,?,light,SAG
ワイザーグシューズ,足,Int,Men+10%(上限突破),瞬攻：左 追撃 奥意,レトシューズ,Int/Men+10%(上限突破),,90,?,?,light,SAG
エンシェントクロス,体,,,極意：左 速攻：左 猛撃,レトクローク,破活晶 破魄晶 蛇遣座の星玉,,90,?,?,light,SPM
エンシェントミッツ,手,,,マジックエコーの追撃威力+5%,レトグローブ,マジックエコーの追撃威力+5%,,90,?,?,light,SPM
エンシェントブーツ,足,Int,Con+10%(上限突破),マジックエコーの追撃威力+5%,レトシューズ,Int/Con+10%(上限突破),,90,?,?,light,SPM
エターナルクローク,体,643,736,極意：左 速攻：左 神眼,スノトラクローク,破躰晶 破念晶 環蛇の印章,,100,20,SS,light,CRN
エターナルグローブ,手,321,368,極意：左 速攻：左 神眼,スノトラミッツ,Int+10% Con/Men+5%(上限突破),,100,20,SS,light,CRN
エターナルブーツ,足,321,368,極意：左 速攻：左 神眼,スノトラシューズ,カーソルスキルの威力+5%,,100,20,SS,light,CRN
アルケインクローク,体,23,26,速攻：左 追撃 慧眼：左,,,,1,1,,light,
アルケインミッツ,手,,,速攻：左 追撃 慧眼：左,,,,1,1,,light,
アルケインシューズ,足,,,速攻：左 追撃 慧眼：左,,,,1,1,,light,
ミシカルクローク,体,,,追撃 極意：左 加撃,アルケインクローク,破生晶,,1,1,,light,
ミシカルミッツ,手,,,追撃 極意：左 加撃,アルケインミッツ,破生晶,,1,1,,light,
ミシカルシューズ,足,,,追撃 極意：左 加撃,アルケインシューズ,破生晶,,1,1,,light,
セラフィムクローク,体,,,極意：右 速攻：右 慧眼：右,ミシカルクローク,破死晶,,1,1,,light,
セラフィムミッツ,手,,,極意：右 速攻：右 慧眼：右,ミシカルミッツ,破死晶,,1,1,,light,
セラフィムシューズ,足,,,極意：右 速攻：右 慧眼：右,ミシカルシューズ,破死晶,,1,1,,light,
トワイライトクロス,体,25,28,極意：左 戒心 神授,ミシカルクローク,破死晶 神父の証,,1,1,SS,light,
トワイライトミッツ,手,,,極意：左 戒心 神授,ミシカルミッツ,破死晶 神父の証,,1,1,SS,light,
トワイライトソレア,足,,,極意：左 戒心 神授,ミシカルシューズ,破死晶 神父の証,,1,1,SS,light,
イブリースクローク,体,,,瞬攻：左 追撃 猛撃,ミシカルクローク,破死晶 宰相の証,,1,1,,light,
イブリースミッツ,手,,,瞬攻：左 追撃 猛撃,ミシカルミッツ,破死晶 宰相の証,,1,1,,light,
イブリースシューズ,足,,,瞬攻：左 追撃 猛撃,ミシカルシューズ,破死晶 宰相の証,,1,1,,light,
エミネントクローク,体,25,28,慧眼：左 速攻：左 奥意,ミシカルクローク,破死晶 大師の証,,1,1,,light,
エミネントミッツ,手,12,14,慧眼：左 速攻：左 奥意,ミシカルミッツ,破死晶 大師の証,,1,1,,light,
エミネントシューズ,足,12,14,慧眼：左 速攻：左 奥意,ミシカルシューズ,破死晶 大師の証,,1,1,,light,
ライトジャケット,体,22,22,,,,ショップにて1ベルで購入可,1,1,C,medium,
ライトブレスト,体,22,22,,,,ショップにて1ベルで購入可 大地編にて 純白の勲章 と交換可（精強の称号付）,1,1,C,medium,
レザージャケット,体,23,23,耐質 不導 残心,ライトジャケット ライトブレスト,柔かい布 上質な皮 （済ver4.25）,"ショップにて各1,029ベルで購入可 大地編にて 青藍の勲章 といずれかの部位を交換可 （強化値+3、体：精強 手：妙技 足：強力の称号付）",2,1,C,medium,
レザークローブ,手,11,11,耐質 不導 残心,,柔かい布 上質な皮 （済ver4.25）,"ショップにて各1,029ベルで購入可 大地編にて 青藍の勲章 といずれかの部位を交換可 （強化値+3、体：精強 手：妙技 足：強力の称号付）",2,1,C,medium,
レザーブーツ,足,11,11,耐質 不導 残心,,柔かい布 上質な皮 （済ver4.25）,"ショップにて各1,029ベルで購入可 大地編にて 青藍の勲章 といずれかの部位を交換可 （強化値+3、体：精強 手：妙技 足：強力の称号付）",2,1,C,medium,
チェーンベスト,体,31,31,消火 封質 追撃,レザージャケット,魔獣の厚皮 アイアン 魚人の小鱗 （済ver3.03）,大地編にて 真紅の勲章 といずれかの部位を交換可 （強化値+3、体：精強 手：妙技 足：強力の称号付）,7,2,C,medium,
チェーングローブ,手,15,15,消火 封質 追撃,レザーグローブ,マッドゴーレム,大地編にて 真紅の勲章 といずれかの部位を交換可 （強化値+3、体：精強 手：妙技 足：強力の称号付）,7,2,C,medium,
チェーンブーツ,足,15,15,消火 封質 追撃,レザーブーツ,,大地編にて 真紅の勲章 といずれかの部位を交換可 （強化値+3、体：精強 手：妙技 足：強力の称号付）,7,2,C,medium,
ローズジャケット,体,42,42,消毒 封獣 俊敏,チェーンベスト,硬質の殻 丈夫な布 （済ver3.03）,"ショップにて各14,739ベルで購入可 大地編にて 紫黒の勲章 といずれかの部位を交換可 （強化値+3、体：精強 手：妙技 足：強力の称号付）",12,3,C,medium,
ローズグローブ,手,21,21,消毒 封獣 俊敏,チェーングローブ,,"ショップにて各14,739ベルで購入可 大地編にて 紫黒の勲章 といずれかの部位を交換可 （強化値+3、体：精強 手：妙技 足：強力の称号付）",12,3,C,medium,
ローズブーツ,足,21,21,消毒 封獣 俊敏,チェーンブーツ,,"ショップにて各14,739ベルで購入可 大地編にて 紫黒の勲章 といずれかの部位を交換可 （強化値+3、体：精強 手：妙技 足：強力の称号付）",12,3,C,medium,
シルバーベスト,体,53,53,耐霊 封霊 防護,ローズジャケット,鳥獣の毛皮 血染の妖布 シルバー 魔獣の翼 （済ver3.03）,大地編にて 青鈍の勲章 といずれかの部位を交換可 （強化値+3、体：精強 手：妙技 足：強力の称号付）,17,4,C,medium,
シルバーグローブ,手,26,26,耐霊 封霊 防護,ローズグローブ,,大地編にて 青鈍の勲章 といずれかの部位を交換可 （強化値+3、体：精強 手：妙技 足：強力の称号付）,17,4,C,medium,
シルバーブーツ,足,26,26,耐霊 封霊 防護,ローズブーツ,,大地編にて 青鈍の勲章 といずれかの部位を交換可 （強化値+3、体：精強 手：妙技 足：強力の称号付）,17,4,C,medium,
エナジーブレスト,体,66,66,半導 反動 因果,シルバーベスト,獣人の皮 繊細な布 硬質の殻 丈夫な布 （済ver3.03）,"ショップにて各59,049ベルで購入可 大地編にて 白緑の勲章 といずれかの部位を交換可 （強化値+3、体：精強 手：妙技 足：強力の称号付）",22,5,C,medium,
エナジーグローブ,手,33,33,半導 反動 因果,シルバーグローブ,サハギンエリート,"ショップにて各59,049ベルで購入可 大地編にて 白緑の勲章 といずれかの部位を交換可 （強化値+3、体：精強 手：妙技 足：強力の称号付）",22,5,C,medium,
エナジーブーツ,足,33,33,半導 反動 因果,シルバーブーツ,マッドボーン,"ショップにて各59,049ベルで購入可 大地編にて 白緑の勲章 といずれかの部位を交換可 （強化値+3、体：精強 手：妙技 足：強力の称号付）",22,5,C,medium,
レッドアクトン,体,80,80,耐人 鎮火 追撃,エナジーブレスト,太古の樹皮 魔界の黒布 プラチナ 鳥獣の毛皮 （済ver3.03）,大地編にて 真朱の勲章 といずれかの部位を交換可 （強化値+3、体：精強 手：妙技 足：強力の称号付）,27,6,C,medium,
レッドバングル,手,40,40,耐人 鎮火 追撃,エナジーグローブ,,大地編にて 真朱の勲章 といずれかの部位を交換可 （強化値+3、体：精強 手：妙技 足：強力の称号付）,27,6,C,medium,
レッドブーツ,足,40,40,耐人 鎮火 追撃,エナジーブーツ,,大地編にて 真朱の勲章 といずれかの部位を交換可 （強化値+3、体：精強 手：妙技 足：強力の称号付）,27,6,C,medium,
サバイバルベスト,体,97,97,耐獣 解毒 隠密,レッドアクトン,猛獣の皮 高級な布 獣人の皮 丈夫な布 （済ver3.03）,"ショップにて各151,959ベルで購入可 大地編にて 紺碧の勲章 といずれかの部位を交換可 （強化値+3、体：精強 手：妙技 足：強力の称号付）",32,7,C,medium,
サバイバルグローブ,手,48,48,耐獣 解毒 隠密,レッドバングル,,"ショップにて各151,959ベルで購入可 大地編にて 紺碧の勲章 といずれかの部位を交換可 （強化値+3、体：精強 手：妙技 足：強力の称号付）",32,7,C,medium,
サバイバルブーツ,足,48,48,耐獣 解毒 隠密,レッドブーツ,,"ショップにて各151,959ベルで購入可 大地編にて 紺碧の勲章 といずれかの部位を交換可 （強化値+3、体：精強 手：妙技 足：強力の称号付）",32,7,C,medium,
ミスリルベスト,体,114,114,還魂 封竜 防護,サバイバルベスト,魔竜の堅皮 死霊の呪布 混沌の牙 太古の樹皮 （済ver3.03）,大地編にて 月白の勲章 といずれかの部位を交換可 （強化値+3、体：精強 手：妙技 足：強力の称号付）,37,8,C,medium,
ミスリルグローブ,手,57,57,還魂 封竜 防護,サバイバルグローブ,,大地編にて 月白の勲章 といずれかの部位を交換可 （強化値+3、体：精強 手：妙技 足：強力の称号付）,37,8,C,medium,
ミスリルブーツ,足,57,57,還魂 封竜 防護,サバイバルブーツ,,大地編にて 月白の勲章 といずれかの部位を交換可 （強化値+3、体：精強 手：妙技 足：強力の称号付）,37,8,C,medium,
アデプトブレスト,体,134,134,耐亜 反動 残心,ミスリルベスト,野獣の皮 死界の布 猛獣の皮 高級な布 （済ver3.03）,"ショップにて各311,469ベルで購入可 大地編にて 藤黄の勲章 といずれかの部位を交換可 （強化値+3、体：精強 手：妙技 足：強力の称号付）",42,9,C,medium,
アデプトグローブ,手,67,67,耐亜 反動 残心,ミスリルグローブ,,"ショップにて各311,469ベルで購入可 大地編にて 藤黄の勲章 といずれかの部位を交換可 （強化値+3、体：精強 手：妙技 足：強力の称号付）",42,9,C,medium,
アデプトブーツ,足,67,67,耐亜 反動 残心,ミスリルブーツ,,"ショップにて各311,469ベルで購入可 大地編にて 藤黄の勲章 といずれかの部位を交換可 （強化値+3、体：精強 手：妙技 足：強力の称号付）",42,9,C,medium,
ウォーキュイラス,体,154,154,反発 封人 追撃,アデプトブレスト,聖獣の上皮 魔界の妖布 ダマスカス 魔竜の堅皮 （済ver3.03）,大地編にて 鉄黒の勲章 といずれかの部位を交換可 （強化値+3、体：精強 手：妙技 足：強力の称号付）,47,10,C,medium,
ウォーグローブ,手,77,77,反発 封人 追撃,アデプトグローブ,シールドドラゴン,大地編にて 鉄黒の勲章 といずれかの部位を交換可 （強化値+3、体：精強 手：妙技 足：強力の称号付）,47,10,C,medium,
ウォーブーツ,足,77,77,反発 封人 追撃,アデプトブーツ,ツチグモ,大地編にて 鉄黒の勲章 といずれかの部位を交換可 （強化値+3、体：精強 手：妙技 足：強力の称号付）,47,10,C,medium,
ブリガンダイン,体,178,178,耐獣 解毒 俊敏,ウォーキュイラス,狂獣の皮 透明な布 野獣の皮 死界の布 （済ver3.03）,"ショップにて各555,579ベルで購入可",52,11,C,medium,
グレイヴグラスプ,手,89,89,耐獣 解毒 俊敏,ウォーグローブ,,"ショップにて各555,579ベルで購入可",52,11,C,medium,
グレイヴブーツ,足,89,89,耐獣 解毒 俊敏,ウォーブーツ,,"ショップにて各555,579ベルで購入可",52,11,C,medium,
グロリアスブレスト,体,201,201,不動 封人 追撃,,,,57,12,C,medium,
グロリアスグローブ,手,100,100,不動 封人 追撃,,,,57,12,C,medium,
グロリアスブーツ,足,100,100,不動 封人 追撃,グレイヴブーツ,,,57,12,C,medium,
アサルトホバーク,体,229,229,耐人 解氷 防護,グロリアスブレスト,凶獣の皮 古代の布 狂獣の皮 聖獣の上皮 （済ver3.03）,"ショップにて各902,289ベルで購入可",62,13,C,medium,
アサルトバングル,手,114,114,耐人 解氷 防護,グロリアスグローブ,,"ショップにて各902,289ベルで購入可",62,13,C,medium,
アサルトブーツ,足,114,114,耐人 解氷 防護,グロリアスブーツ,,"ショップにて各902,289ベルで購入可",62,13,C,medium,
アダマンベスト,体,255,255,還魂 封亜 隠密,アサルトホバーク,奇顔の堅殻 死界の妖布 アダマンタイト 冥界の樹皮 （済ver3.03）,,67,14,C,medium,
アダマングローブ,手,133,133,還魂 封亜 隠密,アサルトバングル,ヘルハウンド,,67,14,C,medium,
アダマンブーツ,足,133,133,還魂 封亜 隠密,アサルトブーツ,グレムリン,,67,14,C,medium,
アストラルブレスト,体,287,287,消毒 封竜 追撃,アダマンベスト,魔獣の殻 上世の布 凶獣の皮×2 （済ver3.03）,"ショップにて各1,369,599ベルで購入可",72,15,C,medium,
アストラルグローブ,手,143,143,消毒 封竜 追撃,アダマングローブ,,"ショップにて各1,369,599ベルで購入可",72,15,C,medium,
アストラルブーツ,足,143,143,消毒 封竜 追撃,アダマンブーツ,,"ショップにて各1,369,599ベルで購入可",72,15,C,medium,
レリックブレスト,体,316,316,耐獣 不導 俊敏,アストラルブレスト,冥獣の毛皮 魔神の闘衣 オリハルコン 上世の布 （済ver4.17）,,77,16,C,medium,
レリックグローブ,手,158,158,耐獣 不導 俊敏,アストラルグローブ,,,77,16,C,medium,
レリックブーツ,足,158,158,耐獣 不導 俊敏,アストラルブーツ,,,77,16,C,medium,
バウンサーベスト,体,352,352,耐霊 不惑 因果,レリックブレスト,古獣の皮 神奇の布 魔獣の殻 上世の布 （済ver3.03）,"ショップにて各1,975,509ベルで購入可",82,17,C,medium,
バウンサーグローブ,手,176,176,耐霊 不惑 因果,レリックグローブ,,"ショップにて各1,975,509ベルで購入可",82,17,C,medium,
バウンサーブーツ,足,176,176,耐霊 不惑 因果,レリックブーツ,,"ショップにて各1,975,509ベルで購入可",82,17,C,medium,
カウントベスト,体,385,385,還魂 封質 防護,バウンサーベスト,妖馬の毛皮 太古の妖布 ヒヒイロカネ 古獣の皮 （済ver3.03）,,87,18,C,medium,
カウントグローブ,手,192,192,還魂 封質 防護,バウンサーグローブ,,,87,18,C,medium,
カウントブーツ,足,192,192,還魂 封質 防護,バウンサーブーツ,ボロファグス,,87,18,C,medium,
デスペラードベスト,体,426,426,耐霊 不惑 因果,カウントベスト,剛猛な皮 霊界の布 古獣の皮 神奇の布,"ショップにて各2,738,019ベルで購入可",92,19,C,medium,
デスペラードハンド,手,213,213,耐霊 不惑 因果,カウントグローブ,,"ショップにて各2,738,019ベルで購入可",92,19,C,medium,
デスペラードブーツ,足,213,213,耐霊 不惑 因果,カウントブーツ,,"ショップにて各2,738,019ベルで購入可",92,19,C,medium,
ドレイクブレスト,体,462,462,還魂 封質 防護,デスペラードベスト,恐竜の堅皮 武者の戎衣 アミアントゥス アレキサンドライト,,97,20,C,medium,
ドレイクグローブ,手,231,231,還魂 封質 防護,デスペラードハンド,,,97,20,C,medium,
ドレイクブーツ,足,231,231,還魂 封質 防護,デスペラードブーツ,,,97,20,C,medium,
スターディベスト,体,27,27,鎮火 俊敏 残心,レザージャケット,魔人の翼爪 魔獣の厚皮 呪師の古布 （済ver3.03）,,3,2,B+,medium,
スターディグローブ,手,13,13,鎮火 俊敏 残心,レザーグローブ,,,3,2,B+,medium,
スターディブーツ,足,13,13,鎮火 俊敏 残心,レザーブーツ,,,3,2,B+,medium,
ハードチェーン,体,37,37,鎮火 因果 防護,チェーンベスト,魔獣の大牙 魔人の翼爪 アイアン 魚人の小鱗 （済ver3.03）,,8,2,B+,medium,
ハードグローブ,手,18,18,鎮火 因果 防護,チェーングローブ,,,8,2,B+,medium,
ハードブーツ,足,18,18,鎮火 因果 防護,チェーンブーツ,,,8,2,B+,medium,
ブルーアクトン,体,49,49,解氷 戒心 追撃,ローズジャケット,魔竜の大爪 血染の妖布 巨獣の幻角 （済ver3.03）,,13,4,B+,medium,
ブルーバングル,手,24,24,解氷 戒心 追撃,ローズグローブ,ゲンブ,,13,4,B+,medium,
ブルーブーツ,足,24,24,解氷 戒心 追撃,ローズブーツ,タキシム,,13,4,B+,medium,
トレジャーベスト,体,63,63,解毒 戒心 俊敏,シルバーベスト,鳥獣の毛皮 血染の妖布 巨獣の幻角 丈夫な布 （済ver3.03）,,18,4,B+,medium,
トレジャーグローブ,手,31,31,解毒 戒心 俊敏,シルバーグローブ,,,18,4,B+,medium,
トレジャーブーツ,足,31,31,解毒 戒心 俊敏,シルバーブーツ,,,18,4,B+,medium,
フォースブレスト,体,79,79,耐獣 防護 追撃,エナジーブレスト,魔獣の鋭爪 太古の樹皮 魔界の黒布 鳥獣の毛皮 血染の妖布 （済ver3.03）,,23,6,B+,medium,
フォースグローブ,手,39,39,耐獣 防護 追撃,エナジーグローブ,,,23,6,B+,medium,
フォースブーツ,足,39,39,耐獣 防護 追撃,エナジーブーツ,,,23,6,B+,medium,
バンデットベスト,体,96,96,不導 追撃 追撃,レッドアクトン,魔竜の大牙 太古の樹皮 魔界の黒布 猛毒の牙×2 （済ver3.03）,,28,6,B+,medium,
バンデットグローブ,手,48,48,不導 追撃 追撃,レッドバングル,,,28,6,B+,medium,
バンデットブーツ,足,48,48,不導 追撃 追撃,レッドブーツ,,,28,6,B+,medium,
オラクルブレスト,体,116,116,解毒 神髄 因果,サバイバルベスト,魔竜の堅皮 死霊の呪布 魔竜の剛鱗 魚人の大鱗×2 （済ver3.03）,,33,8,B+,medium,
オラクルグローブ,手,58,58,解毒 神髄 因果,サバイバルグローブ,,,33,8,B+,medium,
オラクルブーツ,足,58,58,解毒 神髄 因果,サバイバルブーツ,ナムタル,,33,8,B+,medium,
キラージャケット,体,136,136,反魂 隠密 追撃,ミスリルベスト,妖魔の黒翼 魔竜の堅皮 死霊の呪布 混沌の牙 死人の爪 （済ver3.03）,,38,8,B+,medium,
キラーグローブ,手,68,68,反魂 隠密 追撃,ミスリルグローブ,M-6,,38,8,B+,medium,
キラーブーツ,足,68,68,反魂 隠密 追撃,ミスリルブーツ,,,38,8,B+,medium,
スパークブレスト,体,160,160,不導 因果 追撃,アデプトブレスト,獣人の剛爪 聖獣の上皮 魔界の妖布 魔竜の堅皮 死霊の呪布 （済ver3.03）,,43,10,B+,medium,
スパークグローブ,手,80,80,不導 因果 追撃,アデプトグローブ,,,43,10,B+,medium,
スパークブーツ,足,80,80,不導 因果 追撃,アデプトブーツ,,,43,10,B+,medium,
ワンダーベスト,体,184,184,封霊 追撃 残心,ウォーキュイラス,邪竜の鋼牙 聖獣の上皮 魔界の妖布 醜悪な牙×2 （済ver3.03）,,48,10,B+,medium,
ワンダーグローブ,手,92,92,封霊 追撃 残心,ウォーグローブ,,,48,10,B+,medium,
ワンダーブーツ,足,92,92,封霊 追撃 残心,ウォーブーツ,,,48,10,B+,medium,
ブラックアクトン,体,212,212,不導 因果 追撃,,,,53,12,B+,medium,
ブラックバングル,手,106,106,不導 因果 追撃,,,,53,12,B+,medium,
ブラックブーツ,足,106,106,不導 因果 追撃,グレイヴブーツ,センキ,,53,12,B+,medium,
ルミナスブレスト,体,239,239,反魂 残心 追撃,グロリアスブレスト,イシルディン 奇獣の妖牙 冥界の樹皮 魔界の紅布 腐臭の牙 （済ver3.03）,,58,12,B+,medium,
ルミナスグローブ,手,119,119,反魂 残心 追撃,グロリアスグローブ,,,58,12,B+,medium,
ルミナスブーツ,足,119,119,反魂 残心 追撃,グロリアスブーツ,,,58,12,B+,medium,
バッカニアベスト,体,272,272,反動 祝福 追撃,アサルトホバーク,水竜の鋭爪 奇顔の堅殻 死界の妖布 冥界の樹皮 魔界の紅布 （済ver3.03）,,63,14,B+,medium,
バッカニアグローブ,手,136,136,反動 祝福 追撃,アサルトバングル,,,63,14,B+,medium,
バッカニアブーツ,足,136,136,反動 祝福 追撃,アサルトブーツ,,,63,14,B+,medium,
アービターベスト,体,303,303,封亜 残心 追撃,アダマンベスト,エレクトラム 獣人の鋼牙 奇顔の堅殻 死界の妖布 破滅の牙 （済ver3.03）,,68,14,B+,medium,
アービターグローブ,手,151,151,封亜 残心 追撃,アダマングローブ,,,68,14,B+,medium,
アービターブーツ,足,151,151,封亜 残心 追撃,アダマンブーツ,,,68,14,B+,medium,
アルミナブレスト,体,340,340,解毒 追撃 残心,アストラルブレスト,魔虫の毒爪 冥獣の毛皮 魔神の闘衣 魔獣の殻 上世の布 （済ver3.03）,,73,16,B+,medium,
アルミナグローブ,手,170,170,解毒 追撃 残心,アストラルグローブ,アナンシ,,73,16,B+,medium,
アルミナブーツ,足,170,170,解毒 追撃 残心,アストラルブーツ,クエレブレ,,73,16,B+,medium,
ディノブレスト,体,316,316,鎮火 因果 追撃,レリックブレスト,タングステン 鳥人の鋭嘴 冥獣の毛皮 魔神の闘衣 禍因の牙 （済ver3.03）,,78,16,B+,medium,
ディノグローブ,手,158,158,鎮火 因果 追撃,レリックグローブ,,,78,16,B+,medium,
ディノブーツ,足,158,158,鎮火 因果 追撃,レリックブーツ,,,78,16,B+,medium,
クリムゾンタバード,体,417,417,封質 残心 追撃,バウンサーベスト,魔王の妖爪 妖馬の毛皮 太古の妖布 古獣の皮 神奇の布 （済ver4.17）,,83,18,B+,medium,
クリムゾングローブ,手,208,208,封質 残心 追撃,バウンサーグローブ,,,83,18,B+,medium,
クリムゾンブーツ,足,208,208,封質 残心 追撃,バウンサーブーツ,,,83,18,B+,medium,
アルーリングベスト,体,462,462,解氷 追撃 防護,カウントベスト,ガルヴォルン 狼王の鋭牙 妖馬の毛皮 太古の妖布 根絶の牙 （済ver3.03）,,88,18,B+,medium,
アルーリングミッツ,手,231,231,解氷 追撃 防護,カウントグローブ,,,88,18,B+,medium,
アルーリングブーツ,足,231,231,解氷 追撃 防護,カウントブーツ,,,88,18,B+,medium,
ベイグラントベスト,体,503,503,封人 戒心 追撃,デスペラードベスト,恐竜の堅皮 武者の戎衣 竜王の幻鱗 剛猛な皮 霊界の布,,93,20,B+,medium,
ベイグラントミッツ,手,251,251,封人 戒心 追撃,デスペラードハンド,M-496,,93,20,B+,medium,
ベイグラントブーツ,足,251,251,封人 戒心 追撃,デスペラードブーツ,,,93,20,B+,medium,
ハリヤーベスト,体,553,553,反魂 神髄 心眼：右,ドレイクブレスト,竜王の猛牙 恐竜の堅皮 死神の妖骨 武者の戎衣 竜王の幻鱗,,98,20,B+,medium,
ハリヤーミッツ,手,276,276,反魂 神髄 心眼：右,ドレイクグローブ,,,98,20,B+,medium,
ハリヤーブーツ,足,276,276,反魂 神髄 心眼：右,ドレイクブーツ,,,98,20,B+,medium,
ブロンズベスト,体,32,32,防護 封質 加撃,チェーンベスト,ブロンズ オニキス 呪師の古布,,5,2,A,medium,
ブロンズグローブ,手,16,16,防護 封質 加撃,チェーングローブ,オニキス 呪師の古布×2,,5,2,A,medium,
ブロンズブーツ,足,16,16,防護 封質 加撃,チェーンブーツ,ブロンズ 呪師の古布×2,,5,2,A,medium,
バーミリオンベスト,体,56,56,残心 鎮火 変換,シルバーベスト,ティン ジェーダイト 鳥獣の毛皮,,15,4,A,medium,
バーミリオンミッツ,手,28,28,残心 鎮火 変換,シルバーグローブ,ジェーダイト 鳥獣の毛皮×2,,15,4,A,medium,
バーミリオンブーツ,足,28,28,残心 鎮火 変換,シルバーブーツ,ティン 鳥獣の毛皮×2,,15,4,A,medium,
ギャラントベスト,体,89,89,俊敏 封人 守護,レッドアクトン,ゴールド ペリドット 太古の樹皮,,25,6,A,medium,
ギャラントグローブ,手,44,44,俊敏 封人 守護,レッドバングル,ペリドット 太古の樹皮×2,,25,6,A,medium,
ギャラントブーツ,足,44,44,俊敏 封人 守護,レッドブーツ,ゴールド 太古の樹皮×2,,25,6,A,medium,
スパーブブレスト,体,128,128,防護 封霊 回生,ミスリルベスト,イシルディン マラカイト 魔竜の堅皮×2,,35,8,A,medium,
スパーブグローブ,手,64,64,防護 封霊 回生,ミスリルグローブ,マラカイト 魔竜の堅皮×3,,35,8,A,medium,
スパーブブーツ,足,64,64,防護 封霊 回生,ミスリルブーツ,イシルディン 魔竜の堅皮×3,,35,8,A,medium,
クロスキュイラス,体,176,176,祝福 封竜 守護,ウォーキュイラス,モリブデン トルマリン 獣人の剛爪,,45,10,A,medium,
クロスグローブ,手,88,88,祝福 封竜 守護,ウォーグローブ,トルマリン 獣人の剛爪×2,,45,10,A,medium,
クロスブーツ,足,88,88,祝福 封竜 守護,ウォーブーツ,モリブデン 獣人の剛爪×2,,45,10,A,medium,
ブルータルブレスト,体,231,231,追撃 封獣 吸命,グロリアスブレスト,エレクトラム エメラルド 堅亀の猛爪,,55,12,A,medium,
ブルータルグローブ,手,115,115,追撃 封獣 吸命,グロリアスグローブ,エメラルド 堅亀の猛爪×2,,55,12,A,medium,
ブルータルブーツ,足,115,115,追撃 封獣 吸命,グロリアスブーツ,エレクトラム 堅亀の猛爪×2,,55,12,A,medium,
オナーキュイラス,体,295,295,追撃 封質 回生,アダマンベスト,タングステン パール 水竜の鋭爪,,65,14,A,medium,
オナーグローブ,手,147,147,追撃 封質 回生,アダマングローブ,パール 水竜の鋭爪×2,,65,14,A,medium,
オナーブーツ,足,147,147,追撃 封質 回生,アダマンブーツ,タングステン 水竜の鋭爪×2,,65,14,A,medium,
ケーニッヒブレスト,体,367,367,祝福 加撃 速断,レリックブレスト,ガルヴォルン ラピスラズリ,,75,16,A,medium,
ケーニッヒグローブ,手,183,183,祝福 加撃 速断,レリックブローブ,ラピスラズリ 魔虫の毒爪,,75,16,A,medium,
ケーニッヒブーツ,足,183,183,祝福 加撃 速断,レリックブーツ,ガルヴォルン 魔虫の毒爪,,75,16,A,medium,
マジェスティベスト,体,454,454,追撃 加撃 守護,カウントベスト,アボイタカラ シルマリル,,85,18,A,medium,
マジェスティミッツ,手,227,227,追撃 加撃 守護,カウントグローブ,シルマリル 太古の妖布,,85,18,A,medium,
マジェスティブーツ,足,227,227,追撃 加撃 守護,カウントブーツ,アボイタカラ 太古の妖布,,85,18,A,medium,
チェイサーベスト,体,546,546,祝福 速断 天眼,ドレイクブレスト,アーケンストーン トラペゾヘドロン 武者の戒衣,,95,20,A,medium,
チェイサーミッツ,手,273,273,祝福 速断 天眼,ドレイクグローブ,アーケンストーン 武者の戒衣×2,,95,20,A,medium,
チェイサーブーツ,足,273,273,祝福 速断 天眼,ドレイクブーツ,トラペゾヘドロン 武者の戒衣×2,,95,20,A,medium,
ソルジャーベスト,体,74,74,速攻：右 追撃 極意：右,バーミリオンベスト,戦士の魂×2 萌黄の勲章 青褐の勲章,戦士の魂×2 萌黄の勲章 青褐の勲章,20,1,A+,medium,SOL
ソルジャーグローブ,手,37,37,速攻：右 追撃 極意：右,バーミリオンミッツ,Str/Dex/Int/Con+5%(上限突破),戦士の魂×2 萌黄の勲章 青褐の勲章,20,1,A+,medium,SOL
ソルジャーブーツ,足,37,37,速攻：右 追撃 極意：右,バーミリオンブーツ,フェイタルショックの威力+5%,戦士の魂×2 萌黄の勲章 青褐の勲章,20,1,A+,medium,SOL
シーフベスト,体,74,74,速攻：右 俊敏 極意：右,バーミリオンベスト,盗賊の魂×2 萌黄の勲章 青褐の勲章,盗賊の魂×2 萌黄の勲章 青褐の勲章,20,1,A+,medium,THF
シーフグローブ,手,37,37,速攻：右 俊敏 極意：右,バーミリオンミッツ,Dex+20%(上限突破),盗賊の魂×2 萌黄の勲章 青褐の勲章,20,1,A+,medium,THF
シーフブーツ,足,37,37,速攻：右 俊敏 極意：右,バーミリオンブーツ,スピードドライブ時間+50%,盗賊の魂×2 萌黄の勲章 青褐の勲章,20,1,A+,medium,THF
ブレイブブレスト,体,156,156,追撃 祝福 極意：左,スパーブブレスト,勇者の魂 戦士の魂×2 留紺の勲章 滅紫の勲章,勇者の魂 戦士の魂×2 留紺の勲章 滅紫の勲章,40,1,A+,medium,BRV
ブレイブグローブ,手,78,78,追撃 祝福 極意：左,スパーブグローブ,リバイタル範囲拡大,勇者の魂 戦士の魂×2 留紺の勲章 滅紫の勲章,40,1,A+,medium,BRV
ブレイブブーツ,足,78,78,追撃 祝福 極意：左,スパーブブーツ,Str/Dex/Int/Con+5%(上限突破),勇者の魂 戦士の魂×2 留紺の勲章 滅紫の勲章,40,1,A+,medium,BRV
センチュリオガード,体,156,156,追撃 速攻：右 極意：右,スパーブブレスト,百人隊長の魂 戦士の魂×2 留紺の勲章 滅紫の勲章,百人隊長の魂 戦士の魂×2 留紺の勲章 滅紫の勲章,40,1,A+,medium,CEN
センチュリオミッツ,手,78,78,追撃 速攻：右 極意：右,スパーブグローブ,アンチ広域化,百人隊長の魂 戦士の魂×2 留紺の勲章 滅紫の勲章,40,1,A+,medium,CEN
センチュリオブーツ,足,78,78,追撃 速攻：右 極意：右,スパーブブーツ,Str/Dex/Int/Con+5%(上限突破),百人隊長の魂 戦士の魂×2 留紺の勲章 滅紫の勲章,40,1,A+,medium,CEN
フェンサーブレスト,体,156,156,心眼：右 速攻：右 瞬攻：右,スパーブブレスト,剣士の魂 盗賊の魂 重戦士の魂 留紺の勲章 滅紫の勲章,剣士の魂 盗賊の魂 重戦士の魂 留紺の勲章 滅紫の勲章,40,1,A+,medium,FNC
フェンサーグローブ,手,78,78,心眼：右 速攻：右 瞬攻：右,スパーブグローブ,Str/Dex+10%(上限突破),剣士の魂 盗賊の魂 重戦士の魂 留紺の勲章 滅紫の勲章,40,1,A+,medium,FNC
フェンサーブーツ,足,78,78,心眼：右 速攻：右 瞬攻：右,スパーブブーツ,イフィシェントブレイク消費MP-20%,剣士の魂 盗賊の魂 重戦士の魂 留紺の勲章 滅紫の勲章,40,1,A+,medium,FNC
ロードブレスト,体,273,273,心眼：右 追撃 加撃,ブルータルブレスト,君主の魂 勇者の魂×2 紅緋の勲章 白群の勲章,君主の魂 勇者の魂×2 紅緋の勲章 白群の勲章,60,1,A+,medium,LOR
ロードグローブ,手,136,136,心眼：右 追撃 加撃,ブルータルグローブ,ウェイクアップ時ゲージ消費-10%,君主の魂 勇者の魂×2 紅緋の勲章 白群の勲章,60,1,A+,medium,LOR
ロードブーツ,足,136,136,心眼：右 追撃 加撃,ブルータルブーツ,Str/Dex/Int/Con+5%(上限突破),君主の魂 勇者の魂×2 紅緋の勲章 白群の勲章,60,1,A+,medium,LOR
コンカラーベスト,体,273,273,速攻：右 追撃 天眼,ブルータルブレスト,征服者の魂 勇者の魂×2 紅緋の勲章 白群の勲章,征服者の魂 勇者の魂×2 紅緋の勲章 白群の勲章,60,1,A+,medium,CNQ
コンカラーグローブ,手,136,136,速攻：右 追撃 天眼,ブルータルグローブ,ブロウビートの効果上昇,征服者の魂 勇者の魂×2 紅緋の勲章 白群の勲章,60,1,A+,medium,CNQ
コンカラーブーツ,足,Str,Int+15%(上限突破),速攻：右 追撃 天眼,ブルータルブーツ,Str/Int+15%(上限突破),征服者の魂 勇者の魂×2 紅緋の勲章 白群の勲章,60,1,A+,medium,CNQ
アサシンブレスト,体,273,273,追撃 俊敏 速断,ブルータルブレスト,暗殺者の魂 遊撃士の魂 剣士の魂 紅緋の勲章 白群の勲章,暗殺者の魂 遊撃士の魂 剣士の魂 紅緋の勲章 白群の勲章,60,1,A+,medium,ASN
アサシングローブ,手,136,136,追撃 俊敏 速断,ブルータルグローブ,未感知の敵へのダメージ+10%,暗殺者の魂 遊撃士の魂 剣士の魂 紅緋の勲章 白群の勲章,60,1,A+,medium,ASN
アサシンブーツ,足,136,136,追撃 俊敏 速断,ブルータルブーツ,Dex+20%(上限突破),暗殺者の魂 遊撃士の魂 剣士の魂 紅緋の勲章 白群の勲章,60,1,A+,medium,ASN
ヒーローブレスト,体,344,344,心眼：右 祝福 速断,オナーキュイラス,英雄の魂 君主の魂×2 碧緑の勲章 紅緋の勲章,英雄の魂 君主の魂×2 碧緑の勲章 紅緋の勲章,70,1,A+,medium,HRO
ヒーローグローブ,手,172,172,心眼：右 祝福 速断,オナーグローブ,Str/Dex/Int/Con+5%(上限突破),英雄の魂 君主の魂×2 碧緑の勲章 紅緋の勲章,70,1,A+,medium,HRO
ヒーローブーツ,足,172,172,心眼：右 祝福 速断,オナーブーツ,陣形スキルの威力+5%,英雄の魂 君主の魂×2 碧緑の勲章 紅緋の勲章,70,1,A+,medium,HRO
ブレイダーブレスト,体,344,344,追撃 速攻：右 極意：右,オナーキュイラス,剣聖の魂 暗殺者の魂 狂戦士の魂 碧緑の勲章 紅緋の勲章,剣聖の魂 暗殺者の魂 狂戦士の魂 碧緑の勲章 紅緋の勲章,70,1,A+,medium,SDM
ブレイダーグローブ,手,172,172,パースートの追撃威力+5%,オナーグローブ,パースートの追撃威力+5%,剣聖の魂 暗殺者の魂 狂戦士の魂 碧緑の勲章 紅緋の勲章,70,1,A+,medium,SDM
ブレイダーブーツ,足,Str,Dex+10%(上限突破),パースートの追撃威力+5%,オナーブーツ,Str/Dex+10%(上限突破),剣聖の魂 暗殺者の魂 狂戦士の魂 碧緑の勲章 紅緋の勲章,70,1,A+,medium,SDM
ベネラーベスト,体,425,425,俊敏 追撃 速断,ケーニッヒブレスト,狩人の魂×2 傭兵の魂 藍白の勲章 碧緑の勲章,狩人の魂×2 傭兵の魂 藍白の勲章 碧緑の勲章,80,1,A+,medium,VEN
ベネラーグローブ,手,212,212,俊敏 追撃 速断,ケーニッヒグローブ,エイムドブレイクの威力+5%,狩人の魂×2 傭兵の魂 藍白の勲章 碧緑の勲章,80,1,A+,medium,VEN
ベネラーブーツ,足,Dex,Con+10%(上限突破),俊敏 追撃 速断,ケーニッヒブーツ,Dex/Con+10%(上限突破),狩人の魂×2 傭兵の魂 藍白の勲章 碧緑の勲章,80,1,A+,medium,VEN
モンククロス,体,425,425,追撃 邪眼 極意：左,ケーニッヒブレスト,僧兵の魂×2 傭兵の魂 藍白の勲章 碧緑の勲章,僧兵の魂×2 傭兵の魂 藍白の勲章 碧緑の勲章,80,1,A+,medium,MNK
モンクグローブ,手,212,212,追撃 邪眼 極意：左,ケーニッヒグローブ,オーラシフト時ゲージ消費-10%,僧兵の魂×2 傭兵の魂 藍白の勲章 碧緑の勲章,80,1,A+,medium,MNK
モンクブーツ,足,Str,Int+10%(上限突破),追撃 邪眼 極意：左,ケーニッヒブーツ,Str/Int+10%(上限突破),僧兵の魂×2 傭兵の魂 藍白の勲章 碧緑の勲章,80,1,A+,medium,MNK
リザードブレスト,体,68,68,残心 追撃 加撃,シルバーベスト,隊長の証 牧師の証,,19,4,A,medium,
リザードグローブ,手,34,34,残心 追撃 加撃,シルバーグローブ,隊長の証 魔女の妖爪,,19,4,A,medium,
リザードブーツ,足,34,34,残心 追撃 加撃,シルバーブーツ,牧師の証 魔女の妖爪,,19,4,A,medium,
グリムキュイラス,体,76,76,吸命 追撃 速断,リザードブレスト,団長の証 神父の証,,20,4,S,medium,
グリムグローブ,手,38,38,吸命 追撃 速断,リザードグローブ,団長の証 魔女の妖爪,,20,4,S,medium,
グリムブーツ,足,38,38,吸命 追撃 速断,リザードブーツ,神父の証 魔女の妖爪,,20,4,S,medium,
リジッドブレスト,体,41,41,不導 防護 守護,チェーンベスト,狩人の証 魔人の翼爪 魔獣の厚皮 呪師の古布,,9,2,A,medium,
リジッドミッツ,手,20,20,不導 防護 守護,チェーングローブ,狩人の証 魔人の翼爪 魔獣の厚皮 呪師の古布,,9,2,A,medium,
リジッドブーツ,足,20,20,不導 防護 守護,チェーンブーツ,狩人の証 魔人の翼爪 魔獣の厚皮 呪師の古布,,9,2,A,medium,
クラレットブレスト,体,68,68,追撃 速攻：左 加撃,シルバーベスト,勇者の証 堕天の双翼 獄獣の毛皮 魔亀の紅血,,19,4,A,medium,
クラレットグローブ,手,34,34,追撃 速攻：左 加撃,シルバーグローブ,勇者の証 堕天の双翼 獄獣の毛皮 魔亀の紅血,,19,4,A,medium,
クラレットブーツ,足,34,34,追撃 速攻：左 加撃,シルバーブーツ,勇者の証 堕天の双翼 獄獣の毛皮 魔亀の紅血,,19,4,A,medium,
ソロウブレスト,体,146,146,邪眼 追撃 加撃,ミスリルベスト,武将の証 軍師の証,,39,8,A,medium,
ソロウグローブ,手,73,73,邪眼 追撃 加撃,ミスリルグローブ,武将の証 妖婦の艶爪,,39,8,A,medium,
ソロウブーツ,足,73,73,邪眼 追撃 加撃,ミスリルブーツ,軍師の証 妖婦の艶爪,,39,8,A,medium,
ディアボロブレスト,体,161,161,天眼 追撃 速断,ソロウベスト,大将の証 宰相の証,,40,8,S,medium,
ディアボログローブ,手,80,80,天眼 追撃 速断,ソロウグローブ,大将の証 妖婦の艶爪,,40,8,S,medium,
ディアボロブーツ,足,80,80,天眼 追撃 速断,ソロウブーツ,宰相の証 妖婦の艶爪,,40,8,S,medium,
プレシャスベスト,体,103,103,不惑 祝福 守護,レッドアクトン,行者の証 太古の樹皮 太古の樹皮 魔界の黒布 上質な牙,,29,6,A,medium,
プレシャスグローブ,手,51,51,不惑 祝福 守護,レッドバングル,行者の証 太古の樹皮 太古の樹皮 魔界の黒布 上質な牙,,29,6,A,medium,
プレシャスブーツ,足,51,51,不惑 祝福 守護,レッドブーツ,行者の証 太古の樹皮 太古の樹皮 魔界の黒布 上質な牙,,29,6,A,medium,
ノーブルキュイラス,体,146,146,防護 速攻 加撃,ミスリルベスト,賢人の証 氷竜の大爪 獣王の毛皮 蛙王の唾液 イシルディン,,39,8,A,medium,
ノーブルグローブ,手,73,73,防護 速攻 加撃,ミスリルグローブ,賢人の証 氷竜の大爪 獣王の毛皮 蛙王の唾液 イシルディン,,39,8,A,medium,
ノーブルブーツ,足,73,73,防護 速攻 加撃,ミスリルブーツ,賢人の証 氷竜の大爪 獣王の毛皮 蛙王の唾液 イシルディン,,39,8,A,medium,
ハンターベスト,体,196,196,邪眼 追撃 速断,ウォーキュイラス,子爵の証 法師の証,,49,10,A,medium,
ハンターグローブ,手,98,98,邪眼 追撃 速断,ウォーグローブ,子爵の証 獣鬼の鋭爪,,49,10,A,medium,
ハンターブーツ,足,98,98,邪眼 追撃 速断,ウォーブーツ,法師の証 獣鬼の鋭爪,,49,10,A,medium,
シーカーブレスト,体,217,217,極意：右 邪眼 極意：左,ハンターベスト,元帥の証 大師の証,,50,10,S,medium,
シーカーグローブ,手,108,108,極意：右 邪眼 極意：左,ハンターグローブ,元帥の証 獣鬼の鋭爪,,50,10,S,medium,
シーカーブーツ,足,108,108,極意：右 邪眼 極意：左,ハンターブーツ,大師の証 獣鬼の鋭爪,,50,10,S,medium,
ローグベスト,体,171,171,封人 残心 加撃,アデプトブレスト,豪傑の証 ゴールド 聖獣の上皮×2 魔界の妖布,,44,10,A,medium,
ローググローブ,手,85,85,封人 残心 加撃,アデプトグローブ,豪傑の証 ゴールド 聖獣の上皮×2 魔界の妖布,,44,10,A,medium,
ローグブーツ,足,85,85,封人 残心 加撃,アデプトブーツ,豪傑の証 ゴールド 聖獣の上皮×2 魔界の妖布,,44,10,A,medium,
ヘラルドブレスト,体,196,196,俊敏 速攻：左 回生,ウォーキュイラス,覚者の証 魔王の大爪 巨獣の堅皮 武神の法衣 イシルディン,,49,10,A,medium,
ヘラルドグローブ,手,98,98,俊敏 速攻：左 回生,ウォーグローブ,覚者の証 魔王の大爪 巨獣の堅皮 武神の法衣 イシルディン,,49,10,A,medium,
ヘラルドブーツ,足,98,98,俊敏 速攻：左 回生,ウォーブーツ,覚者の証 魔王の大爪 巨獣の堅皮 武神の法衣 イシルディン,,49,10,A,medium,
ストロングブレスト,体,225,225,封人 防護 守護,,,,54,12,A,medium,
ストロンググローブ,手,112,112,封人 防護 守護,,,,54,12,A,medium,
ストロングブーツ,足,112,112,封人 防護 守護,グレイヴブーツ,,,54,12,A,medium,
スペリオルブレスト,体,257,257,追撃 速攻：右 加撃,グロリアスブレスト,烈士の証 魔界の幻布 造魔の堅皮 モリブデン×2,,59,12,A,medium,
スペリオルグローブ,手,128,128,追撃 速攻：右 加撃,グロリアスグローブ,烈士の証 魔界の幻布 造魔の堅皮 モリブデン×2,,59,12,A,medium,
スペリオルブーツ,足,128,128,追撃 速攻：右 加撃,グロリアスブーツ,烈士の証 魔界の幻布 造魔の堅皮 モリブデン×2,,59,12,A,medium,
ベネラブルベスト,体,288,288,追撃 因果 加撃,アサルトホバーク,猟犬座の星玉 岩魔の堅殻 蛇妖の幻鱗 死界の妖布 漆黒の爪,,64,14,A,medium,
ベネラブルグローブ,手,144,144,追撃 因果 加撃,アサルトバングル,猟犬座の星玉 岩魔の堅殻 蛇妖の幻鱗 死界の妖布 漆黒の爪,,64,14,A,medium,
ベネラブルブーツ,足,144,144,追撃 因果 加撃,アサルトブーツ,猟犬座の星玉 岩魔の堅殻 蛇妖の幻鱗 死界の妖布 漆黒の爪,,64,14,A,medium,
アドニスブレスト,体,344,344,追撃 速断 守護,アダマンベスト,風鳥座の星玉 神徒の聖衣 岩魔の堅殻 蛇妖の幻鱗 タングステン,,70,14,A+,medium,
アドニスグローブ,手,172,172,追撃 速断 守護,アダマングローブ,風鳥座の星玉 神徒の聖衣 岩魔の堅殻 蛇妖の幻鱗 タングステン,,70,14,A+,medium,
アドニスブーツ,足,172,172,追撃 速断 守護,アダマンブーツ,風鳥座の星玉 神徒の聖衣 岩魔の堅殻 蛇妖の幻鱗 タングステン,,70,14,A+,medium,
ロイヤルキュラス,体,360,360,追撃 追撃 吸命,アストラルブレスト,牛飼座の星玉 翼獣の毛皮 妖魔の大鱗 魔神の闘衣 魔虫の毒爪,,74,16,A,medium,
ロイヤルグローブ,手,180,180,追撃 追撃 吸命,アストラルグローブ,牛飼座の星玉 翼獣の毛皮 妖魔の大鱗 魔神の闘衣 魔虫の毒爪,,74,16,A,medium,
ロイヤルブーツ,足,180,180,追撃 追撃 吸命,アストラルブーツ,牛飼座の星玉 翼獣の毛皮 妖魔の大鱗 魔神の闘衣 魔虫の毒爪,,74,16,A,medium,
ディグニティベスト,体,425,425,追撃 速断 加撃,レリックベスト,山猫座の星玉 翼獣の毛皮 蛇姫の聖衣 妖魔の大鱗 ガルヴォルン,,80,16,A+,medium,
ディグニティミッツ,手,212,212,追撃 速断 加撃,レリックグローブ,山猫座の星玉 翼獣の毛皮 蛇姫の聖衣 妖魔の大鱗 ガルヴォルン,,80,16,A+,medium,
ディグニティブーツ,足,212,212,追撃 速断 加撃,レリックブーツ,山猫座の星玉 翼獣の毛皮 蛇姫の聖衣 妖魔の大鱗 ガルヴォルン,,80,16,A+,medium,
コーポラルベスト,体,,,追撃 極意：右 加撃,ロイヤルキュイラス,南十字座の星玉 山猫座の星玉 蛇姫の聖衣 翼獣の毛皮 ガルヴォルン,,80,?,?,medium,SOL
コーポラルグローブ,手,,,追撃 極意：右 加撃,ロイヤルグローブ,Str/Dex/Int/Con+5%(上限突破),,80,?,?,medium,SOL
コーポラルブーツ,足,,,追撃 極意：右 加撃,ロイヤルブーツ,フェイタルショックの威力+5%,,80,?,?,medium,SOL
ルーターベスト,体,440,440,俊敏 極意：右 速断,ロイヤルキュイラス,南十字座の星玉 山猫座の星玉 蛇姫の聖衣 翼獣の毛皮 ガルヴォルン,,80,?,?,medium,THF
ルーターグローブ,手,220,220,俊敏 極意：右 速断,ロイヤルグローブ,Dex+20%(上限突破),,80,?,?,medium,THF
ルーターブーツ,足,220,220,俊敏 極意：右 速断,ロイヤルブーツ,スピードドライブ時間+50%,,80,?,?,medium,THF
ルーラーブレスト,体,440,440,追撃 加撃 極意：左,ロイヤルキュイラス,孔雀座の星玉 山猫座の星玉 蛇姫の聖衣 翼獣の毛皮 ガルヴォルン,,80,?,?,medium,LOR
ルーラーグローブ,手,220,440,追撃 加撃 極意：左,ロイヤルグローブ,ウェイクアップ時ゲージ消費-10%,,80,?,?,medium,LOR
ルーラーブーツ,足,220,440,追撃 加撃 極意：左,ロイヤルブーツ,Str/Dex/Int/Con+5%(上限突破),,80,?,?,medium,LOR
バンキッシュベスト,体,440,440,追撃 天眼 極意：右,ロイヤルキュイラス,孔雀座の星玉 山猫座の星玉 蛇姫の聖衣 翼獣の毛皮 ガルヴォルン,,80,16,S,medium,CNQ
バンキッシュミッツ,手,,,追撃 天眼 極意：右,ロイヤルグローブ,ブロウビートの効果上昇,,80,16,S,medium,CNQ
バンキッシュブーツ,足,Str,Int+15%(上限突破),追撃 天眼 極意：右,ロイヤルブーツ,Str/Int+15%(上限突破),,80,16,S,medium,CNQ
ラプターブレスト,体,440,440,俊敏 速断 加撃,ロイヤルキュイラス,孔雀座の星玉 山猫座の星玉 蛇姫の聖衣 翼獣の毛皮 ガルヴォルン,,80,?,?,medium,ASN
ラプターグローブ,手,220,220,俊敏 速断 加撃,ロイヤルグローブ,未感知の敵へのダメージ+10%,,80,?,?,medium,ASN
ラプターブーツ,足,220,220,俊敏 速断 加撃,ロイヤルブーツ,Dex+20%(上限突破),,80,?,?,medium,ASN
ガバナーブレスト,体,441,441,追撃 追撃 加撃,バウンサーベスト,鳩座の星玉 蟻王の柔皮 古竜の幻鱗 太古の妖布 魔王の妖爪,,84,18,A,medium,
ガバナーグローブ,手,220,220,追撃 追撃 加撃,バウンサーグローブ,鳩座の星玉 蟻王の柔皮 古竜の幻鱗 太古の妖布 魔王の妖爪,,84,18,A,medium,
ガバナーブーツ,足,220,220,追撃 追撃 加撃,バウンサーブーツ,鳩座の星玉 蟻王の柔皮 古竜の幻鱗 太古の妖布 魔王の妖爪,,84,18,A,medium,
マルシルブレスト,体,514,514,祝福 天授 加撃,カウントベスト,三角座の星玉 蟻王の柔皮 悪鬼の呪布 古竜の幻鱗 アボイタカラ,,90,18,A+,medium,
マルシルグローブ,手,257,257,祝福 天授 加撃,カウントグローブ,三角座の星玉 蟻王の柔皮 悪鬼の呪布 古竜の幻鱗 アボイタカラ,,90,18,A+,medium,
マルシルブーツ,足,257,257,祝福 天授 加撃,カウントブーツ,三角座の星玉 蟻王の柔皮 悪鬼の呪布 古竜の幻鱗 アボイタカラ,,90,18,A+,medium,
ヴァラーブレスト,体,,,祝福 極意：左 極意：右,ガバナーブレスト,琴座の星玉 三角座の星玉 蟻王の柔皮 悪鬼の呪布 アボイタカラ,,90,?,?,medium,BRV
ヴァラーグローブ,手,,,祝福 極意：左 極意：右,ガバナーグローブ,リバイタル範囲拡大,,90,?,?,medium,BRV
ヴァラーブーツ,足,,,祝福 極意：左 極意：右,ガバナーブーツ,Str/Dex/Int/Con+5%(上限突破),,90,?,?,medium,BRV
プリミピルスガード,体,539,539,速攻：右 極意：右 加撃,ガバナーブレスト,琴座の星玉 三角座の星玉 蟻王の柔皮 悪鬼の呪布 アボイタカラ,,90,18,S,medium,CEN
プリミピルス？？？,手,269,269,速攻：右 極意：右 加撃,ガバナーグローブ,アンチ広域化,,90,18,S,medium,CEN
プリミピルスブーツ,足,269,269,速攻：右 極意：右 加撃,ガバナーブーツ,Str/Dex/Int/Con+5%(上限突破),,90,18,S,medium,CEN
エペイストブレスト,体,,,速攻：右 瞬攻：右 極意：右,ガバナーブレスト,琴座の星玉 三角座の星玉 蟻王の柔皮 悪鬼の呪布 アボイタカラ,,90,?,?,medium,FNC
エペイストグローブ,手,Str,Dex+10%(上限突破),速攻：右 瞬攻：右 極意：右,ガバナーグローブ,Str/Dex+10%(上限突破),,90,?,?,medium,FNC
エペイストブーツ,足,Str,Dex+10%(上限突破),速攻：右 瞬攻：右 極意：右,ガバナーブーツ,イフィシェントブレイクの消費-20%,,90,?,?,medium,FNC
サブライムブレスト,体,,,祝福 速断 天授,ガバナーブレスト,蛇遣座の星玉 三角座の星玉 蟻王の柔皮 悪鬼の呪布 アボイタカラ,,90,?,?,medium,HRO
サブライムグローブ,手,,,祝福 速断 天授,ガバナーグローブ,Str/Dex/Int/Con+5%(上限突破),,90,?,?,medium,HRO
サブライムブーツ,足,,,祝福 速断 天授,ガバナーブーツ,陣形スキルの威力+5%,,90,?,?,medium,HRO
セイバーブレスト,体,,,速攻：右 極意：右 加撃,ガバナーブレスト,蛇遣座の星玉 三角座の星玉 蟻王の柔皮 悪鬼の呪布 アボイタカラ,,90,?,?,medium,SDM
セイバーグローブ,手,,,パースートの追撃威力+5%,ガバナーグローブ,パースートの追撃威力+5%,,90,?,?,medium,SDM
セイバーブーツ,足,Str,Dex+10%(上限突破),パースートの追撃威力+5%,ガバナーブーツ,Str/Dex+10%(上限突破),,90,?,?,medium,SDM
ソレムキュイラス,体,537,537,邪眼 追撃 速断,デスペラードベスト,蛇女の印章 断獄の爪 甲獣の殻 清艶な布 極彩の鱗,,94,20,,medium,
ソレムグローブ,手,268,268,邪眼 追撃 速断,デスペラードハンド,蛇女の印章 断獄の爪 甲獣の殻 清艶な布 極彩の鱗,,94,20,,medium,
ソレムブーツ,足,268,268,邪眼 追撃 速断,デスペラードブーツ,蛇女の印章 断獄の爪 甲獣の殻 清艶な布 極彩の鱗,,94,20,,medium,
ノルドールブレスト,体,592,592,俊敏 天眼 速断,ドレイクブレスト,悪竜の印章 トラペゾヘドロン アーケンストーン 奇獣の甲殻 古神の法衣,,100,20,,medium,
ノルドールグローブ,手,310,310,俊敏 天眼 速断,ドレイクグローブ,悪竜の印章 合獣の猛爪 奇獣の甲殻 古神の法衣 竜王の煌鱗,,100,20,,medium,
ノルドールブーツ,足,310,310,俊敏 天眼 速断,ドレイクブーツ,悪竜の印章 合獣の猛爪 奇獣の甲殻 古神の法衣 竜王の煌鱗,,100,20,,medium,
シカリーベスト,体,643,643,追撃 速断 天眼,ソレムキュイラス,トラペゾヘドロン アーケンストーン 竜王の煌鱗,,100,20,S,medium,VEN
シカリーグローブ,手,321,321,追撃 速断 天眼,ソレムグローブ,トラペゾヘドロン 奇獣の甲殻 古神の法衣,,100,20,S,medium,VEN
シカリーブーツ,足,Dex,Con+10%(上限突破),追撃 速断 天眼,ソレムブーツ,アーケンストーン 奇獣の甲殻 古神の法衣,,100,20,S,medium,VEN
テンプルクロス,体,643,643,邪眼 極意：左 天授,ソレムキュイラス,トラペゾヘドロン アーケンストーン 竜王の煌鱗,,100,20,S,medium,MNK
テンプルグローブ,手,321,321,邪眼 極意：左 天授,ソレムグローブ,トラペゾヘドロン 奇獣の甲殻 古神の法衣,,100,20,S,medium,MNK
テンプルブーツ,足,Str,Int+10%(上限突破),邪眼 極意：左 天授,ソレムブーツ,アーケンストーン 奇獣の甲殻 古神の法衣,,100,20,S,medium,MNK
グレイブレスト,体,23,23,追撃 防護 吸命,,,,1,4,B+,medium,
グレイグローブ,手,11,11,追撃 防護 吸命,,,,1,4,B+,medium,
グレイブーツ,足,11,11,追撃 防護 吸命,,,,1,4,B+,medium,
リーガルブレスト,体,211,211,加撃 追撃 吸命,グレイブレスト,王者の証 モリブデン 太古の鋼牙 金色の絹布 古獣の氷角 （済ver3.03）,,50,10,A+,medium,
リーガルグローブ,手,105,105,加撃 追撃 吸命,グレイグローブ,王者の証 獣人の剛爪 冥鳥の大翼×2 海竜の逆鱗 （済ver3.03）,,50,10,A+,medium,
リーガルブーツ,足,105,105,加撃 追撃 吸命,グレイブーツ,王者の証 獣人の剛爪 冥鳥の大翼 古獣の氷角 海竜の逆鱗 （済ver3.03）,,50,10,A+,medium,
カイザーブレスト,体,344,344,瞬攻：左 追撃 瞬攻：右,グレイブレスト,帝王の証 タングステン 恐獣の大爪 獣王の上皮 魔界の呪布 （済ver3.03）,,70,14,A+,medium,
カイザーグローブ,手,172,172,瞬攻：左 追撃 瞬攻：右,グレイグローブ,帝王の証 タングステン 恐獣の大爪 獣王の上皮 魔界の呪布 （済ver3.03）,,70,14,A+,medium,
カイザーブーツ,足,172,172,瞬攻：左 追撃 瞬攻：右,グレイブーツ,帝王の証 タングステン 恐獣の大爪 獣王の上皮 魔界の呪布 （済ver3.03）,,70,14,A+,medium,
鬼装束,体,22,25,因果 吸命 加撃,,,,1,1,B+,medium,
黒鬼装束,体,23,25,瞬攻：右 追撃 極意：右,,,,1,1,A,medium,
ルーンブレスト,体,25,25,残心 追撃 吸命,,,"ダブの鍛冶屋にて各500,000ベロで購入可",1,1,A+,medium,
ルーングローブ,手,12,12,残心 追撃 吸命,,,"ダブの鍛冶屋にて各500,000ベロで購入可",1,1,A+,medium,
ルーンブーツ,足,12,12,残心 追撃 吸命,,,"ダブの鍛冶屋にて各500,000ベロで購入可",1,1,A+,medium,
リボルトアクトン,体,33,33,祝福 追撃 速断,,,,5,1,A+,medium,
リボルトグローブ,手,16,16,祝福 追撃 速断,,,,5,1,A+,medium,
リボルトブーツ,足,16,16,祝福 追撃 速断,,,,5,1,A+,medium,
ライチェスベスト,体,58,58,追撃 神髄 変換,,,,15,3,A+,medium,
ライチェスグローブ,手,29,29,追撃 神髄 変換,,,,15,3,A+,medium,
ライチェスブーツ,足,29,29,追撃 神髄 変換,,,,15,3,A+,medium,
ウルベスト,体,92,92,戒心 俊敏 加撃,,,,25,5,A+,medium,
ウルグローブ,手,46,46,戒心 俊敏 加撃,,,,25,5,A+,medium,
ウルブーツ,足,46,46,戒心 俊敏 加撃,,,,25,5,A+,medium,
カイネウスベスト,体,133,133,速攻：左 速攻：右 速断,,,,35,7,A+,medium,
カイネウスグローブ,手,66,66,速攻：左 速攻：右 速断,,,,35,7,A+,medium,
カイネウスブーツ,足,66,66,速攻：左 速攻：右 速断,,,,35,7,A+,medium,
ペレウスブレスト,体,182,182,追撃 防護 回生,,,,45,9,A+,medium,
ペレウスグローブ,手,91,91,追撃 防護 回生,,,,45,9,A+,medium,
ペレウスブーツ,足,91,91,追撃 防護 回生,,,,45,9,A+,medium,
パリスブレスト,体,240,240,防護 防護 守護,,,,55,11,A+,medium,
パリスグローブ,手,120,120,防護 防護 守護,,,,55,11,A+,medium,
パリスブーツ,足,120,120,防護 防護 守護,,,,55,11,A+,medium,
オレステスブレスト,体,306,306,祝福 追撃 加撃,,,,65,13,A+,medium,
オレステスグローブ,手,153,153,祝福 追撃 加撃,,,,65,13,A+,medium,
オレステスブーツ,足,153,153,祝福 追撃 加撃,,,,65,13,A+,medium,
カリュプソベスト,体,385,385,追撃 追撃 加撃,,,,75,15,A+,medium,
カリュプソグローブ,手,192,192,追撃 追撃 加撃,,,,75,15,A+,medium,
カリュプソブーツ,足,192,192,追撃 追撃 加撃,,,,75,15,A+,medium,
ネストルブレスト,体,471,471,祝福 追撃 速断,,,,85,17,A+,medium,
ネストルグローブ,手,235,235,祝福 追撃 速断,,,,85,17,A+,medium,
ネストルブーツ,足,235,235,祝福 追撃 速断,,,,85,17,A+,medium,
ヴァールブレスト,体,566,566,俊敏 追撃 天眼,,,,95,19,A+,medium,
ヴァールグローブ,手,283,283,俊敏 追撃 天眼,,,,95,19,A+,medium,
ヴァールブーツ,足,283,283,俊敏 追撃 天眼,,,,95,19,A+,medium,
アッティラベスト,体,,,極意：左 追撃 極意：右,リボルトアクトン,破血晶 覇王の証 剣聖の証,,10,?,?,medium,
アッティラグローブ,手,,,極意：左 追撃 極意：右,リボルトグローブ,破血晶 覇王の証 剣聖の証,,10,?,?,medium,
アッティラブーツ,足,,,極意：左 追撃 極意：右,リボルトブーツ,破血晶 覇王の証 剣聖の証,,10,?,?,medium,
エニュオキュイラス,体,,,極意：右 追撃 極意：左,ウルベスト,破血晶 英雄の証 剣聖の証,,30,?,?,medium,
エニュオグローブ,手,,,極意：右 追撃 極意：左,ウルグローブ,破血晶 英雄の証 剣聖の証,,30,?,?,medium,
エニュオブーツ,足,,,極意：右 追撃 極意：左,ウルブーツ,破血晶 英雄の証 剣聖の証,,30,?,?,medium,
ラケシスブレスト,体,,,加撃 追撃 変換,カイネウスベスト,破心晶 王者の証,,40,10,S+,medium,
ラケシスグローブ,手,,,加撃 追撃 変換,カイネウスグローブ,破心晶 王者の証,,40,10,S+,medium,
ラケシスブーツ,足,,,加撃 追撃 変換,カイネウスブーツ,破心晶 王者の証,,40,10,S+,medium,
イシュタルブレスト,体,,,速断 追撃 加撃,ペレウスブレスト,破心晶 英雄の証 君主の証,,50,?,?,medium,
イシュタルグローブ,手,,,速断 追撃 加撃,ペレウスグローブ,破心晶 英雄の証 君主の証,,50,?,?,medium,
イシュタルブーツ,足,,,速断 追撃 加撃,ペレウスブーツ,破心晶 英雄の証 君主の証,,50,?,?,medium,
トリトンベスト,体,302,302,加撃 追撃 速断,パリスブレスト,破命晶 破気晶,,60,12,,medium,
トリトングローブ,手,151,151,加撃 追撃 速断,パリスグローブ,破命晶 破気晶,,60,12,,medium,
トリトンブーツ,足,151,151,加撃 追撃 速断,パリスブーツ,破命晶 破気晶,,60,12,,medium,
スケグルブレスト,体,,,回生 追撃 速断,オレステスブレスト,破命晶 覇王の証 君主の証,,70,?,?,medium,
スケグルグローブ,手,,,回生 追撃 速断,オレステスグローブ,破命晶 覇王の証 君主の証,,70,?,?,medium,
スケグルブーツ,足,,,回生 追撃 速断,オレステスブーツ,破命晶 覇王の証 君主の証,,70,?,?,medium,
エンペラーブレスト,体,,,吸命 追撃 加撃,カリュプソブレスト,破活晶 帝王の証,,80,?,?,medium,
エンペラーグローブ,手,,,吸命 追撃 加撃,カリュプソグローブ,破活晶 帝王の証,,80,?,?,medium,
エンペラーブーツ,足,,,吸命 追撃 加撃,カリュプソブーツ,破活晶 帝王の証,,80,?,?,medium,
サージェントベスト,体,,,極意：右 追撃 猛撃,カリュプソベスト,破活晶 破魂晶 南十字座の星玉,,80,?,?,medium,SOL
サージェントミッツ,手,,,極意：右 追撃 猛撃,カリュプソグローブ,Str/Dex/Int/Con+5%(上限突破),,80,?,?,medium,SOL
サージェントブーツ,足,,,極意：右 追撃 猛撃,カリュプソブーツ,フェイタルショックの威力+5%,,80,?,?,medium,SOL
レイダーベスト,体,,,極意：右 俊敏 瞬断,カリュプソベスト,破活晶 破魂晶 南十字座の星玉,,80,?,?,medium,THF
レイダーグローブ,手,237,237,極意：右 俊敏 瞬断,カリュプソグローブ,Dex+20%(上限突破),,80,?,?,medium,THF
レイダーブーツ,足,237,237,極意：右 俊敏 瞬断,カリュプソブーツ,スピードドライブ時間+50%,,80,?,?,medium,THF
デュークブレスト,体,,,加撃 追撃 奥意,カリュプソベスト,破活晶 破魂晶 孔雀座の星玉,,80,?,?,medium,LOR
デュークグローブ,手,,,加撃 追撃 奥意,カリュプソグローブ,ウェイクアップ時ゲージ消費-10%,,80,?,?,medium,LOR
デュークブーツ,足,,,加撃 追撃 奥意,カリュプソブーツ,Str/Dex/Int/Con+5%(上限突破),,80,?,?,medium,LOR
アルコンブレスト,体,475,475,天眼 追撃 奥意,カリュプソベスト,破活晶 破魂晶 孔雀座の星玉,,80,?,?,medium,CNQ
アルコングローブ,手,237,237,天眼 追撃 奥意,カリュプソグローブ,ブロウビートの効果上昇,,80,?,?,medium,CNQ
アルコンブーツ,足,Str,Int+15%(上限突破),天眼 追撃 奥意,カリュプソブーツ,Str/Int+15%(上限突破),,80,?,?,medium,CNQ
イレイサーブレスト,体,,,速断 俊敏 猛撃,カリュプソベスト,破活晶 破魂晶 孔雀座の星玉,,80,?,?,medium,ASN
イレイサーグローブ,手,,,速断 俊敏 猛撃,カリュプソグローブ,未感知の敵へのダメージ+10%,,80,?,?,medium,ASN
イレイサーブーツ,足,,,速断 俊敏 猛撃,カリュプソブーツ,Dex+20%(上限突破),,80,?,?,medium,ASN
バリアントブレスト,体,575,575,極意：左 祝福 奥意,ネストルブレスト,破活晶 破魄晶 琴座の星玉,,90,?,?,medium,BRV
バリアントグローブ,手,287,287,極意：左 祝福 奥意,ネストルグローブ,リバイタル範囲拡大,,90,?,?,medium,BRV
バリアントブーツ,足,287,287,極意：左 祝福 奥意,ネストルブーツ,Str/Dex/Int/Con+5%(上限突破),,90,?,?,medium,BRV
レガトゥスガード,体,575,575,極意：右 速攻：右 猛撃,ネストルブレスト,破活晶 破魄晶 琴座の星玉,,90,18,SS,medium,CEN
レガトゥスグローブ,手,287,287,極意：右 速攻：右 猛撃,ネストルグローブ,アンチ広域化,,90,18,SS,medium,CEN
レガトゥスブーツ,足,287,287,極意：右 速攻：右 猛撃,ネストルブーツ,Str/Dex/Int/Con+5%(上限突破),,90,18,SS,medium,CEN
ピアサーブレスト,体,575,575,瞬攻：右 速攻：右 奥意,ネストルブレスト,破活晶 破魄晶 琴座の星玉,,90,18,SS,medium,FNC
ピアサーグローブ,手,287,287,瞬攻：右 速攻：右 奥意,ネストルグローブ,Str/Dex+10%(上限突破),,90,18,SS,medium,FNC
ピアサーブーツ,足,287,287,瞬攻：右 速攻：右 奥意,ネストルブーツ,イフィシェントブレイクの消費-20%,,90,18,SS,medium,FNC
レジェンド？？？,体,575,575,速断 祝福 神授,ネストルブレスト,破活晶 破魄晶 蛇遣座の星玉,,90,?,?,medium,HRO
レジェンド？？？,手,287,287,速断 祝福 神授,ネストルグローブ,Str/Dex/Int/Con+5%(上限突破),,90,?,?,medium,HRO
レジェンド？？？,足,287,287,速断 祝福 神授,ネストルブーツ,陣形スキルの威力+5%,,90,?,?,medium,HRO
スレイヤーブレスト,体,575,575,極意：右 速攻：右 猛撃,ネストルブレスト,破活晶 破魄晶 蛇遣座の星玉,,90,?,?,medium,SDM
スレイヤーグローブ,手,287,287,パースートの追撃威力+5%,ネストルグローブ,パースートの追撃威力+5%,,90,?,?,medium,SDM
スレイヤーブーツ,足,Str,Dex+10%(上限突破),パースートの追撃威力+5%,ネストルブーツ,Str/Dex+10%(上限突破),,90,?,?,medium,SDM
イェーガーベスト,体,,,速断 追撃 神眼,ヴァールブレスト,,,100,?,?,medium,VEN
イェーガーグローブ,手,,,速断 追撃 神眼,ヴァールグローブ,エイムドブレイクの威力+5%,,100,?,?,medium,VEN
イェーガーブーツ,足,Dex,Con+10%(上限突破),速断 追撃 神眼,ヴァールブーツ,Dex/Con+10%(上限突破),,100,?,?,medium,VEN
マスタークロス,体,686,686,極意：左 邪眼 神授,ヴァールブレスト,破躰晶 破念晶 環蛇の印章,,100,20,SS,medium,MNK
マスターグローブ,手,343,343,極意：左 邪眼 神授,ヴァールグローブ,オーラシフト時ゲージ消費-10%,,100,20,SS,medium,MNK
マスターブーツ,足,Str,Int+10%(上限突破),極意：左 邪眼 神授,ヴァールブーツ,Str/Int+10%(上限突破),,100,20,SS,medium,MNK
アルケインブレスト,体,25,25,俊敏 追撃 天眼,,,,1,1,,medium,
アルケイングローブ,手,12,12,俊敏 追撃 天眼,,,,1,1,,medium,
アルケインブーツ,足,12,12,俊敏 追撃 天眼,,,,1,1,,medium,
ミシカルブレスト,体,25,25,追撃 速断 加撃,アルケインブレスト,破生晶,,1,1,,medium,
ミシカルグローブ,手,12,12,追撃 速断 加撃,アルケイングローブ,破生晶,,1,1,,medium,
ミシカルブーツ,足,12,12,追撃 速断 加撃,アルケインブーツ,破生晶,,1,1,,medium,
セラフィムブレスト,体,26,26,速断 俊敏 天眼,ミシカルブレスト,破死晶,,1,1,S+,medium,
セラフィムグローブ,手,13,13,速断 俊敏 天眼,ミシカルグローブ,破死晶,,1,1,S+,medium,
セラフィムブーツ,足,13,13,速断 俊敏 天眼,ミシカルブーツ,破死晶,,1,1,S+,medium,
トワイライトベスト,体,26,26,天授 戒心 神眼,ミシカルブレスト,破死晶 団長の証,,1,1,SS,medium,
トワイライトグラブ,手,,,天授 戒心 神眼,ミシカルグローブ,破死晶 団長の証,,1,1,SS,medium,
トワイライトブーツ,足,,,天授 戒心 神眼,ミシカルブーツ,破死晶 団長の証,,1,1,SS,medium,
イブリースブレスト,体,26,26,加撃 追撃 猛撃,ミシカルブレスト,破死晶 大将の証,,1,1,,medium,
イブリースグローブ,手,,,加撃 追撃 猛撃,ミシカルグローブ,破死晶 大将の証,,1,1,,medium,
イブリースブーツ,足,,,加撃 追撃 猛撃,ミシカルブーツ,破死晶 大将の証,,1,1,,medium,
エミネントブレスト,体,,,天眼 俊敏 奥意,ミシカルブレスト,破死晶 元帥の証,,1,1,,medium,
エミネントグローブ,手,,,天眼 俊敏 奥意,ミシカルグローブ,破死晶 元帥の証,,1,1,,medium,
エミネントブーツ,足,,,天眼 俊敏 奥意,ミシカルブーツ,破死晶 元帥の証,,1,1,,medium,
ライトアーマー,体,23,21,,,,ショップにて1ベルで購入可,1,1,C,heavy,
ライトプレート,体,23,21,,,,ショップにて1ベルで購入可 大地編にて 純白の勲章 と交換可（精強の称号付）,1,1,C,heavy,
レザーアーマー,体,24,21,耐質 不導 残心,ライトアーマー ライトプレート,上質な皮×2 (済）,"ショップにて各1,029ベルで購入可 大地編にて 青藍の勲章 といずれかの部位を交換可 （強化値+3、体：精強 手：妙技 足：強力の称号付）",2,1,C,heavy,
レザーガントレ,手,12,10,耐質 不導 残心,,上質な皮×2 (済）,"ショップにて各1,029ベルで購入可 大地編にて 青藍の勲章 といずれかの部位を交換可 （強化値+3、体：精強 手：妙技 足：強力の称号付）",2,1,C,heavy,
レザーグリーヴ,足,12,10,耐質 不導 残心,,上質な皮×2 (済）,"ショップにて各1,029ベルで購入可 大地編にて 青藍の勲章 といずれかの部位を交換可 （強化値+3、体：精強 手：妙技 足：強力の称号付）",2,1,C,heavy,
アイアンメイル,体,33,29,消火 封質 追撃,レザーアーマー,魔獣の厚皮 アイアン×2 （済）,大地編にて 真紅の勲章 といずれかの部位を交換可 （強化値+3、体：精強 手：妙技 足：強力の称号付）,7,2,C,heavy,
アイアンガントレ,手,16,14,消火 封質 追撃,レザーガントレ,,大地編にて 真紅の勲章 といずれかの部位を交換可 （強化値+3、体：精強 手：妙技 足：強力の称号付）,7,2,C,heavy,
アイアングリーヴ,足,16,14,消火 封質 追撃,レザーグリーヴ,,大地編にて 真紅の勲章 といずれかの部位を交換可 （強化値+3、体：精強 手：妙技 足：強力の称号付）,7,2,C,heavy,
ラメラーアーマー,体,44,39,耐亜 解毒 隠密,アイアンメイル,硬質の殻×2 （済）,"ショップにて各14,739ベルで購入可 大地編にて 紫黒の勲章 といずれかの部位を交換可 （強化値+3、体：精強 手：妙技 足：強力の称号付）",12,3,C,heavy,
ラメラーガントレ,手,22,19,耐亜 解毒 隠密,アイアンガントレ,,"ショップにて各14,739ベルで購入可 大地編にて 紫黒の勲章 といずれかの部位を交換可 （強化値+3、体：精強 手：妙技 足：強力の称号付）",12,3,C,heavy,
ラメラーグリーヴ,足,22,19,耐亜 解毒 隠密,アイアングリーヴ,,"ショップにて各14,739ベルで購入可 大地編にて 紫黒の勲章 といずれかの部位を交換可 （強化値+3、体：精強 手：妙技 足：強力の称号付）",12,3,C,heavy,
シルバーメイル,体,56,49,耐霊 封霊 防護,ラメラーアーマー,鳥獣の毛皮×2 シルバー×2 （済）,大地編にて 青鈍の勲章 といずれかの部位を交換可 （強化値+3、体：精強 手：妙技 足：強力の称号付）,17,4,C,heavy,
シルバーガントレ,手,28,24,耐霊 封霊 防護,ラメラーガントレ,,大地編にて 青鈍の勲章 といずれかの部位を交換可 （強化値+3、体：精強 手：妙技 足：強力の称号付）,17,4,C,heavy,
シルバーグリーヴ,足,28,24,耐霊 封霊 防護,ラメラーグリーヴ,スケアクロウ,大地編にて 青鈍の勲章 といずれかの部位を交換可 （強化値+3、体：精強 手：妙技 足：強力の称号付）,17,4,C,heavy,
ファインプレート,体,71,62,耐獣 反動 追撃,シルバーメイル,獣人の皮×2 硬質の殻 魔獣の厚皮 （済）,"ショップにて各59,049ベルで購入可 大地編にて 白緑の勲章 といずれかの部位を交換可 （強化値+3、体：精強 手：妙技 足：強力の称号付）",22,5,C,heavy,
ファインガントレ,手,35,31,耐獣 反動 追撃,シルバーガントレ,,"ショップにて各59,049ベルで購入可 大地編にて 白緑の勲章 といずれかの部位を交換可 （強化値+3、体：精強 手：妙技 足：強力の称号付）",22,5,C,heavy,
ファイングリーヴ,足,35,31,耐獣 反動 追撃,シルバーグリーヴ,,"ショップにて各59,049ベルで購入可 大地編にて 白緑の勲章 といずれかの部位を交換可 （強化値+3、体：精強 手：妙技 足：強力の称号付）",22,5,C,heavy,
プラチナアーマー,体,86,75,消毒 封人 因果,ファインプレート,魔獣の鋭爪 太古の樹皮 プラチナ 鳥獣の毛皮 （済）,大地編にて 真朱の勲章 といずれかの部位を交換可 （強化値+3、体：精強 手：妙技 足：強力の称号付）,27,6,C,heavy,
プラチナガントレ,手,43,37,消毒 封人 因果,ファインガントレ,,大地編にて 真朱の勲章 といずれかの部位を交換可 （強化値+3、体：精強 手：妙技 足：強力の称号付）,27,6,C,heavy,
プラチナグリーヴ,足,43,37,消毒 封人 因果,ファイングリーヴ,,大地編にて 真朱の勲章 といずれかの部位を交換可 （強化値+3、体：精強 手：妙技 足：強力の称号付）,27,6,C,heavy,
スプリントメイル,体,104,90,解凍 封亜 追撃,プラチナアーマー,猛獣の皮×2 プラチナ 硬質の殻 （済）,"ショップにて各151,959ベルで購入可 大地編にて 紺碧の勲章 といずれかの部位を交換可 （強化値+3、体：精強 手：妙技 足：強力の称号付）",32,7,C,heavy,
スプリントガード,手,52,45,解凍 封亜 追撃,プラチナガントレ,,"ショップにて各151,959ベルで購入可 大地編にて 紺碧の勲章 といずれかの部位を交換可 （強化値+3、体：精強 手：妙技 足：強力の称号付）",32,7,C,heavy,
スプリントグリーヴ,足,52,45,解凍 封亜 追撃,プラチナグリーヴ,,"ショップにて各151,959ベルで購入可 大地編にて 紺碧の勲章 といずれかの部位を交換可 （強化値+3、体：精強 手：妙技 足：強力の称号付）",32,7,C,heavy,
ミスリルアーマー,体,122,106,還魂 封竜 防護,スプリントメイル,魔竜の堅皮×2 ミスリル 太古の樹皮 （済ver3.03）,大地編にて 月白の勲章 といずれかの部位を交換可 （強化値+3、体：精強 手：妙技 足：強力の称号付）,37,8,C,heavy,
ミスリルガントレ,手,61,53,還魂 封竜 防護,スプリントガード,コモドドラゴン,大地編にて 月白の勲章 といずれかの部位を交換可 （強化値+3、体：精強 手：妙技 足：強力の称号付）,37,8,C,heavy,
ミスリルグリーヴ,足,61,53,還魂 封竜 防護,スプリントグリーヴ,ゴールドドラゴン,大地編にて 月白の勲章 といずれかの部位を交換可 （強化値+3、体：精強 手：妙技 足：強力の称号付）,37,8,C,heavy,
ハーディプレート,体,144,125,耐霊 反魂 因果,ミスリルアーマー,野獣の皮×2 猛獣の皮 太古の樹皮 （済）,"ショップにて各311,469ベルで購入可 大地編にて 藤黄の勲章 といずれかの部位を交換可 （強化値+3、体：精強 手：妙技 足：強力の称号付）",42,9,C,heavy,
オーラガントレ,手,72,62,耐霊 反魂 因果,ミスリルガントレ,,"ショップにて各311,469ベルで購入可 大地編にて 藤黄の勲章 といずれかの部位を交換可 （強化値+3、体：精強 手：妙技 足：強力の称号付）",42,9,C,heavy,
オーラグリーヴ,足,72,62,耐霊 反魂 因果,ミスリルグリーヴ,,"ショップにて各311,469ベルで購入可 大地編にて 藤黄の勲章 といずれかの部位を交換可 （強化値+3、体：精強 手：妙技 足：強力の称号付）",42,9,C,heavy,
ダマスクスアーマー,体,165,143,不動 封人 追撃,ハーディプレート,獣人の剛爪 聖獣の上皮 ダマスカス 魔竜の堅皮 （済）,大地編にて 鉄黒の勲章 といずれかの部位を交換可 （強化値+3、体：精強 手：妙技 足：強力の称号付）,47,10,C,heavy,
ダマスクスガントレ,手,82,71,不動 封人 追撃,オーラガントレ,,大地編にて 鉄黒の勲章 といずれかの部位を交換可 （強化値+3、体：精強 手：妙技 足：強力の称号付）,47,10,C,heavy,
ダマスクスグリーヴ,足,82,71,不動 封人 追撃,オーラグリーヴ,,大地編にて 鉄黒の勲章 といずれかの部位を交換可 （強化値+3、体：精強 手：妙技 足：強力の称号付）,47,10,C,heavy,
ミストアーマー,体,191,165,耐質 反魂 戒心,ダマスクスアーマー,狂獣の皮×2 真紅の爪 野獣の皮 （済）,"ショップにて各555,579ベルで購入可",52,11,C,heavy,
ミストガントレ,手,95,82,耐質 反魂 戒心,ダマスクスガントレ,,"ショップにて各555,579ベルで購入可",52,11,C,heavy,
ミストグリーヴ,足,95,82,耐質 反魂 戒心,ダマスクスグリーヴ,,"ショップにて各555,579ベルで購入可",52,11,C,heavy,
ミーティアアーマー,体,216,186,消火 封竜 防護,ミストアーマー,堅亀の猛爪 冥界の樹皮 メテオライト 聖獣の上皮 （済）,,57,12,C,heavy,
ミーティアガントレ,手,108,93,消火 封竜 防護,ミストガントレ,オーガエリート,,57,12,C,heavy,
ミーティアグリーヴ,足,108,93,消火 封竜 防護,ミストグリーヴ,魔人：上級戦士I,,57,12,C,heavy,
ブラッドアーマー,体,246,212,還魂 封人 残心,ミーティアアーマー,凶獣の皮×2 獣鬼の爪 聖獣の上皮 （済）,"ショップにて各902,289ベルで購入可",62,13,C,heavy,
ブラッドガントレ,手,123,106,還魂 封人 残心,ミーティアガントレ,,"ショップにて各902,289ベルで購入可",62,13,C,heavy,
ブラッドグリーヴ,足,123,106,還魂 封人 残心,ミーティアグリーヴ,,"ショップにて各902,289ベルで購入可",62,13,C,heavy,
ドラゴンメイル,体,274,236,耐竜 鎮火 追撃,ブラッドアーマー,水竜の鋭爪 奇顔の堅殻 アダマンタイト 冥界の樹皮 （済）,,67,14,C,heavy,
ドラゴンガントレ,手,137,118,耐竜 鎮火 追撃,ブラッドガントレ,,,67,14,C,heavy,
ドラゴングリーヴ,足,137,118,耐竜 鎮火 追撃,ブラッドグリーヴ,,,67,14,C,heavy,
ギガントアーマー,体,308,266,耐人 反動 因果,ドラゴンアーマー,魔獣の殻×2 漆黒の爪 凶獣の皮 （済）,"ショップにて各1,369,599ベルで購入可",72,15,C,heavy,
ギガントガントレ,手,154,133,耐人 反動 因果,ドラゴンガントレ,,"ショップにて各1,369,599ベルで購入可",72,15,C,heavy,
ギガントグリーヴ,足,154,133,耐人 反動 因果,ドラゴングリーヴ,,"ショップにて各1,369,599ベルで購入可",72,15,C,heavy,
レリックアーマー,体,340,293,不動 封亜 防護,ギガントアーマー,魔虫の毒爪 冥獣の毛皮 オリハルコン 魔獣の殻 （済）,,77,16,C,heavy,
レリックガントレ,手,170,146,不動 封亜 防護,ギガントガントレ,カー,,77,16,C,heavy,
レリックグリーヴ,足,170,146,不動 封亜 防護,ギガントグリーヴ,魔人：上級戦士II,,77,16,C,heavy,
ボールドアーマー,体,378,326,解凍 封質 俊敏,レリックアーマー,古獣の皮×2 残虐な爪 魔獣の殻 （済）,"ショップにて各1,975,509ベルで購入可",82,17,C,heavy,
ボールドガントレ,手,189,163,解凍 封質 俊敏,レリックガントレ,,"ショップにて各1,975,509ベルで購入可",82,17,C,heavy,
ボールドグリーヴ,足,189,163,解凍 封質 俊敏,レリックグリーヴ,,"ショップにて各1,975,509ベルで購入可",82,17,C,heavy,
夜叉胴丸,体,414,356,耐亜 不導 追撃,ボールドアーマー,魔王の妖爪 妖馬の毛皮 ヒヒイロカネ 古獣の皮 （済）,,87,18,C,heavy,
夜叉脛当,足,207,178,耐亜 不導 追撃,ボールドグリーヴ,,,87,18,C,heavy,
センチネルアーマー,体,457,394,解凍 封質 俊敏,夜叉胴丸,斬伐の爪 剛猛な皮 鬼人の爪 古獣の皮,"ショップにて各2,738,019ベルで購入可",92,19,C,heavy,
センチネルガントレ,手,228,197,解凍 封質 俊敏,夜叉篭手,,"ショップにて各2,738,019ベルで購入可",92,19,C,heavy,
センチネルグリーヴ,足,228,197,解凍 封質 俊敏,夜叉脛当,,"ショップにて各2,738,019ベルで購入可",92,19,C,heavy,
ウィルムアーマー,体,496,428,耐亜 不導 追撃,センチネルアーマー,恐竜の堅皮×2 アミアントゥス 剛猛な皮,,97,20,C,heavy,
ウィルムガントレ,手,248,214,耐亜 不導 追撃,センチネルガントレ,リッチロード,,97,20,C,heavy,
ウィルムグリーヴ,足,248,214,耐亜 不導 追撃,センチネルグリーヴ,マスタードラゴン,,97,20,C,heavy,
ブラスアーマー,体,28,26,解毒 隠密 防護,レザーアーマー,魔獣の大牙 魔獣の厚皮 アイアン 魚人の小鱗 （済）,,3,2,B+,heavy,
ブラスガントレ,手,14,13,解毒 隠密 防護,レザーガントレ,ヴァッサーゴ,,3,2,B+,heavy,
ブラスグリーヴ,足,14,13,解毒 隠密 防護,レザーグリーヴ,オアンネス,,3,2,B+,heavy,
スケイルメイル,体,39,35,鎮火 追撃 防護,アイアンメイル,魔獣の大牙 巨獣の大角 アイアン 魚人の小鱗×2 （済）,,8,2,B+,heavy,
スケイルガントレ,手,19,17,鎮火 追撃 防護,アイアンガントレ,,,8,2,B+,heavy,
スケイルグリーヴ,足,19,17,鎮火 追撃 防護,アイアングリーヴ,,,8,2,B+,heavy,
スペルメイル,体,52,46,遠望 防護 神髄,ラメラーアーマー,獣人の鋭牙 鳥獣の毛皮 魔竜の小鱗 （済）,,13,4,B+,heavy,
スペルガントレ,手,26,23,遠望 防護 神髄,ラメラーガントレ,プロガノケリス,,13,4,B+,heavy,
スペルグリーヴ,足,26,23,遠望 防護 神髄,ラメラーグリーヴ,,,13,4,B+,heavy,
スコーピオンシェル,体,67,59,解毒 因果 防護,シルバーメイル,鳥獣の毛皮 魔竜の小鱗×2 シルバー （済）,,18,4,B+,heavy,
スコーピオガントレ,手,33,29,解毒 因果 防護,シルバーガントレ,,,18,4,B+,heavy,
スコーピオグリーヴ,足,33,29,解毒 因果 防護,シルバーグリーヴ,,,18,4,B+,heavy,
ヘビィアーマー,体,84,74,封質 防護 防護,ファインプレート,ティン 魔竜の大牙 太古の樹皮 シルバー アイアン （済）,,23,6,B+,heavy,
ヘビィガントレ,手,42,37,封質 防護 防護,ファインガントレ,ゼパール,,23,6,B+,heavy,
ヘビィグリーヴ,足,42,37,封質 防護 防護,ファイングリーヴ,ダゴン,,23,6,B+,heavy,
パトリシアンメイル,体,103,90,封人 因果 追撃,プラチナアーマー,魔獣の鋭爪 太古の樹皮×2 猛毒の牙 プラチナ （済）,,28,6,B+,heavy,
パトリシアンガード,手,51,45,封人 因果 追撃,プラチナガントレ,,,28,6,B+,heavy,
パトリシアンブーツ,足,51,45,封人 因果 追撃,プラチナグリーヴ,,,28,6,B+,heavy,
ヴァラーメイル,体,123,107,封竜 残心 追撃,スプリントメイル,ゴールド 妖魔の黒翼 魔竜の堅皮 魔獣の鋭爪 プラチナ （済）,,33,8,B+,heavy,
ヴァラーガントレ,手,61,53,封竜 残心 追撃,スプリントガード,,,33,8,B+,heavy,
ヴァラーグリーヴ,足,61,53,封竜 残心 追撃,スプリントグリーヴ,,,33,8,B+,heavy,
ヒュドラスケイル,体,146,128,鎮火 追撃 防護,ミスリルアーマー,妖魔の黒翼 魔竜の堅皮 魔竜の剛鱗×2 ミスリル （済）,,38,8,B+,heavy,
ヒュドラガントレ,手,73,64,鎮火 追撃 防護,ミスリルガントレ,,,38,8,B+,heavy,
ヒュドラグリーヴ,足,73,64,鎮火 追撃 防護,ミスリルグリーヴ,,,38,8,B+,heavy,
カスタムアーマー,体,170,148,解毒 追撃 防護,ハーディプレート,ティン 邪竜の鋼牙 聖獣の上皮 ミスリル プラチナ （済）,,43,10,B+,heavy,
カスタムガントレ,手,85,74,解毒 追撃 防護,オーラガントレ,ザブノック,,43,10,B+,heavy,
カスタムグリーヴ,足,85,74,解毒 追撃 防護,オーラグリーヴ,,,43,10,B+,heavy,
フロストメイル,体,198,172,解氷 残心 防護,ダマスクスアーマー,獣人の剛爪 聖獣の上皮×2 醜悪な牙 ダマスカス （済）,,48,10,B+,heavy,
フロストガントレ,手,99,86,解氷 残心 防護,ダマスクスガントレ,,,48,10,B+,heavy,
フロストグリーヴ,足,99,86,解氷 残心 防護,ダマスクスグリーヴ,,,48,10,B+,heavy,
デモンズハイド,体,225,196,反魂 追撃 追撃,ミストアーマー,奇獣の妖牙 冥界の樹皮×2 邪竜の鋼牙 聖獣の上皮 （済）,,53,12,B+,heavy,
デモンズハンド,手,112,98,反魂 追撃 追撃,ミストガントレ,,,53,12,B+,heavy,
デモンズレッグ,足,112,98,反魂 追撃 追撃,ミストグリーヴ,,,53,12,B+,heavy,
ロバストプレート,体,258,224,封人 防護 追撃,ミーティアアーマー,イシルディン 堅亀の猛爪 冥界の樹皮×2 腐臭の牙 （済）,,58,12,B+,heavy,
ロバストガントレ,手,129,112,封人 防護 追撃,ミーティアガントレ,,,58,12,B+,heavy,
ロバストグリーヴ,足,129,112,封人 防護 追撃,ミーティアグリーヴ,,,58,12,B+,heavy,
カオスアーマー,体,289,251,不惑 速攻 因果,ブラッドアーマー,獣人の鋼牙 奇顔の堅殻×2 奇獣の妖牙 冥界の樹皮 （済）,,63,14,B+,heavy,
カオスガントレ,手,144,125,不惑 速攻 因果,ブラッドガントレ,バジリスク,,63,14,B+,heavy,
カオスグリーヴ,足,144,125,不惑 速攻 因果,ブラッドグリーヴ,エリゴス,,63,14,B+,heavy,
フィアスアーマー,体,326,284,解氷 追撃 追撃,ドラゴンメイル,エレクトラム 水竜の鋭爪 奇顔の堅殻×2 破滅の牙 （済）,,68,14,B+,heavy,
フィアスガントレ,手,163,142,解氷 追撃 追撃,ドラゴンガントレ,,,68,14,B+,heavy,
フィアスグリーヴ,足,163,142,解氷 追撃 追撃,ドラゴングリーヴ,,,68,14,B+,heavy,
マグナアーマー,体,366,318,封質 追撃 防護,ギガントアーマー,鳥人の鋭嘴 冥獣の毛皮×2 魔獣の殻 上世の布 （済ver4.17）,,73,16,B+,heavy,
マグナガントレ,手,183,159,封質 追撃 防護,ギガントガントレ,,,73,16,B+,heavy,
マグナグリーヴ,足,183,159,封質 追撃 防護,ギガントグリーヴ,,,73,16,B+,heavy,
グランドアーマー,体,404,351,反魂 祝福 追撃,レリックアーマー,タングステン 魔虫の毒爪 冥獣の毛皮×2 禍因の牙 （済）,,78,16,,heavy,
グランドガントレ,手,202,175,反魂 祝福 追撃,レリックガントレ,,,78,16,,heavy,
グランドグリーヴ,足,202,175,反魂 祝福 追撃,レリックグリーヴ,,,78,16,,heavy,
ティアマットハイド,体,449,390,遠望 追撃 残心,ボールドアーマー,狼王の鋭牙 妖馬の毛皮×2 根絶の牙 古獣の皮 （済ver4.17）,,83,18,B+,heavy,
ティアマットクロー,手,224,195,遠望 追撃 残心,ボールドガントレ,,,83,18,B+,heavy,
ティアマットフット,足,224,195,遠望 追撃 残心,ボールドグリーヴ,リュカオン,,83,18,B+,heavy,
戦神闘甲,体,491,427,封霊 祝福 速攻：左,夜叉胴丸,ガルヴォルン 魔王の妖爪 妖馬の毛皮×2 根絶の牙 （済）,,88,18,,heavy,
戦神腕甲,手,245,213,封霊 祝福 速攻：左,夜叉篭手,,,88,18,,heavy,
戦神脚甲,足,245,213,封霊 祝福 速攻：左,夜叉脛当,,,88,18,,heavy,
閻魔胴丸,体,541,471,封人 速攻：右 追撃,センチネルアーマー,竜王の猛牙 恐竜の堅皮×2 斬伐の爪 剛猛な皮,,93,20,B+,heavy,
閻魔脛当,足,270,235,封人 速攻：右 追撃,センチネルグリーヴ,,,93,20,B+,heavy,
ドゥクスアーマー,体,588,511,反魂 因果 心眼：右,ウィルムアーマー,竜王の猛牙 死魔の剛爪 恐竜の堅皮×2 竜王の幻鱗,,98,20,,heavy,
ドゥクスガントレ,手,294,255,反魂 因果 心眼：右,ウィルムガントレ,,,98,20,,heavy,
ドゥクスグリーヴ,足,294,255,反魂 因果 心眼：右,ウィルムグリーヴ,,,98,20,,heavy,
ブロンズアーマー,体,34,30,防護 封亜 守護,アイアンメイル,ブロンズ×(2or1) 巨獣の大角×2 呪師の古布 （済ver3.03）,,5,2,A,heavy,
ブロンズガントレ,手,17,15,防護 封亜 守護,アイアンガントレ,ブロンズ×(2or1) 巨獣の大角×2 呪師の古布 （済ver3.03）,,5,2,A,heavy,
ブロンズグリーヴ,足,17,15,防護 封亜 守護,アイアングリーヴ,ブロンズ×(2or1) 巨獣の大角×2 呪師の古布 （済ver3.03）,,5,2,A,heavy,
ワームスケイル,体,60,53,追撃 不導 変換,シルバーメイル,ティン×(2or1) 巨獣の幻角×2 魔竜の小鱗×(1or2) （済ver3.03）,,15,4,A,heavy,
ワームガントレ,手,30,26,追撃 不導 変換,シルバーガントレ,ティン×(2or1) 巨獣の幻角×2 魔竜の小鱗×(1or2) （済ver3.03）,,15,4,A,heavy,
ワームグリーヴ,足,30,26,追撃 不導 変換,シルバーグリーヴ,ティン×(2or1) 巨獣の幻角×2 魔竜の小鱗×(1or2) （済ver3.03）,,15,4,A,heavy,
サベージアーマー,体,94,83,追撃 封獣 加撃,プラチナアーマー,ゴールド(2or1) 魔竜の大牙×2 魔獣の鋭爪(1or2) （済ver3.03）,,25,6,A,heavy,
サベージガントレ,手,47,41,追撃 封獣 加撃,プラチナガントレ,ゴールド(2or1) 魔竜の大牙×2 魔獣の鋭爪(1or2) （済ver3.03）,,25,6,A,heavy,
サベージグリーヴ,足,47,41,追撃 封獣 加撃,プラチナグリーヴ,ゴールド(2or1) 魔竜の大牙×2 魔獣の鋭爪(1or2) （済ver3.03）,,25,6,A,heavy,
エンハンスアーマー,体,,,追撃 封亜 守護,ミスリルアーマー,イシルディン×2 狂竜の鋼牙 魔竜の堅皮×2,,35,8,A,heavy,
エンハンスガントレ,手,68,59,追撃 封亜 守護,ミスリルガントレ,イシルディン 狂竜の鋼牙×2 魔竜の堅皮×2,,35,8,A,heavy,
エンハンスグリーヴ,足,68,59,追撃 封亜 守護,ミスリルグリーヴ,イシルディン 狂竜の鋼牙×2 魔竜の堅皮×2,,35,8,A,heavy,
フェラルアーマー,体,188,163,追撃 不導 吸命,ダマスクスアーマー,モリブデン(2or1) 邪竜の鋼牙(2or3) 獣人の剛爪 （済ver3.03）,,45,10,A,heavy,
フェラルガントレ,手,94,81,追撃 不導 吸命,ダマスクスガントレ,モリブデン(2or1) 邪竜の鋼牙(2or3) 獣人の剛爪 （済ver3.03）,,45,10,A,heavy,
フェラルグリーヴ,足,94,81,追撃 不導 吸命,ダマスクスグリーヴ,モリブデン(2or1) 邪竜の鋼牙(2or3) 獣人の剛爪 （済ver3.03）,,45,10,A,heavy,
カーリッジアーマー,体,248,214,防護 封竜 加撃,ミーティアアーマー,エレクトラム(2or1) 奇獣の妖牙(1or2) 堅亀の猛爪 冥界の樹皮 （済）,,55,12,A,heavy,
カーリッジガントレ,手,124,107,防護 封竜 加撃,ミーティアガントレ,エレクトラム(2or1) 奇獣の妖牙(1or2) 堅亀の猛爪 冥界の樹皮 （済）,,55,12,A,heavy,
カーリッジグリーヴ,足,124,107,防護 封竜 加撃,ミーティアグリーヴ,エレクトラム(2or1) 奇獣の妖牙(1or2) 堅亀の猛爪 冥界の樹皮 （済）,,55,12,A,heavy,
サブリンメイル,体,317,273,祝福 封人 加撃,ドラゴンメイル,タングステン(2or1) 獣人の鋼牙(1or2) 水竜の鋭爪 奇顔の堅殻 （済）,,65,14,A,heavy,
サブリンガントレ,手,158,136,祝福 封人 加撃,ドラゴンガントレ,タングステン(2or1) 獣人の鋼牙(1or2) 水竜の鋭爪 奇顔の堅殻 （済）,,65,14,A,heavy,
サブリングリーヴ,足,158,136,祝福 封人 加撃,ドラゴングリーヴ,タングステン(2or1) 獣人の鋼牙(1or2) 水竜の鋭爪 奇顔の堅殻 （済）,,65,14,A,heavy,
ケーニッヒアーマー,体,394,345,速攻：左 加撃 速断,レリックアーマー,王者の証 ガルヴォルン(2or1) 鳥人の鋭嘴(0or1) 魔虫の毒爪 冥獣の毛皮 （済ver3.03）,,75,16,A,heavy,
ケーニッヒガントレ,手,197,172,速攻：左 加撃 速断,レリックガントレ,王者の証 ガルヴォルン(2or1) 鳥人の鋭嘴(0or1) 魔虫の毒爪 冥獣の毛皮 （済ver3.03）,,75,16,A,heavy,
ケーニッヒグリーヴ,足,197,172,速攻：左 加撃 速断,レリックグリーヴ,王者の証 ガルヴォルン(2or1) 鳥人の鋭嘴(0or1) 魔虫の毒爪 冥獣の毛皮 （済ver3.03）,,75,16,A,heavy,
ガーディアンメイル,体,,,追撃 瞬攻 極意：右,夜叉胴丸 （済ver3.03）,王家の証 アボイタカラ(2or1) 狼王の鋭牙 魔王の妖爪 妖馬の毛皮(0or1),,85,18,A,heavy,
ガーディアンハンド,手,,,追撃 瞬攻 極意：右,夜叉篭手 （済ver3.03）,王家の証 アボイタカラ(2or1) 狼王の鋭牙 魔王の妖爪 妖馬の毛皮(0or1),,85,18,A,heavy,
ガーディアンレッグ,足,,,追撃 瞬攻 極意：右,夜叉脛当,王家の証 アボイタカラ(2or1) 狼王の鋭牙 魔王の妖爪 妖馬の毛皮(0or1),,85,18,A,heavy,
キングスアーマー,体,579,507,祝福 極意：右 慧眼：右,ウィルムアーマー,王家の証 トラペゾヘドロン×2 死魔の剛爪 恐竜の堅皮,,95,20,A,heavy,
キングスガントレ,手,289,253,祝福 極意：右 慧眼：右,ウィルムガントレ,王家の証 トラペゾヘドロン 死魔の剛爪 恐竜の堅皮×2,,95,20,A,heavy,
キングスグリーヴ,足,289,253,祝福 極意：右 慧眼：右,ウィルムグリーヴ,王家の証 トラペゾヘドロン 死魔の剛爪 恐竜の堅皮×2,,95,20,A,heavy,
ウォリアーアーマー,体,79,69,追撃 追撃 加撃,,,重戦士の魂×2 萌黄の勲章 青褐の勲章,20,1,A+,heavy,WAR
ウォリアーガントレ,手,39,34,追撃 追撃 加撃,ワームガントレ,Str+20%（上限突破）,重戦士の魂×2 萌黄の勲章 青褐の勲章,20,1,A+,heavy,WAR
ウォリアーグリーヴ,足,39,34,追撃 追撃 加撃,ワームグリーヴ,クルーエルスカージ威力+5%,重戦士の魂×2 萌黄の勲章 青褐の勲章,20,1,A+,heavy,WAR
ナイトアーマー,体,79,69,心眼：右 速攻：右 極意：左,,,騎士の魂×2 萌黄の勲章 青褐の勲章 （済ver3.03）,20,1,A+,heavy,KNT
ナイトガントレ,手,39,34,心眼：右 速攻：右 極意：左,ワームガントレ,Vit+20%(上限突破),騎士の魂×2 萌黄の勲章 青褐の勲章 （済ver3.03）,20,1,A+,heavy,KNT
ナイトグリーヴ,足,39,34,心眼：右 速攻：右 極意：左,ワームグリーヴ,パイルスラスト威力+5%,騎士の魂×2 萌黄の勲章 青褐の勲章 （済ver3.03）,20,1,A+,heavy,KNT
バトラーアーマー,体,166,145,追撃 追撃 加撃,エンハンスアーマー,闘士の魂 重戦士の魂 騎士の魂 留紺の勲章 滅紫の勲章,闘士の魂 重戦士の魂 騎士の魂 留紺の勲章 滅紫の勲章,40,1,A+,heavy,GLD
バトラーガントレ,手,83,72,追撃 追撃 加撃,エンハンスガントレ,Str/Vit+10%(上限突破),闘士の魂 重戦士の魂 騎士の魂 留紺の勲章 滅紫の勲章,40,1,A+,heavy,GLD
バトラーグリーヴ,足,83,72,追撃 追撃 加撃,エンハンスグリーヴ,フォースリベレイション消費MP-20%,闘士の魂 重戦士の魂 騎士の魂 留紺の勲章 滅紫の勲章,40,1,A+,heavy,GLD
クルセイドアーマー,体,166,145,速攻：右 防護 守護,エンハンスアーマー,聖戦士の魂 騎士の魂 聖職者の魂 留紺の勲章 滅紫の勲章 （済ver3.03）,聖戦士の魂 騎士の魂 聖職者の魂 留紺の勲章 滅紫の勲章 （済ver3.03）,40,1,A+,heavy,CRD
クルセイドガントレ,手,83,72,速攻：右 防護 守護,エンハンスガントレ,Vit/Men+10%(上限突破),聖戦士の魂 騎士の魂 聖職者の魂 留紺の勲章 滅紫の勲章 （済ver3.03）,40,1,A+,heavy,CRD
クルセイドグリーヴ,体,,,速攻：右 防護 守護,エンハンスグリーヴ,アンプリファイ全体化,聖戦士の魂 騎士の魂 聖職者の魂 留紺の勲章 滅紫の勲章 （済ver3.03）,40,1,A+,heavy,CRD
ベルセルクアーマー,体,292,254,速攻：右 追撃 吸命,カーリッジアーマー,狂戦士の魂 剣士の魂 闘士の魂 紅緋の勲章 白群の勲章,狂戦士の魂 剣士の魂 闘士の魂 紅緋の勲章 白群の勲章,60,1,A+,heavy,BSK
ベルセルクガントレ,手,146,127,速攻：右 追撃 吸命,カーリッジガントレ,徐々にHP回復(小),狂戦士の魂 剣士の魂 闘士の魂 紅緋の勲章 白群の勲章,60,1,A+,heavy,BSK
ベルセルクグリーヴ,足,146,127,速攻：右 追撃 吸命,カーリッジグリーヴ,Str+20%(上限突破),狂戦士の魂 剣士の魂 闘士の魂 紅緋の勲章 白群の勲章,60,1,A+,heavy,BSK
ジェネラルアーマー,体,292,254,追撃 速攻：右 加撃,カーリッジアーマー,将軍の魂 闘士の魂 聖戦士の魂 紅緋の勲章 白群の勲章,将軍の魂 闘士の魂 聖戦士の魂 紅緋の勲章 白群の勲章,60,1,A+,heavy,GRL
ジェネラルガントレ,手,146,127,追撃 速攻：右 加撃,カーリッジガントレ,ストライクバック時被ダメージ-50%,将軍の魂 闘士の魂 聖戦士の魂 紅緋の勲章 白群の勲章,60,1,A+,heavy,GRL
ジェネラルグリーヴ,足,146,127,追撃 速攻：右 加撃,カーリッジグリーヴ,Vit+20%(上限突破),将軍の魂 闘士の魂 聖戦士の魂 紅緋の勲章 白群の勲章,60,1,A+,heavy,GRL
澤潟胴丸,体,,,心眼：右 追撃 極意：右,サブリンメイル,侍の魂 狂戦士の魂 将軍の魂 碧緑の勲章 紅緋の勲章,侍の魂 狂戦士の魂 将軍の魂 碧緑の勲章 紅緋の勲章,70,1,A+,heavy,SAM
澤潟脛当,足,Str,Vit+10%(上限突破),心眼：右 追撃 極意：右,サブリングリーヴ,Str/Vit+10%(上限突破),侍の魂 狂戦士の魂 将軍の魂 碧緑の勲章 紅緋の勲章,70,1,A+,heavy,SAM
パラディンアーマ－,体,369,320,心眼：右 防護 回生,サブリンメイル,聖騎士の魂 将軍の魂 聖人の魂 碧緑の勲章 紅緋の勲章,聖騎士の魂 将軍の魂 聖人の魂 碧緑の勲章 紅緋の勲章,70,1,A+,heavy,PLD
パラディンガントレ,手,184,160,心眼：右 防護 回生,サブリンガントレ,ペインフルサークルの攻撃速度+50%,聖騎士の魂 将軍の魂 聖人の魂 碧緑の勲章 紅緋の勲章,70,1,A+,heavy,PLD
パラディングリーヴ,足,Vit,Men+10%(上限突破),心眼：右 防護 回生,サブリングリーヴ,Vit/Men+10%(上限突破),聖騎士の魂 将軍の魂 聖人の魂 碧緑の勲章 紅緋の勲章,70,1,A+,heavy,PLD
ドラグーンアーマー,体,455,395,心眼：右 速攻：右 極意：右,ケーニッヒアーマー,竜戦士の魂×2 傭兵の魂 藍白の勲章 碧緑の勲章,竜戦士の魂×2 傭兵の魂 藍白の勲章 碧緑の勲章,80,1,A+,heavy,DRG
ドラグーンガントレ,手,227,197,心眼：右 速攻：右 極意：右,ケーニッヒガントレ,Str+10% /Dex/Vit+5%(上限突破),竜戦士の魂×2 傭兵の魂 藍白の勲章 碧緑の勲章,80,1,A+,heavy,DRG
ドラグーングリーヴ,足,227,197,心眼：右 速攻：右 極意：右,ケーニッヒグリーヴ,マーシーストロークの威力+5%,竜戦士の魂×2 傭兵の魂 藍白の勲章 碧緑の勲章,80,1,A+,heavy,DRG
クロムアーマ－,体,73,64,心眼：右 追撃 加撃,シルバーメイル,隊長の証×2 牛鬼の毛皮×2 魔鎧の尖角,,19,?,?,heavy,
クロムガントレ,手,36,32,心眼：右 追撃 加撃,シルバーガントレ,隊長の証 牛鬼の毛皮×2 怪魚の鋭牙 魔鎧の尖角,,19,?,?,heavy,
クロムグリーヴ,足,36,32,心眼：右 追撃 加撃,シルバーグリーヴ,隊長の証 牛鬼の毛皮×2 怪魚の鋭牙 魔鎧の尖角,,19,?,?,heavy,
ルフタアーマ－,体,81,72,慧眼：右 速攻：右 極意：右,クロムアーマー,団長の証×2 牛鬼の毛皮×2 魔鎧の尖角,,20,?,?,heavy,
ルフタガントレ,手,40,36,慧眼：右 速攻：右 極意：右,クロムガントレ,団長の証 牛鬼の毛皮×2 怪魚の鋭牙 魔鎧の尖角,,20,?,?,heavy,
ルフタグリーヴ,足,40,36,慧眼：右 速攻：右 極意：右,クロムグリーヴ,団長の証 牛鬼の毛皮×2 怪魚の鋭牙 魔鎧の尖角,,20,?,?,heavy,
グレイトメイル,体,43,38,封獣 祝福 加撃,アイアンメイル,強者の証 魔獣の大牙 魔獣の厚皮 巨獣の大角 アイアン （済）,,9,?,?,heavy,
グレイトガントレ,手,21,19,封獣 祝福 加撃,アイアンガントレ,強者の証 魔獣の大牙 魔獣の厚皮 巨獣の大角 アイアン （済）,,9,?,?,heavy,
グレイトグリーヴ,足,21,19,封獣 祝福 加撃,アイアングリーヴ,強者の証 魔獣の大牙 魔獣の厚皮 巨獣の大角 アイアン （済）,,9,?,?,heavy,
武者胴丸,体,73,64,残心 速攻：右 加撃,シルバーメイル,猛士の証 獄獣の毛皮 魔獣の炎角 魔竜の大鱗 （済）,,19,?,?,heavy,
武者脛当,足,36,32,残心 速攻：右 加撃,シルバーグリーヴ,猛士の証 獄獣の毛皮 魔獣の炎角 魔竜の大鱗 （済）,,19,?,?,heavy,
ソロウアーマ－,体,156,135,速攻：右 追撃 慧眼：右,ミスリルメイル,武将の証×2 霊木の樹皮×2 妖魔の大角,,39,8,A,heavy,
ソロウガントレ,手,78,67,速攻：右 追撃 慧眼：右,ミスリルガントレ,武将の証 竜人の鋭牙 霊木の樹皮×2 妖魔の大角,,39,8,A,heavy,
ソロウグリーヴ,足,78,67,速攻：右 追撃 慧眼：右,ミスリルグリーヴ,武将の証 竜人の鋭牙 霊木の樹皮×2 妖魔の大角,,39,8,A,heavy,
ディアボロアーマ－,体,174,150,極意：左 邪眼 極意：右,ソロウアーマー,大将の証×2 霊木の樹皮×2 妖魔の大角,,40,8,S,heavy,
ディアボロガントレ,手,87,75,極意：左 邪眼 極意：右,ソロウガントレ,大将の証 竜人の鋭牙 霊木の樹皮×2 妖魔の大角,,40,8,S,heavy,
ディアボログリーヴ,足,87,75,極意：左 邪眼 極意：右,ソロウグリーヴ,大将の証 竜人の鋭牙 霊木の樹皮×2 妖魔の大角,,40,8,S,heavy,
ルセントアーマー,体,110,96,封霊 祝福 守護,プラチナアーマー,義士の証 魔獣の鋭爪 太古の樹皮 魚人の大鱗 プラチナ （済）,,29,6,A,heavy,
ルセントガントレ,手,55,48,封霊 祝福 守護,プラチナガントレ,義士の証 魔獣の鋭爪 太古の樹皮 魚人の大鱗 プラチナ （済）,,29,6,A,heavy,
ルセントグリーヴ,足,55,48,封霊 祝福 守護,プラチナグリーヴ,義士の証 魔獣の鋭爪 太古の樹皮 魚人の大鱗 プラチナ （済）,,29,6,A,heavy,
スカルアーマー,体,156,135,速攻：左 戒心 吸命,ミスリルアーマー,志士の証 獣王の毛皮 死徒の幻角 魔竜の逆鱗 （済）,,39,8,A,heavy,
スカルガントレ,手,78,67,速攻：左 戒心 吸命,ミスリルガントレ,志士の証 獣王の毛皮 死徒の幻角 魔竜の逆鱗 （済）,,39,8,A,heavy,
スカルグリーヴ,足,78,67,速攻：左 戒心 吸命,ミスリルグリーヴ,志士の証 獣王の毛皮 死徒の幻角 魔竜の逆鱗 （済）,,39,8,A,heavy,
インペリアルメイル,体,210,184,速攻：右 心眼：右 極意：右,ダマスクスアーマー,子爵の証×2 竜人の堅皮×2 魔獣の岩角,,49,10,A,heavy,
インペリアルミッツ,手,105,82,速攻：右 心眼：右 極意：右,ダマスクスガントレ,子爵の証 獣竜の鋼牙 竜人の堅皮×2 魔獣の岩角,,49,10,A,heavy,
インペリアルブーツ,足,105,82,速攻：右 心眼：右 極意：右,ダマスクスグリーヴ,子爵の証 獣竜の鋼牙 竜人の堅皮×2 魔獣の岩角,,49,10,A,heavy,
コマンダーアーマー,体,233,201,天眼 追撃 極意：左,インペリアルメイル,元帥の証×2 竜人の堅皮×2 魔獣の岩角,,50,10,S,heavy,
コマンダーガントレ,手,116,100,天眼 追撃 極意：左,インペリアルミッツ,元帥の証 獣竜の鋼牙 竜人の堅皮×2 魔獣の岩角,,50,10,S,heavy,
コマンダーグリーヴ,足,116,100,天眼 追撃 極意：左,インペリアルブーツ,元帥の証 獣竜の鋼牙 竜人の堅皮×2 魔獣の岩角,,50,10,S,heavy,
羅刹胴丸,体,183,158,封人 因果 加撃,オーラプレート,豪傑の証 イシルディン 獣人の剛爪 聖獣の上皮 邪竜の大鱗 （済）,,44,10,A,heavy,
羅刹脛当,足,91,79,封人 因果 加撃,オーラグリーヴ,豪傑の証 イシルディン 獣人の剛爪 聖獣の上皮 邪竜の大鱗 （済）,,44,10,A,heavy,
ダイダロスメイル,体,184,210,防護 追撃 守護,ダマスクスアーマー,武人の証 巨獣の堅皮 竜王の大鱗 ゴールド×2 （済）,,49,10,A,heavy,
ダイダロスガントレ,手,92,105,防護 追撃 守護,ダマスクスガントレ,武人の証 巨獣の堅皮 竜王の大鱗 ゴールド×2 （済）,,49,10,A,heavy,
ダイダロスグリーヴ,足,92,105,防護 追撃 守護,ダマスクスグリーヴ,武人の証 巨獣の堅皮 竜王の大鱗 ゴールド×2 （済）,,49,10,A,heavy,
ブラストアーマー,体,242,209,鎮火 因果 加撃,ミストアーマー,偉人の証 堅亀の猛爪 冥界の樹皮 古魚の甲鱗 獣鬼の爪 （済）,,54,12,A,heavy,
ブラストガントレ,手,121,104,鎮火 因果 加撃,ミストガントレ,偉人の証 堅亀の猛爪 冥界の樹皮 古魚の甲鱗 獣鬼の爪 （済）,,54,12,A,heavy,
ブラストグリーヴ,足,121,104,鎮火 因果 加撃,ミストグリーヴ,偉人の証 堅亀の猛爪 冥界の樹皮 古魚の甲鱗 獣鬼の爪 （済）,,54,12,A,heavy,
鬼神闘甲,体,273,239,速攻：右 追撃 極意：右,ミーティアアーマー,幽人の証 造魔の堅皮×2 光竜の煌鱗 エレクトラム （済）,,59,12,A,heavy,
鬼神腕甲,手,136,119,速攻：右 追撃 極意：右,ミーティアガントレ,幽人の証 造魔の堅皮×2 光竜の煌鱗 エレクトラム （済）,,59,12,A,heavy,
鬼神脚甲,足,136,119,速攻：右 追撃 極意：右,ミーティアグリーヴ,幽人の証 造魔の堅皮×2 光竜の煌鱗 エレクトラム （済）,,59,12,A,heavy,
修羅胴丸,体,310,267,追撃 追撃 吸命,ブラッドアーマー,猟犬座の星玉 岩魔の堅殻×2 水竜の大鱗 漆黒の爪 （済）,,64,14,A,heavy,
修羅脛当,足,155,133,追撃 追撃 吸命,ブラッドグリーヴ,猟犬座の星玉 岩魔の堅殻×2 水竜の大鱗 漆黒の爪 （済）,,64,14,A,heavy,
ダーマットアーマー,体,369,320,速攻：左 極意：左 加撃,ドラゴンメイル,風鳥座の星玉 岩魔の堅殻×2 竜人の鋭爪 タングステン （済）,,70,14,A+,heavy,
ダーマットガントレ,手,184,160,速攻：左 極意：左 加撃,ドラゴンガントレ,風鳥座の星玉 岩魔の堅殻×2 竜人の鋭爪 タングステン （済）,,70,14,A+,heavy,
ダーマットグリーヴ,足,184,160,速攻：左 極意：左 加撃,ドラゴングリーヴ,風鳥座の星玉 岩魔の堅殻×2 竜人の鋭爪 タングステン （済）,,70,14,A+,heavy,
バルバロスアーマー,体,387,338,追撃 速攻：右 変換,ギガントアーマー,牛飼座の星玉 翼獣の毛皮×2 魔虫の毒爪 古竜の堅鱗 （済）,,74,16,A,heavy,
バルバロスガントレ,手,193,169,追撃 速攻：右 変換,ギガントガントレ,牛飼座の星玉 翼獣の毛皮×2 魔虫の毒爪 古竜の堅鱗 （済）,,74,16,A,heavy,
バルバロスグリーヴ,足,193,169,追撃 速攻：右 変換,ギガントグリーヴ,牛飼座の星玉 翼獣の毛皮×2 魔虫の毒爪 古竜の堅鱗 （済）,,74,16,A,heavy,
アルコンアーマー,体,455,395,速攻：右 極意：右 加撃,レリックアーマー,山猫座の星玉 死竜の剛爪 翼獣の毛皮×2 ガルヴォルン,,80,16,A+,heavy,
アルコンガントレ,手,227,197,速攻：右 極意：右 加撃,レリックガントレ,山猫座の星玉 死竜の剛爪 翼獣の毛皮×2 ガルヴォルン,,80,16,A+,heavy,
アルコングリーヴ,足,227,197,速攻：右 極意：右 加撃,レリックグリーヴ,山猫座の星玉 死竜の剛爪 翼獣の毛皮×2 ガルヴォルン,,80,16,A+,heavy,
コンバットアーマー,体,,,追撃 速断 加撃,バルバロスアーマー,南十字座の星玉 山猫座の星玉 翼獣の毛皮 ガルヴォルン,,80,?,?,heavy,WAR
コンバットガントレ,手,,,追撃 速断 加撃,バルバロスガントレ,Str+20%(上限突破),,80,?,?,heavy,WAR
コンバットグリーヴ,足,,,追撃 速断 加撃,バルバロスグリーヴ,クルーエルスカージ威力+5%,,80,?,?,heavy,WAR
リッターアーマー,体,,,速攻：右 極意：右 極意：左,バルバロスアーマー,南十字座の星玉 山猫座の星玉 翼獣の毛皮 ガルヴォルン,,80,?,?,heavy,KNT
リッターガントレ,手,,,速攻：右 極意：右 極意：左,バルバロスガントレ,Vit+20%(上限突破),,80,?,?,heavy,KNT
リッターグリーヴ,足,,,速攻：右 極意：右 極意：左,バルバロスグリーヴ,パイルスラスト威力+5%,,80,?,?,heavy,KNT
アビスアーマー,体,,,追撃 加撃 吸命,バルバロスアーマー,孔雀座の星玉 山猫座の星玉 翼獣の毛皮 ガルヴォルン,,80,?,?,heavy,BSK
アビスガントレ,手,,,追撃 加撃 吸命,バルバロスガントレ,?,,80,?,?,heavy,BSK
アビスグリーヴ,足,,,追撃 加撃 吸命,バルバロスグリーヴ,蛇姫の聖衣,,80,?,?,heavy,BSK
マーシャルアーマー,体,,,速攻：右 極意：左 加撃,バルバロスアーマー,孔雀座の星玉 山猫座の星玉 翼獣の毛皮 ガルヴォルン,,80,?,?,heavy,GRL
マーシャルガントレ,手,,,速攻：右 極意：左 加撃,バルバロスガントレ,?,,80,?,?,heavy,GRL
マーシャルグリーヴ,足,,,速攻：右 極意：左 加撃,バルバロスグリーヴ,蛇姫の聖衣,,80,?,?,heavy,GRL
ブリガンドアーマー,体,473,414,速攻：右 追撃 加撃,ボールドアーマー,鳩座の星玉 蟻王の柔皮×２ 古竜の煌鱗 魔人の妖爪 （済）,,84,18,A,heavy,
ブリガンドガントレ,手,237,207,速攻：右 追撃 加撃,ボールドガントレ,鳩座の星玉 蟻王の柔皮×２ 古竜の煌鱗 魔人の妖爪 （済）,,84,18,A,heavy,
ブリガンドグリーヴ,足,237,207,速攻：右 追撃 加撃,ボールドグリーヴ,鳩座の星玉 蟻王の柔皮×２ 古竜の煌鱗 魔人の妖爪 （済）,,84,18,A,heavy,
オリヴィエアーマー,体,551,478,速攻：右 瞬攻：左 守護,夜叉胴丸,三角座の星玉 鳥人の双翼 蟻王の柔皮×２ アボイタカラ,,90,18,A+,heavy,
オリヴィエガントレ,手,275,239,速攻：右 瞬攻：左 守護,夜叉篭手,三角座の星玉 鳥人の双翼 蟻王の柔皮×２ アボイタカラ,,90,18,A+,heavy,
オリヴィエグリーヴ,足,275,239,速攻：右 瞬攻：左 守護,夜叉脛当,三角座の星玉 鳥人の双翼 蟻王の柔皮×２ アボイタカラ,,90,18,A+,heavy,
デュエルアーマー,体,,,追撃 吸命 加撃,ブリガンドアーマー,琴座の星玉 三角座の星玉 蟻王の柔皮×２ アボイタカラ,,90,?,?,heavy,GLD
デュエルガントレ,手,Str,Vit+10%(上限突破),追撃 吸命 加撃,ブリガンドガントレ,Str/Vit+10%(上限突破),,90,?,?,heavy,GLD
デュエルグリーヴ,足,Str,Vit+10%(上限突破),追撃 吸命 加撃,ブリガンドグリーヴ,フォースリベレイション消費MP-20%,,90,?,?,heavy,GLD
クリードアーマー,体,575,496,防護 速断 守護,ブリガンドアーマー,琴座の星玉 三角座の星玉 蟻王の柔皮×２ アボイタカラ,,90,18,S,heavy,CRD
クリードガントレ,手,Vit,Men+10%(上限突破),防護 速断 守護,ブリガンドガントレ,Vit/Men+10%(上限突破),,90,18,S,heavy,CRD
クリードグリーヴ,体,,,防護 速断 守護,ブリガンドグリーヴ,アンプリファイ全体化,,90,18,S,heavy,CRD
薄金胴丸,体,,,追撃 瞬攻：右 極意：右,ブリガンドアーマー,蛇遣座の星玉 三角座の星玉 蟻王の柔皮×２ アボイタカラ,,90,?,?,heavy,SAM
薄金脛当,足,Str,Vit+10%(上限突破),追撃 瞬攻：右 極意：右,ブリガンドグリーヴ,Str/Vit+10%(上限突破),,90,?,?,heavy,SAM
ホーリーアーマー,体,,,防護 天授 回生,ブリガンドアーマー,蛇遣座の星玉 三角座の星玉 蟻王の柔皮×２ アボイタカラ,,90,?,?,heavy,PLD
ホーリーガントレ,手,,,防護 天授 回生,ブリガンドガントレ,ペインフルサークルの攻撃速度+50%,,90,?,?,heavy,PLD
ホーリーグリーヴ,足,Vit,Men+10%(上限突破),防護 天授 回生,ブリガンドグリーヴ,Vit/Men+10%(上限突破),,90,?,?,heavy,PLD
コラプトアーマー,体,570,498,心眼：右 追撃 瞬攻：右,センチネルアーマー,蛇女の印章 醜怪な牙 甲獣の殻×2 極彩の鱗,,94,20,,heavy,
コラプトガントレ,手,285,249,心眼：右 追撃 瞬攻：右,センチネルガントレ,蛇女の印章 醜怪な牙 甲獣の殻×2 極彩の鱗,,94,20,,heavy,
コラプトグリーヴ,足,285,249,心眼：右 追撃 瞬攻：右,センチネルグリーヴ,蛇女の印章 醜怪な牙 甲獣の殻×2 極彩の鱗,,94,20,,heavy,
ノルドールアーマー,体,664,578,速攻：左 慧眼：左 極意：左,ウィルムアーマー,悪竜の印章 トラペゾヘドロン×2 奇獣の甲殻 竜王の煌鱗,,100,20,,heavy,
ノルドールガントレ,手,332,289,速攻：左 慧眼：左 極意：左,ウィルムガントレ,悪竜の印章 怪鳥の大嘴 奇獣の甲殻×2 竜王の煌鱗,,100,20,,heavy,
ノルドールグリーヴ,足,332,289,速攻：左 慧眼：左 極意：左,ウィルムグリーヴ,悪竜の印章 怪鳥の大嘴 奇獣の甲殻×2 竜王の煌鱗,,100,20,,heavy,
ドラゴニア？？？,体,,,速攻：右 極意：右 慧眼：右,,,,100,20,,heavy,DRG
ドラゴニア？？？,手,,,速攻：右 極意：右 慧眼：右,,,,100,20,,heavy,DRG
ドラゴニア？？？,足,,,速攻：右 極意：右 慧眼：右,,,,100,20,,heavy,DRG
グレイアーマー,体,25,22,防護 追撃 回生,,,,1,4,B+,heavy,
グレイガントレ,手,12,11,防護 追撃 回生,,,,1,4,B+,heavy,
グレイグリーヴ,足,12,11,防護 追撃 回生,,,,1,4,B+,heavy,
リーガルアーマー,体,,,守護 追撃 回生,グレイアーマー,王者の証 太古の鋼牙 冥鳥の毛皮 （済ver3.03）,,50,10,A+,heavy,
リーガルガントレ,手,,,守護 追撃 回生,グレイガントレ,冥鳥の大翼 海竜の逆鱗,,50,10,A+,heavy,
リーガルグリーヴ,足,,,守護 追撃 回生,グレイグリーヴ,冥鳥の毛皮 古獣の氷角,,50,10,A+,heavy,
カイザーアーマー,体,369,320,加撃 速攻：右 天授,グレイアーマー,帝王の証 タングステン 恐獣の大爪 獣王の上皮 魔界の呪布 （済）,,70,14,A+,heavy,
カイザーガントレ,手,184,160,加撃 速攻：右 天授,グレイガントレ,帝王の証 タングステン 恐獣の大爪 獣王の上皮 魔界の呪布 （済）,,70,14,A+,heavy,
カイザーグリーヴ,足,184,160,加撃 速攻：右 天授,グレイグリーヴ,帝王の証 タングステン 恐獣の大爪 獣王の上皮 魔界の呪布 （済）,,70,14,A+,heavy,
ルーンアーマー,体,26,23,防護 残心 加撃,,,"ダブの鍛冶屋にて各500,000ベロで購入可",1,1,A+,heavy,
ルーンガントレ,手,13,11,防護 残心 加撃,,,"ダブの鍛冶屋にて各500,000ベロで購入可",1,1,A+,heavy,
ルーングリーヴ,足,13,11,防護 残心 加撃,,,"ダブの鍛冶屋にて各500,000ベロで購入可",1,1,A+,heavy,
リジディティメイル,体,35,31,因果 追撃 回生,,,,5,1,A+,heavy,
リジディティハンド,手,17,15,因果 追撃 回生,,,,5,1,A+,heavy,
リジディティレッグ,足,17,15,因果 追撃 回生,,,,5,1,A+,heavy,
カースドアーマー,体,62,54,俊敏 速攻：右 極意：右,,,,15,3,A+,heavy,
カースドガントレ,手,31,27,俊敏 速攻：右 極意：右,,,,15,3,A+,heavy,
カースドグリーヴ,足,31,27,俊敏 速攻：右 極意：右,,,,15,3,A+,heavy,
ガラハッドアーマー,体,98,86,戒心 追撃 守護,,,,25,5,A+,heavy,
ガラハッドガントレ,手,49,43,戒心 追撃 守護,,,,25,5,A+,heavy,
ガラハッドグリーヴ,足,49,43,戒心 追撃 守護,,,,25,5,A+,heavy,
ワイバーンスケイル,体,142,124,祝福 防護 加撃,,,,35,7,A+,heavy,
ワイバーンガントレ,手,71,62,祝福 防護 加撃,,,,35,7,A+,heavy,
ワイバーングリーヴ,足,71,62,祝福 防護 加撃,,,,35,7,A+,heavy,
パーシバルアーマー,体,195,169,追撃 残心 変換,,,,45,9,A+,heavy,
パーシバルガントレ,手,97,84,追撃 残心 変換,,,,45,9,A+,heavy,
パーシバルグリーヴ,足,97,84,追撃 残心 変換,,,,45,9,A+,heavy,
イアソンアーマー,体,256,223,追撃 俊敏 加撃,,,,55,11,A+,heavy,
イアソンガントレ,手,128,111,追撃 俊敏 加撃,,,,55,11,A+,heavy,
イアソングリーヴ,足,128,111,追撃 俊敏 加撃,,,,55,11,A+,heavy,
ガウェインアーマー,体,327,284,速攻：右 追撃 吸命,,,,65,13,A+,heavy,
ガウェインガントレ,手,163,142,速攻：右 追撃 吸命,,,,65,13,A+,heavy,
ガウェイングリーヴ,足,163,142,速攻：右 追撃 吸命,,,,65,13,A+,heavy,
テュデウスアーマー,体,413,358,俊敏 速攻：右 加撃,,,,75,15,A+,heavy,
テュデウスガントレ,手,206,179,俊敏 速攻：右 加撃,,,,75,15,A+,heavy,
テュデウスグリーヴ,足,206,179,俊敏 速攻：右 加撃,,,,75,15,A+,heavy,
ユリシーズアーマー,体,504,438,追撃 速攻：左 極意：左,,,,85,17,A+,heavy,
ユリシーズガントレ,手,252,219,追撃 速攻：左 極意：左,,,,85,17,A+,heavy,
ユリシーズグリーヴ,足,252,219,追撃 速攻：左 極意：左,,,,85,17,A+,heavy,
ソールアーマー,体,606,526,速攻：右 追撃 極意：右,,,,95,19,A+,heavy,
ソールガントレ,手,303,263,速攻：右 追撃 極意：右,,,,95,19,A+,heavy,
ソールグリーヴ,足,303,263,速攻：右 追撃 極意：右,,,,95,19,A+,heavy,
ガレスアーマー,体,,,極意:右 速攻 加撃,リジディティメイル,破血晶 覇王の証 剣聖の証,,10,?,?,heavy,
ガレスガントレ,手,,,極意:右 速攻 加撃,リジディティハンド,破血晶 覇王の証 剣聖の証,,10,?,?,heavy,
ガレスグリーヴ,足,,,極意:右 速攻 加撃,,破血晶 覇王の証 剣聖の証,,10,?,?,heavy,
鬼哭胴丸,体,,,加撃 速攻 極意,ガラハッドアーマー,破血晶 英雄の証 剣聖の証,,30,?,?,heavy,
鬼哭脛当,足,65,56,加撃 速攻 極意,ガラハッドグリーヴ,破血晶 英雄の証 剣聖の証,,30,?,?,heavy,
アトロポスアーマー,体,179,156,極意：右 追撃 吸命,,,,40,10,S+,heavy,
アトロポスガントレ,手,89,78,極意：右 追撃 吸命,ワイバーンガントレ,,,40,10,S+,heavy,
アトロポスグリーヴ,足,89,78,極意：右 追撃 吸命,ワイバーングリーヴ,,,40,10,S+,heavy,
テュールアーマー,体,,,極意：左 速攻：左 加撃,パーシバルアーマー,破心晶 英雄の証 君主の証,,50,?,?,heavy,
テュールガントレ,手,,,極意：左 速攻：左 加撃,パーシバルガントレ,破心晶 英雄の証 君主の証,,50,?,?,heavy,
テュールグリーヴ,足,,,極意：左 速攻：左 加撃,パーシバルグリーヴ,破心晶 英雄の証 君主の証,,50,?,?,heavy,
カエサルアーマー,体,,,極意：右 追撃 極意：左,イアソンアーマー,破命晶 破気晶,,60,12,SS,heavy,
カエサルガントレ,手,,,極意：右 追撃 極意：左,イアソンガントレ,破命晶 破気晶,,60,12,SS,heavy,
カエサルグリーヴ,足,,,極意：右 追撃 極意：左,イアソングリーヴ,破命晶 破気晶,,60,12,SS,heavy,
武神闘甲,体,,,速断 追撃 極意,ガヴェインアーマー,破命晶 覇王の証 君主の証,,70,?,?,heavy,
武神腕甲,手,,,速断 追撃 極意,ガヴェインガントレ,破命晶 覇王の証 君主の証,,70,?,?,heavy,
武神脚甲,足,,,速断 追撃 極意,ガヴェイングリーヴ,破命晶 覇王の証 君主の証,,70,?,?,heavy,
エンペラーアーマー,体,,,瞬攻：左 追撃 極意：左,テュデウスアーマー,破活晶 帝王の証,,80,?,?,heavy,
エンペラーガントレ,手,,,瞬攻：左 追撃 極意：左,テュデウスガントレ,破活晶 帝王の証,,80,?,?,heavy,
エンペラーグリーヴ,足,,,瞬攻：左 追撃 極意：左,テュデウスグリーヴ,破活晶 帝王の証,,80,?,?,heavy,
ファイターアーマー,体,,,速断 追撃 猛撃,テュデウスアーマー,破活晶 破魂晶 南十字座の星玉,,80,?,?,heavy,WAR
ファイターガントレ,手,,,速断 追撃 猛撃,テュデウスガントレ,Str+20%(上限突破),,80,?,?,heavy,WAR
ファイターグリーヴ,足,,,速断 追撃 猛撃,テュデウスグリーヴ,クルーエルスカージ威力+5%,,80,?,?,heavy,WAR
シュバリエアーマー,体,,,極意：右 速攻：右 奥意,テュデウスアーマー,破活晶 破魂晶 南十字座の星玉,,80,?,?,heavy,KNT
シュバリエガントレ,手,,,極意：右 速攻：右 奥意,テュデウスガントレ,Vit+20%(上限突破),,80,?,?,heavy,KNT
シュバリエグリーヴ,足,,,極意：右 速攻：右 奥意,テュデウスグリーヴ,パイルスラスト威力+5%,,80,?,?,heavy,KNT
ドゥームアーマー,体,,,加撃 追撃 吸魂,テュデウスアーマー,破活晶 破魂晶 孔雀座の星玉,,80,16,SS,heavy,BSK
ドゥームガントレ,手,,,加撃 追撃 吸魂,テュデウスガントレ,徐々にHP回復(小),,80,16,SS,heavy,BSK
ドゥームグリーヴ,足,,,加撃 追撃 吸魂,テュデウスグリーヴ,Str+20%(上限突破),,80,16,SS,heavy,BSK
タイクーンアーマー,体,,,極意：左 速攻：右 猛撃,テュデウスアーマー,破活晶 破魂晶 孔雀座の星玉,,80,?,?,heavy,GRL
タイクーンガントレ,手,,,極意：左 速攻：右 猛撃,テュデウスガントレ,ストライクバック時被ダメージ-50%,,80,?,?,heavy,GRL
タイクーングリーヴ,足,,,極意：左 速攻：右 猛撃,テュデウスグリーヴ,Vit+20%(上限突破),,80,?,?,heavy,GRL
ヴィクターアーマー,体,,,吸命 追撃 猛撃,ユリシーズアーマー,破活晶 破魄晶 琴座の星玉,,90,?,?,heavy,GLD
ヴィクターガントレ,手,Str,Vit+10%(上限突破),吸命 追撃 猛撃,ユリシーズガントレ,Str/Vit+10%(上限突破),,90,?,?,heavy,GLD
ヴィクターグリーヴ,足,Str,Vit+10%(上限突破),吸命 追撃 猛撃,ユリシーズグリーヴ,フォースリベレイション消費MP-20%,,90,?,?,heavy,GLD
デバウトアーマー,体,,,速断 防護 冥護,ユリシーズアーマー,破活晶 破魄晶 琴座の星玉,,90,?,?,heavy,CRD
デバウトガントレ,手,Vit,Men+10%(上限突破),速断 防護 冥護,ユリシーズガントレ,Vit/Men+10%(上限突破),,90,?,?,heavy,CRD
デバウトグリーヴ,体,,,速断 防護 冥護,ユリシーズグリーヴ,アンプリファイ全体化,,90,?,?,heavy,CRD
八龍胴丸,体,,,瞬攻：右 追撃 奥意,ユリシーズアーマー,破活晶 破魄晶 蛇遣座の星玉,,90,?,?,heavy,SAM
八龍脛当,足,Str,Vit+10%(上限突破),瞬攻：右 追撃 奥意,ユリシーズグリーヴ,Str/Vit+10%(上限突破),,90,?,?,heavy,SAM
ディバインアーマー,体,,,天授 防護 転生,ユリシーズアーマー,破活晶 破魄晶 蛇遣座の星玉,,90,?,?,heavy,PLD
ディバインガントレ,手,,,天授 防護 転生,ユリシーズガントレ,ペインフルサークルの攻撃速度+50%,,90,?,?,heavy,PLD
ディバイングリーヴ,足,Vit,Men+10%(上限突破),天授 防護 転生,ユリシーズグリーヴ,Vit/Men+10%(上限突破),,90,?,?,heavy,PLD
ドラグナーアーマー,体,736,643,極意：右 速攻：右 神眼,ソールアーマー,破躰晶 破念晶 環蛇の印章,,100,20,SS,heavy,DRG
ドラグナーガントレ,手,368,321,極意：右 速攻：右 神眼,ソールガントレ,Str+10%/Dex/Vit+5%(上限突破),,100,20,SS,heavy,DRG
ドラグナーグリーヴ,足,368,321,極意：右 速攻：右 神眼,ソールグリーヴ,マーシーストロークの威力+5%,,100,20,SS,heavy,DRG
アルケインアーマー,体,26,23,速攻：右 追撃 慧眼：右,,,,1,1,,heavy,
アルケインガントレ,手,13,11,速攻：右 追撃 慧眼：右,,,,1,1,,heavy,
アルケイングリーヴ,足,13,11,速攻：右 追撃 慧眼：右,,,,1,1,,heavy,
ミシカルアーマー,体,,,追撃 極意：右 加撃,アルケインアーマー,破生晶,,1,1,,heavy,
ミシカルガントレ,手,,,追撃 極意：右 加撃,アルケインガントレ,破生晶,,1,1,,heavy,
ミシカルグリーヴ,足,,,追撃 極意：右 加撃,アルケイングリーヴ,破生晶,,1,1,,heavy,
セラフィムアーマー,体,27,24,極意：左 速攻：左 慧眼：左,ミシカルアーマー,破死晶,,1,1,S+,heavy,
セラフィムガントレ,手,13,12,極意：左 速攻：左 慧眼：左,ミシカルガントレ,破死晶,,1,1,S+,heavy,
セラフィムグリーヴ,足,13,12,極意：左 速攻：左 慧眼：左,ミシカルグリーヴ,破死晶,,1,1,S+,heavy,
トワイライトメイル,体,28,25,極意：右 戒心 神授,ミシカルアーマー,破死晶 団長の証,,1,1,SS,heavy,
トワイライトハンド,手,14,12,極意：右 戒心 神授,ミシカルガントレ,破死晶 団長の証,,1,1,SS,heavy,
トワイライトレッグ,足,14,12,極意：右 戒心 神授,ミシカルグリーヴ,破死晶 団長の証,,1,1,SS,heavy,
イブリースアーマー,体,,,瞬攻：右 追撃 猛撃,ミシカルアーマー,破死晶 大将の証,,1,1,,heavy,
イブリースガントレ,手,,,瞬攻：右 追撃 猛撃,ミシカルガントレ,破死晶 大将の証,,1,1,,heavy,
イブリースグリーヴ,足,,,瞬攻：右 追撃 猛撃,ミシカルグリーヴ,破死晶 大将の証,,1,1,,heavy,
エミネントアーマー,体,,,慧眼：右 速攻：右 奥意,ミシカルアーマー,破死晶 元帥の証,,1,1,,heavy,
エミネントガントレ,手,14,12,慧眼：右 速攻：右 奥意,ミシカルガントレ,破死晶 元帥の証,,1,1,,heavy,
エミネントグリーヴ,足,14,12,慧眼：右 速攻：右 奥意,ミシカルグリーヴ,破死晶 元帥の証,,1,1,,heavy,