name,dlcName,copper,silver,gold,shadow,huang,normal,coinType,notice
アスタジア銅貨,悠久を翔る廃都,0,0,0,0,,,アスタジア系貨幣,
アスタジア銀貨,悠久を翔る廃都,0,0,0,0,,,アスタジア系貨幣,
アスタジア金貨,悠久を翔る廃都,0,0,0,0,,,アスタジア系貨幣,
怪魚の鋭牙,悠久を翔る廃都,10,0,0,0,,,アスタジア系貨幣,
幽鬼の硬骨,悠久を翔る廃都,10,0,0,0,,,アスタジア系貨幣,
魔鎧の尖角,悠久を翔る廃都,10,0,0,0,,,アスタジア系貨幣,
魔女の妖爪,悠久を翔る廃都,10,0,0,0,,,アスタジア系貨幣,
海竜の鮮血,悠久を翔る廃都,10,0,0,0,,,アスタジア系貨幣,
牛鬼の毛皮,悠久を翔る廃都,10,0,0,0,,,アスタジア系貨幣,
堕徒の呪布,悠久を翔る廃都,10,0,0,0,,,アスタジア系貨幣,
蛇姫の彩鱗,悠久を翔る廃都,10,0,0,0,,,アスタジア系貨幣,
隊長の証,悠久を翔る廃都,10,10,0,0,,,アスタジア系貨幣,
牧師の証,悠久を翔る廃都,10,10,0,0,,,アスタジア系貨幣,
団長の証,悠久を翔る廃都,0,10,10,0,,,アスタジア系貨幣,
神父の証,悠久を翔る廃都,0,10,10,0,,,アスタジア系貨幣,
アンハーク銅貨,砂漠に眠る王墓,0,0,0,0,,,アンハーク系貨幣,
アンハーク銀貨,砂漠に眠る王墓,0,0,0,0,,,アンハーク系貨幣,
アンハーク金貨,砂漠に眠る王墓,0,0,0,0,,,アンハーク系貨幣,
魔獣の炎角,砂漠に眠る王墓,10,0,0,0,,,アンハーク系貨幣,
鳥獣の堅骨,砂漠に眠る王墓,10,0,0,0,,,アンハーク系貨幣,
堕天の双翼,砂漠に眠る王墓,10,0,0,0,,,アンハーク系貨幣,
巨獣の双牙,砂漠に眠る王墓,10,0,0,0,,,アンハーク系貨幣,
聖恩の上布,砂漠に眠る王墓,10,0,0,0,,,アンハーク系貨幣,
魔亀の紅血,砂漠に眠る王墓,10,0,0,0,,,アンハーク系貨幣,
獄獣の毛皮,砂漠に眠る王墓,10,0,0,0,,,アンハーク系貨幣,
魔竜の大鱗,砂漠に眠る王墓,10,0,0,0,,,アンハーク系貨幣,
強者の証,砂漠に眠る王墓,10,0,0,0,,,アンハーク系貨幣,
狩人の証,砂漠に眠る王墓,10,0,0,0,,,アンハーク系貨幣,
守人の証,砂漠に眠る王墓,10,0,0,0,,,アンハーク系貨幣,
猛士の証,砂漠に眠る王墓,10,10,0,0,,,アンハーク系貨幣,
聖徒の証,砂漠に眠る王墓,10,10,0,0,,,アンハーク系貨幣,
勇者の証,砂漠に眠る王墓,10,10,0,0,,,アンハーク系貨幣,
英雄の証,砂漠に眠る王墓,0,10,10,0,,,アンハーク系貨幣,
賢者の証,砂漠に眠る王墓,0,10,10,0,,,アンハーク系貨幣,
英雄紋,砂漠に眠る王墓,0,20,20,0,,,アンハーク系貨幣,
賢者紋,砂漠に眠る王墓,0,20,20,0,,,アンハーク系貨幣,
スダルカン銅貨,絶海に浮ぶ孤城,0,0,0,0,,,スダルカン系貨幣,
スダルカン銀貨,絶海に浮ぶ孤城,0,0,0,0,,,スダルカン系貨幣,
スダルカン金貨,絶海に浮ぶ孤城,0,0,0,0,,,スダルカン系貨幣,
星鍵石,絶海に浮ぶ孤城,5,0,0,0,,,スダルカン系貨幣,
緑鍵石,絶海に浮ぶ孤城,20,20,0,0,,,スダルカン系貨幣,
黄鍵石,絶海に浮ぶ孤城,20,20,0,0,,,スダルカン系貨幣,
黒鍵石,絶海に浮ぶ孤城,20,20,0,0,,,スダルカン系貨幣,
剣の鍵,絶海に浮ぶ孤城,0,5,0,0,,,スダルカン系貨幣,
棍棒の鍵,絶海に浮ぶ孤城,10,10,0,0,,,スダルカン系貨幣,
貨幣の鍵,絶海に浮ぶ孤城,15,15,0,0,,,スダルカン系貨幣,
聖杯の鍵,絶海に浮ぶ孤城,0,15,15,0,,,スダルカン系貨幣,
猟犬座の星玉,絶海に浮ぶ孤城,10,0,0,0,,,スダルカン系貨幣,
古代の油液,絶海に浮ぶ孤城,0,10,0,0,,,スダルカン系貨幣,
魔人の呪角,絶海に浮ぶ孤城,0,10,0,0,,,スダルカン系貨幣,
恐獣の大牙,絶海に浮ぶ孤城,0,10,0,0,,,スダルカン系貨幣,
竜人の鋭爪,絶海に浮ぶ孤城,0,10,0,0,,,スダルカン系貨幣,
蛇妖の幻鱗,絶海に浮ぶ孤城,0,10,0,0,,,スダルカン系貨幣,
岩魔の堅殻,絶海に浮ぶ孤城,0,10,0,0,,,スダルカン系貨幣,
神徒の聖衣,絶海に浮ぶ孤城,0,10,0,0,,,スダルカン系貨幣,
死王の聖骨,絶海に浮ぶ孤城,0,10,0,0,,,スダルカン系貨幣,
風鳥座の星玉,絶海に浮ぶ孤城,10,10,0,0,,,スダルカン系貨幣,
旗魚座の星玉,絶海に浮ぶ孤城,0,10,10,0,,,スダルカン系貨幣,
竜骨座の星玉,絶海に浮ぶ孤城,0,10,10,0,,,スダルカン系貨幣,
冠座の星玉,絶海に浮ぶ孤城,0,10,10,0,,,スダルカン系貨幣,
祭壇座の星玉,絶海に浮ぶ孤城,0,10,10,0,,,スダルカン系貨幣,
破気晶,絶海に浮ぶ孤城,0,20,20,0,,,スダルカン系貨幣,
ルディーグ銅貨,雪渓に佇む魔城,0,0,0,0,,,ルディーグ系貨幣,
ルディーグ銀貨,雪渓に佇む魔城,0,0,0,0,,,ルディーグ系貨幣,
ルディーグ金貨,雪渓に佇む魔城,0,0,0,0,,,ルディーグ系貨幣,
闘人の証,雪渓に佇む魔城,10,0,0,0,,,ルディーグ系貨幣,
行者の証,雪渓に佇む魔城,10,0,0,0,,,ルディーグ系貨幣,
義士の証,雪渓に佇む魔城,10,0,0,0,,,ルディーグ系貨幣,
太古の幻骨,雪渓に佇む魔城,10,0,0,0,,,ルディーグ系貨幣,
氷塊の歯牙,雪渓に佇む魔城,10,0,0,0,,,ルディーグ系貨幣,
氷竜の大爪,雪渓に佇む魔城,10,0,0,0,,,ルディーグ系貨幣,
死徒の幻角,雪渓に佇む魔城,10,0,0,0,,,ルディーグ系貨幣,
獣王の毛皮,雪渓に佇む魔城,10,0,0,0,,,ルディーグ系貨幣,
氷王の羽衣,雪渓に佇む魔城,10,0,0,0,,,ルディーグ系貨幣,
蛙王の唾液,雪渓に佇む魔城,10,0,0,0,,,ルディーグ系貨幣,
魔竜の逆鱗,雪渓に佇む魔城,10,0,0,0,,,ルディーグ系貨幣,
賢人の証,雪渓に佇む魔城,10,10,0,0,,,ルディーグ系貨幣,
壮士の証,雪渓に佇む魔城,10,10,0,0,,,ルディーグ系貨幣,
志士の証,雪渓に佇む魔城,10,10,0,0,,,ルディーグ系貨幣,
導師の証,雪渓に佇む魔城,0,10,10,0,,,ルディーグ系貨幣,
剣聖の証,雪渓に佇む魔城,0,10,10,0,,,ルディーグ系貨幣,
導師紋,雪渓に佇む魔城,0,20,20,0,,,ルディーグ系貨幣,
剣聖紋,雪渓に佇む魔城,0,20,20,0,,,ルディーグ系貨幣,
デショング銅貨,炎塵に霞む遺産,0,0,0,0,,,デショング系貨幣,
デショング銀貨,炎塵に霞む遺産,0,0,0,0,,,デショング系貨幣,
デショング金貨,炎塵に霞む遺産,0,0,0,0,,,デショング系貨幣,
豪傑の証,炎塵に霞む遺産,10,0,0,0,,,デショング系貨幣,
巨獣の堅皮,炎塵に霞む遺産,10,0,0,0,,,デショング系貨幣,
太古の妖骨,炎塵に霞む遺産,10,0,0,0,,,デショング系貨幣,
獣王の大牙,炎塵に霞む遺産,10,0,0,0,,,デショング系貨幣,
竜人の妖血,炎塵に霞む遺産,10,0,0,0,,,デショング系貨幣,
魔牛の双角,炎塵に霞む遺産,10,0,0,0,,,デショング系貨幣,
魔王の大爪,炎塵に霞む遺産,10,0,0,0,,,デショング系貨幣,
武神の法衣,炎塵に霞む遺産,10,0,0,0,,,デショング系貨幣,
竜王の大鱗,炎塵に霞む遺産,10,0,0,0,,,デショング系貨幣,
武人の証,炎塵に霞む遺産,10,10,0,0,,,デショング系貨幣,
覚者の証,炎塵に霞む遺産,10,10,0,0,,,デショング系貨幣,
治者の証,炎塵に霞む遺産,10,10,0,0,,,デショング系貨幣,
君主の証,炎塵に霞む遺産,0,10,10,0,,,デショング系貨幣,
教主の証,炎塵に霞む遺産,0,10,10,0,,,デショング系貨幣,
君主紋,炎塵に霞む遺産,0,20,20,0,,,デショング系貨幣,
教主紋,炎塵に霞む遺産,0,20,20,0,,,デショング系貨幣,
ユグラスク銅貨,雷雲を貫く巨塔,0,0,0,0,,,ユグラスク系貨幣,
ユグラスク銀貨,雷雲を貫く巨塔,0,0,0,0,,,ユグラスク系貨幣,
ユグラスク金貨,雷雲を貫く巨塔,0,0,0,0,,,ユグラスク系貨幣,
偉人の証,雷雲を貫く巨塔,10,0,0,0,,,ユグラスク系貨幣,
獣人の双翼,雷雲を貫く巨塔,10,0,0,0,,,ユグラスク系貨幣,
光竜の煌鱗,雷雲を貫く巨塔,10,0,0,0,,,ユグラスク系貨幣,
造魔の堅皮,雷雲を貫く巨塔,10,0,0,0,,,ユグラスク系貨幣,
幻獣の大骨,雷雲を貫く巨塔,10,0,0,0,,,ユグラスク系貨幣,
魔界の幻布,雷雲を貫く巨塔,10,0,0,0,,,ユグラスク系貨幣,
古竜の鋼牙,雷雲を貫く巨塔,10,0,0,0,,,ユグラスク系貨幣,
空魚の雷角,雷雲を貫く巨塔,10,0,0,0,,,ユグラスク系貨幣,
魔人の黒血,雷雲を貫く巨塔,10,0,0,0,,,ユグラスク系貨幣,
烈士の証,雷雲を貫く巨塔,10,10,0,0,,,ユグラスク系貨幣,
仁者の証,雷雲を貫く巨塔,10,10,0,0,,,ユグラスク系貨幣,
幽人の証,雷雲を貫く巨塔,10,10,0,0,,,ユグラスク系貨幣,
聖王の証,雷雲を貫く巨塔,0,10,10,0,,,ユグラスク系貨幣,
覇王の証,雷雲を貫く巨塔,0,10,10,0,,,ユグラスク系貨幣,
聖王紋,雷雲を貫く巨塔,0,20,20,0,,,ユグラスク系貨幣,
覇王紋,雷雲を貫く巨塔,0,20,20,0,,,ユグラスク系貨幣,
エドゥルム銅貨,深奥に潜む魔宮,,,,,,,エドゥルム系貨幣,
エドゥルム銀貨,深奥に潜む魔宮,,,,,,,エドゥルム系貨幣,
エドゥルム金貨,深奥に潜む魔宮,,,,,,,エドゥルム系貨幣,
エドゥルム幻貨,深奥に潜む魔宮,,,,,,,エドゥルム系貨幣,
指輪の鍵,深奥に潜む魔宮,5,0,0,0,,,エドゥルム系貨幣,
十字架の鍵,深奥に潜む魔宮,10,10,0,0,,,エドゥルム系貨幣,
軍旗の鍵,深奥に潜む魔宮,20,20,0,0,,,エドゥルム系貨幣,
宝玉の鍵,深奥に潜む魔宮,0,0,15,15,,,エドゥルム系貨幣,
八分儀座の星玉,深奥に潜む魔宮,10,,,,,,エドゥルム系貨幣,
蜥蜴座の星玉,深奥に潜む魔宮,10,,,,,,エドゥルム系貨幣,
牛飼座の星玉,深奥に潜む魔宮,10,,,,,,エドゥルム系貨幣,
幻竜の大牙,深奥に潜む魔宮,,10,,,,,エドゥルム系貨幣,
死竜の剛爪,深奥に潜む魔宮,,10,,,,,エドゥルム系貨幣,
翼獣の毛皮,深奥に潜む魔宮,,10,,,,,エドゥルム系貨幣,
魔王の妖骨,深奥に潜む魔宮,,10,,,,,エドゥルム系貨幣,
機兵の体液,深奥に潜む魔宮,,10,,,,,エドゥルム系貨幣,
蛇姫の聖衣,深奥に潜む魔宮,,10,,,,,エドゥルム系貨幣,
堕徒の呪角,深奥に潜む魔宮,,10,,,,,エドゥルム系貨幣,
妖魔の大鱗,深奥に潜む魔宮,,10,,,,,エドゥルム系貨幣,
海豚座の星玉,深奥に潜む魔宮,,10,10,,,,エドゥルム系貨幣,
山猫座の星玉,深奥に潜む魔宮,,10,10,,,,エドゥルム系貨幣,
馭者座の星玉,深奥に潜む魔宮,,10,10,,,,エドゥルム系貨幣,
烏座の星玉,深奥に潜む魔宮,,10,10,,,,エドゥルム系貨幣,
南十字座の星玉,深奥に潜む魔宮,,,10,20,,,エドゥルム系貨幣,
孔雀座の星玉,深奥に潜む魔宮,,,10,20,,,エドゥルム系貨幣,
破魂晶,深奥に潜む魔宮,,20,20,,,,エドゥルム系貨幣,
ダイアロナ銅貨,崖下に伏す古跡,,,,,,,ダイアロナ系貨幣,
ダイアロナ銀貨,崖下に伏す古跡,,,,,,,ダイアロナ系貨幣,
ダイアロナ金貨,崖下に伏す古跡,,,,,,,ダイアロナ系貨幣,
ダイアロナ幻貨,崖下に伏す古跡,,,,,,,ダイアロナ系貨幣,
斧の鍵,崖下に伏す古跡,5,,,,,,ダイアロナ系貨幣,
盾の鍵,崖下に伏す古跡,5,10,,,,,ダイアロナ系貨幣,
鎧の鍵,崖下に伏す古跡,10,15,,,,,ダイアロナ系貨幣,
霊薬の鍵,崖下に伏す古跡,,,15,15,,,ダイアロナ系貨幣,
橙鍵石,崖下に伏す古跡,5,5,,,,,ダイアロナ系貨幣,
盾座の星玉,崖下に伏す古跡,10,,,,,,ダイアロナ系貨幣,
海蛇座の星玉,崖下に伏す古跡,10,,,,,,ダイアロナ系貨幣,
鳩座の星玉,崖下に伏す古跡,10,,,,,,ダイアロナ系貨幣,
氷獣の凍牙,崖下に伏す古跡,,10,,,,,ダイアロナ系貨幣,
造魔の工骨,崖下に伏す古跡,,10,,,,,ダイアロナ系貨幣,
魔鎧の鋼角,崖下に伏す古跡,,10,,,,,ダイアロナ系貨幣,
鳥人の双翼,崖下に伏す古跡,,10,,,,,ダイアロナ系貨幣,
死徒の髄液,崖下に伏す古跡,,10,,,,,ダイアロナ系貨幣,
蟻王の柔皮,崖下に伏す古跡,,10,,,,,ダイアロナ系貨幣,
悪鬼の呪衣,崖下に伏す古跡,,10,,,,,ダイアロナ系貨幣,
古竜の幻鱗,崖下に伏す古跡,,10,,,,,ダイアロナ系貨幣,
鯨座の星玉,崖下に伏す古跡,,10,10,,,,ダイアロナ系貨幣,
大熊座の星玉,崖下に伏す古跡,,10,10,,,,ダイアロナ系貨幣,
羅針盤座の星玉,崖下に伏す古跡,,10,10,,,,ダイアロナ系貨幣,
三角座の星玉,崖下に伏す古跡,,10,10,,,,ダイアロナ系貨幣,
琴座の星玉,崖下に伏す古跡,,,10,20,,,ダイアロナ系貨幣,
蛇遣座の星玉,崖下に伏す古跡,,,10,20,,,ダイアロナ系貨幣,
破魄晶,崖下に伏す古跡,,20,20,,,,ダイアロナ系貨幣,
ヴェロロム銅貨,瘴気を纏う城塞,,,,,,,ヴェロロム系貨幣,
ヴェロロム銀貨,瘴気を纏う城塞,,,,,,,ヴェロロム系貨幣,
ヴェロロム金貨,瘴気を纏う城塞,,,,,,,ヴェロロム系貨幣,
竜人の鋭牙,瘴気を纏う城塞,10,,,,,,ヴェロロム系貨幣,
火竜の焦骨,瘴気を纏う城塞,10,,,,,,ヴェロロム系貨幣,
妖魔の大角,瘴気を纏う城塞,10,,,,,,ヴェロロム系貨幣,
妖婦の艶爪,瘴気を纏う城塞,10,,,,,,ヴェロロム系貨幣,
魔蛙の粘液,瘴気を纏う城塞,10,,,,,,ヴェロロム系貨幣,
霊木の樹皮,瘴気を纏う城塞,10,,,,,,ヴェロロム系貨幣,
魔人の戦衣,瘴気を纏う城塞,10,,,,,,ヴェロロム系貨幣,
竜王の鋼鱗,瘴気を纏う城塞,10,,,,,,ヴェロロム系貨幣,
四葉の鍵晶,瘴気を纏う城塞,10,10,,,,,ヴェロロム系貨幣,
武将の証,瘴気を纏う城塞,10,10,,,,,ヴェロロム系貨幣,
軍師の証,瘴気を纏う城塞,10,10,,,,,ヴェロロム系貨幣,
大将の証,瘴気を纏う城塞,,10,10,,,,ヴェロロム系貨幣,
宰相の証,瘴気を纏う城塞,,10,10,,,,ヴェロロム系貨幣,
リーボ銅貨,呪縛に抗う血族,,,,,,,リーボ系貨幣,
リーボ銀貨,呪縛に抗う血族,,,,,,,リーボ系貨幣,
リーボ金貨,呪縛に抗う血族,,,,,,,リーボ系貨幣,
獣竜の鋼牙,呪縛に抗う血族,10,,,,,,リーボ系貨幣,
死徒の妖骨,呪縛に抗う血族,10,,,,,,リーボ系貨幣,
魔獣の岩角,呪縛に抗う血族,10,,,,,,リーボ系貨幣,
獣鬼の鋭爪,呪縛に抗う血族,10,,,,,,リーボ系貨幣,
機兵の油液,呪縛に抗う血族,10,,,,,,リーボ系貨幣,
竜人の堅皮,呪縛に抗う血族,10,,,,,,リーボ系貨幣,
武神の闘衣,呪縛に抗う血族,10,,,,,,リーボ系貨幣,
火獣の炎鱗,呪縛に抗う血族,10,,,,,,リーボ系貨幣,
石像の鍵晶,呪縛に抗う血族,10,10,,,,,リーボ系貨幣,
子爵の証,呪縛に抗う血族,10,10,,,,,リーボ系貨幣,
法師の証,呪縛に抗う血族,10,10,,,,,リーボ系貨幣,
元帥の証,呪縛に抗う血族,,10,10,,,,リーボ系貨幣,
大師の証,呪縛に抗う血族,,10,10,,,,リーボ系貨幣,
シヴィエ銅貨,時空を漂う宝殿,,,,,,,シヴィエ系貨幣,
シヴィエ銀貨,時空を漂う宝殿,,,,,,,シヴィエ系貨幣,
シヴィエ金貨,時空を漂う宝殿,,,,,,,シヴィエ系貨幣,
封陽石I,時空を漂う宝殿,15,,,,,,シヴィエ系貨幣,
封陰石I,時空を漂う宝殿,15,,,,,,シヴィエ系貨幣,
封陽石II,時空を漂う宝殿,,20,,,,,シヴィエ系貨幣,
封陰石II,時空を漂う宝殿,,20,,,,,シヴィエ系貨幣,
封巧石I,時空を漂う宝殿,10,,,,,,シヴィエ系貨幣,
封巧石II,時空を漂う宝殿,15,,,,,,シヴィエ系貨幣,
封巧石III,時空を漂う宝殿,20,,,,,,シヴィエ系貨幣,
封巧石IV,時空を漂う宝殿,25,,,,,,シヴィエ系貨幣,
封巧石V,時空を漂う宝殿,,25,,,,,シヴィエ系貨幣,
封技石,時空を漂う宝殿,15,,,,,,シヴィエ系貨幣,
封匠石I,時空を漂う宝殿,15,,,,,,シヴィエ系貨幣,
封匠石II,時空を漂う宝殿,30,,,,,,シヴィエ系貨幣,
封匠石III,時空を漂う宝殿,,30,,,,,シヴィエ系貨幣,
破生晶,時空を漂う宝殿,20,20,,,,,シヴィエ系貨幣,
破死晶,時空を漂う宝殿,,20,20,,,,シヴィエ系貨幣,
太古の鋼牙,,10,,,,,,レンビオン系貨幣,探求者への依頼
冥獣の大翼,,10,,,,,,レンビオン系貨幣,探求者への依頼
冥獣の毛皮,,10,,,,,,レンビオン系貨幣,探求者への依頼
古獣の氷骨,,10,,,,,,レンビオン系貨幣,探求者への依頼
神秘の液体,,10,,,,,,レンビオン系貨幣,探求者への依頼
金色の絹布,,10,,,,,,レンビオン系貨幣,探求者への依頼
古獣の氷角,,10,,,,,,レンビオン系貨幣,探求者への依頼
海竜の逆鱗,,10,,,,,,レンビオン系貨幣,探求者への依頼
魔竜の眼,,,5,,,,,レンビオン系貨幣,探求者への依頼
イリティス,,10,10,,,,,レンビオン系貨幣,探求者への依頼
王者の証,,,10,20,,,,レンビオン系貨幣,探求者への依頼
紫鍵石,,10,,,,,,ファムルク系貨幣,伝説への挑戦Lv72
碧鍵石,,10,10,,,,,ファムルク系貨幣,伝説への挑戦Lv72
緋鍵石,,,10,10,,,,ファムルク系貨幣,伝説への挑戦Lv72
竜人の鋼牙,,10,,,,,,ファムルク系貨幣,伝説への挑戦Lv72
恐獣の大爪,,10,,,,,,ファムルク系貨幣,伝説への挑戦Lv72
獣王の上皮,,10,,,,,,ファムルク系貨幣,伝説への挑戦Lv72
死竜の大骨,,10,,,,,,ファムルク系貨幣,伝説への挑戦Lv72
古代の滑液,,10,,,,,,ファムルク系貨幣,伝説への挑戦Lv72
魔界の呪布,,10,,,,,,ファムルク系貨幣,伝説への挑戦Lv72
魔人の妖角,,10,,,,,,ファムルク系貨幣,伝説への挑戦Lv72
獣人の剛鱗,,10,,,,,,ファムルク系貨幣,伝説への挑戦Lv72
貴族の証,,20,10,,,,,ファムルク系貨幣,伝説への挑戦Lv72
王家の証,,,10,20,,,,ファムルク系貨幣,伝説への挑戦Lv72
藍鍵石,,10,,,,,,ダジルラン系貨幣,伝説への挑戦Lv92
桃鍵石,,10,10,,,,,ダジルラン系貨幣,伝説への挑戦Lv92
翠鍵石,,,10,10,,,,ダジルラン系貨幣,伝説への挑戦Lv92
怪竜の毒牙,,10,,,,,,ダジルラン系貨幣,伝説への挑戦Lv92
呪鬼の鋭爪,,10,,,,,,ダジルラン系貨幣,伝説への挑戦Lv92
巨亀の堅殻,,10,,,,,,ダジルラン系貨幣,伝説への挑戦Lv92
冥土の枯骨,,10,,,,,,ダジルラン系貨幣,伝説への挑戦Lv92
太古の燃油,,10,,,,,,ダジルラン系貨幣,伝説への挑戦Lv92
天使の羽衣,,10,,,,,,ダジルラン系貨幣,伝説への挑戦Lv92
水精の妖角,,10,,,,,,ダジルラン系貨幣,伝説への挑戦Lv92
地竜の鋼鱗,,10,,,,,,ダジルラン系貨幣,伝説への挑戦Lv92
南天の星玉,,20,10,,,,,ダジルラン系貨幣,伝説への挑戦Lv92
北天の星玉,,,10,20,,,,ダジルラン系貨幣,伝説への挑戦Lv92
黄道の星玉,,20,20,20,,,,ダジルラン系貨幣,伝説への挑戦Lv92
満天の星玉,,40,40,40,,,,ダジルラン系貨幣,伝説への挑戦Lv92
太陽の欠片,,10,,,,,,グスタレナ系貨幣,封印されし迷宮
満月の欠片,,10,,,,,,グスタレナ系貨幣,封印されし迷宮
天空の欠片,,10,,,,,,グスタレナ系貨幣,封印されし迷宮
大海の欠片,,10,,,,,,グスタレナ系貨幣,封印されし迷宮
閑雲の欠片,,10,,,,,,グスタレナ系貨幣,封印されし迷宮
大河の欠片,,10,,,,,,グスタレナ系貨幣,封印されし迷宮
湖心の欠片,,,10,,,,,グスタレナ系貨幣,封印されし迷宮
山嶺の欠片,,,10,,,,,グスタレナ系貨幣,封印されし迷宮
大地の欠片,,,10,,,,,グスタレナ系貨幣,封印されし迷宮
森林の欠片,,,10,,,,,グスタレナ系貨幣,封印されし迷宮
瀑布の欠片,,,,10,,,,グスタレナ系貨幣,封印されし迷宮
草原の欠片,,,,10,,,,グスタレナ系貨幣,封印されし迷宮
岩盤の欠片,,,,10,,,,グスタレナ系貨幣,封印されし迷宮
環礁の欠片,,,,10,,,,グスタレナ系貨幣,封印されし迷宮
風穴の欠片,,,,,10,,,グスタレナ系貨幣,封印されし迷宮
虹霓の欠片,,,,,10,,,グスタレナ系貨幣,封印されし迷宮
海溝の欠片,,,,,10,,,グスタレナ系貨幣,封印されし迷宮
孤島の欠片,,,,,10,,,グスタレナ系貨幣,封印されし迷宮
流星の欠片,,,,,,10,,グスタレナ系貨幣,封印されし迷宮
大気の欠片,,,,,,10,,グスタレナ系貨幣,封印されし迷宮
封陽石I,,15,,,,,,グスタレナ系貨幣,封印されし迷宮
封陰石I,,15,,,,,,グスタレナ系貨幣,封印されし迷宮
封巧石I,,10,,,,,,グスタレナ系貨幣,封印されし迷宮
封巧石II,,15,,,,,,グスタレナ系貨幣,封印されし迷宮
封巧石III,,20,,,,,,グスタレナ系貨幣,封印されし迷宮
封巧石IV,,25,,,,,,グスタレナ系貨幣,封印されし迷宮
封技石,,15,,,,,,グスタレナ系貨幣,封印されし迷宮
封匠石I,,15,,,,,,グスタレナ系貨幣,封印されし迷宮
封匠石II,,30,,,,,,グスタレナ系貨幣,封印されし迷宮
破血晶,,20,,,,,,グスタレナ系貨幣,封印されし迷宮
破心晶,,,20,,,,,グスタレナ系貨幣,封印されし迷宮
破命晶,,,,20,,,,グスタレナ系貨幣,封印されし迷宮
破活晶,,,,,20,,,グスタレナ系貨幣,封印されし迷宮
破躰晶,,,,,,20,,グスタレナ系貨幣,封印されし迷宮
昇撃紋,,30,,,,,,グスタレナ系貨幣,封印されし迷宮
旋墜紋,,,30,,,,,グスタレナ系貨幣,封印されし迷宮
裂破紋,,,,30,,,,グスタレナ系貨幣,封印されし迷宮
散裂紋,,,,,30,,,グスタレナ系貨幣,封印されし迷宮
圧墜紋,,30,,,,,,グスタレナ系貨幣,封印されし迷宮
斬空紋,,,30,,,,,グスタレナ系貨幣,封印されし迷宮
烈衝紋,,,,30,,,,グスタレナ系貨幣,封印されし迷宮
破防紋,,,,,30,,,グスタレナ系貨幣,封印されし迷宮
青藍の勲章,,,,,,,5,アイアン,
真紅の勲章,,,,,,,10,アイアン,
鋭利な牙,,,,,,,10,アイアン,
尖った骨,,,,,,,10,アイアン,
小さな角,,,,,,,10,アイアン,
獣人の爪,,,,,,,10,アイアン,
謎の液体,,,,,,,10,アイアン,
上質な皮,,,,,,,10,アイアン,
柔かい布,,,,,,,10,アイアン,
アイアン,,,,,,,10,アイアン,
ガーネット,,,,,,,10,アイアン,
魔獣の大牙,,,,,,,15,アイアン,
魔人の頭骨,,,,,,,15,アイアン,
巨獣の大角,,,,,,,15,アイアン,
魔人の翼爪,,,,,,,15,アイアン,
毒性の体液,,,,,,,15,アイアン,
魔獣の厚皮,,,,,,,15,アイアン,
呪師の古布,,,,,,,15,アイアン,
魚人の小鱗,,,,,,,15,アイアン,
青褐の勲章,,,,,20,,50,アイアン,
ブロンズ,,,,,20,,,アイアン,
オニキス,,,,,20,,,アイアン,
太陽の欠片,,,,,10,,,アイアン,
満月の欠片,,,,,10,,,アイアン,
紫黒の勲章,,,,,,,5,シルバー,
青鈍の勲章,,,,,,,10,シルバー,
野生の牙,,,,,,,10,シルバー,
強靭な骨,,,,,,,10,シルバー,
ねじれた角,,,,,,,10,シルバー,
魔獣の翼,,,,,,,10,シルバー,
濁った液,,,,,,,10,シルバー,
硬質の殻,,,,,,,10,シルバー,
丈夫な布,,,,,,,10,シルバー,
シルバー,,,,,,,10,シルバー,
ジルコン,,,,,,,10,シルバー,
獣人の鋭牙,,,,,,,15,シルバー,
巨獣の堅骨,,,,,,,15,シルバー,
巨獣の幻角,,,,,,,15,シルバー,
魔竜の大爪,,,,,,,15,シルバー,
魔竜の鮮血,,,,,,,15,シルバー,
鳥獣の毛皮,,,,,,,15,シルバー,
血染の妖布,,,,,,,15,シルバー,
魔竜の小鱗,,,,,,,15,シルバー,
萌黄の勲章,,,,,20,,50,シルバー,
ティン,,,,,20,,,シルバー,
ジェーダイト,,,,,20,,,シルバー,
天空の欠片,,,,,10,,,シルバー,
大海の欠片,,,,,10,,,シルバー,
白緑の勲章,,,,,,,5,プラチナ,
真朱の勲章,,,,,,,10,プラチナ,
猛毒の牙,,,,,,,10,プラチナ,
戦人の骨,,,,,,,10,プラチナ,
雄々しい角,,,,,,,10,プラチナ,
太古の爪,,,,,,,10,プラチナ,
怪しい液,,,,,,,10,プラチナ,
獣人の皮,,,,,,,10,プラチナ,
繊細な布,,,,,,,10,プラチナ,
プラチナ,,,,,,,10,プラチナ,
トパーズ,,,,,,,10,プラチナ,
魔竜の大牙,,,,,,,15,プラチナ,
魔人の妖骨,,,,,,,15,プラチナ,
太古の堅角,,,,,,,15,プラチナ,
魔獣の鋭爪,,,,,,,15,プラチナ,
魔蠍の体液,,,,,,,15,プラチナ,
太古の樹皮,,,,,,,15,プラチナ,
魔界の黒布,,,,,,,15,プラチナ,
魚人の大鱗,,,,,,,15,プラチナ,
滅紫の勲章,,,,,20,,50,プラチナ,
ゴールド,,,,,20,,,プラチナ,
ペリドット,,,,,20,,,プラチナ,
閑雲の欠片,,,,,10,,,プラチナ,
大河の欠片,,,,,10,,,プラチナ,
紺碧の勲章,,,,,,,5,ミスリル,
月白の勲章,,,,,,,10,ミスリル,
混沌の牙,,,,,,,10,ミスリル,
竜人の骨,,,,,,,10,ミスリル,
勇壮な角,,,,,,,10,ミスリル,
死人の爪,,,,,,,10,ミスリル,
竜人の血,,,,,,,10,ミスリル,
猛獣の皮,,,,,,,10,ミスリル,
高級な布,,,,,,,10,ミスリル,
ミスリル,,,,,,,10,ミスリル,
アクアマリン,,,,,,,10,ミスリル,
狂竜の鋼牙,,,,,,,15,ミスリル,
死徒の幻骨,,,,,,,15,ミスリル,
死徒の妖角,,,,,,,15,ミスリル,
妖魔の黒翼,,,,,,,15,ミスリル,
未知の液体,,,,,,,15,ミスリル,
魔竜の堅皮,,,,,,,15,ミスリル,
死霊の呪布,,,,,,,15,ミスリル,
魔竜の剛鱗,,,,,,,15,ミスリル,
留紺の勲章,,,,,20,,50,ミスリル,
イシルディン,,,,,20,,,ミスリル,
マラカイト,,,,,20,,,ミスリル,
湖心の欠片,,,,,10,,,ミスリル,
山嶺の欠片,,,,,10,,,ミスリル,
藤黄の勲章,,,,,,,5,ダマスカス,
鉄黒の勲章,,,,,,,10,ダマスカス,
醜悪な牙,,,,,,,10,ダマスカス,
鬼人の骨,,,,,,,10,ダマスカス,
強堅な角,,,,,,,10,ダマスカス,
真紅の爪,,,,,,,10,ダマスカス,
魔人の血,,,,,,,10,ダマスカス,
野獣の皮,,,,,,,10,ダマスカス,
死界の布,,,,,,,10,ダマスカス,
ダマスカス,,,,,,,10,ダマスカス,
サファイア,,,,,,,10,ダマスカス,
邪竜の鋼牙,,,,,,,15,ダマスカス,
死徒の頭骨,,,,,,,15,ダマスカス,
魔王の大角,,,,,,,15,ダマスカス,
獣人の剛爪,,,,,,,15,ダマスカス,
大蛇の鮮血,,,,,,,15,ダマスカス,
聖獣の上皮,,,,,,,15,ダマスカス,
魔界の妖布,,,,,,,15,ダマスカス,
邪竜の大鱗,,,,,,,15,ダマスカス,
白群の勲章,,,,,20,,50,ダマスカス,
モリブデン,,,,,20,,,ダマスカス,
トルマリン,,,,,20,,,ダマスカス,
大地の欠片,,,,,10,,,ダマスカス,
森林の欠片,,,,,10,,,ダマスカス,
腐臭の牙,,,,,,,10,メテオライト,
死士の骨,,,,,,,10,メテオライト,
いびつな角,,,,,,,10,メテオライト,
獣鬼の爪,,,,,,,10,メテオライト,
魅惑の液,,,,,,,10,メテオライト,
狂獣の皮,,,,,,,10,メテオライト,
透明な布,,,,,,,10,メテオライト,
メテオライト,,,,,,,10,メテオライト,
ルビー,,,,,,,10,メテオライト,
奇獣の妖牙,,,,,,,15,メテオライト,
蛇獣の軟骨,,,,,,,15,メテオライト,
竜王の黒角,,,,,,,15,メテオライト,
堅亀の猛爪,,,,,,,15,メテオライト,
造魔の体液,,,,,,,15,メテオライト,
冥界の樹皮,,,,,,,15,メテオライト,
魔界の紅布,,,,,,,15,メテオライト,
古魚の甲鱗,,,,,,,15,メテオライト,
紅緋の勲章,,,,,20,,50,メテオライト,
黒蛇印の鍵,,,,,,,15,メテオライト,
奇獣印の鍵,,,,,,,15,メテオライト,
死王印の鍵,,,,,5,,15,メテオライト,
エレクトラム,,,,,20,,,メテオライト,
エメラルド,,,,,20,,,メテオライト,
瀑布の欠片,,,,,10,,,メテオライト,
草原の欠片,,,,,10,,,メテオライト,
破滅の牙,,,,,,,10,アダマン,
屈強な骨,,,,,,,10,アダマン,
猛々しい角,,,,,,,10,アダマン,
漆黒の爪,,,,,,,10,アダマン,
魔性の血,,,,,,,10,アダマン,
凶獣の皮,,,,,,,10,アダマン,
古代の布,,,,,,,10,アダマン,
アダマンタイト,,,,,,,10,アダマン,
ダイアモンド,,,,,,,10,アダマン,
獣人の鋼牙,,,,,,,15,アダマン,
恐獣の大骨,,,,,,,15,アダマン,
死竜の双角,,,,,,,15,アダマン,
水竜の鋭爪,,,,,,,15,アダマン,
竜人の鮮血,,,,,,,15,アダマン,
奇顔の堅殻,,,,,,,15,アダマン,
死界の妖布,,,,,,,15,アダマン,
水竜の大鱗,,,,,,,15,アダマン,
碧緑の勲章,,,,,20,,50,アダマン,
竜人印の鍵,,,,,,,15,アダマン,
奇顔印の鍵,,,,,,,15,アダマン,
鬼人印の鍵,,,,,5,,15,アダマン,
タングステン,,,,,20,,,アダマン,
パール,,,,,20,,,アダマン,
岩盤の欠片,,,,,10,,,アダマン,
環礁の欠片,,,,,10,,,アダマン,
禍因の牙,,,,,,,10,オリハルコン,
邪鬼の骨,,,,,,,10,オリハルコン,
呪詛の角,,,,,,,10,オリハルコン,
残虐な爪,,,,,,,10,オリハルコン,
致死の毒,,,,,,,10,オリハルコン,
魔獣の殻,,,,,,,10,オリハルコン,
上世の布,,,,,,,10,オリハルコン,
オリハルコン,,,,,,,10,オリハルコン,
クリスタル,,,,,,,10,オリハルコン,
鳥人の鋭嘴,,,,,,,15,オリハルコン,
古竜の幻骨,,,,,,,15,オリハルコン,
造魔の鋼角,,,,,,,15,オリハルコン,
魔虫の毒爪,,,,,,,15,オリハルコン,
魔人の妖血,,,,,,,15,オリハルコン,
冥獣の毛皮,,,,,,,15,オリハルコン,
魔神の闘衣,,,,,,,15,オリハルコン,
古竜の堅鱗,,,,,,,15,オリハルコン,
藍白の勲章,,,,,20,,50,オリハルコン,
狼獣印の鍵,,,,,,,15,オリハルコン,
魔神印の鍵,,,,,,,15,オリハルコン,
古竜印の鍵,,,,,5,,15,オリハルコン,
ガルヴォルン,,,,,20,,,オリハルコン,
ラピスラズリ,,,,,20,,,オリハルコン,
風穴の欠片,,,,,10,,,オリハルコン,
虹霓の欠片,,,,,10,,,オリハルコン,
根絶の牙,,,,,,,10,ヒヒイロカネ,
死鬼の骨,,,,,,,10,ヒヒイロカネ,
荘厳な角,,,,,,,10,ヒヒイロカネ,
鬼人の爪,,,,,,,10,ヒヒイロカネ,
上古の液,,,,,,,10,ヒヒイロカネ,
古獣の皮,,,,,,,10,ヒヒイロカネ,
神奇の布,,,,,,,10,ヒヒイロカネ,
ヒヒイロカネ,,,,,,,10,ヒヒイロカネ,
ペイナイト,,,,,,,10,ヒヒイロカネ,
狼王の鋭牙,,,,,,,15,ヒヒイロカネ,
古王の幻骨,,,,,,,15,ヒヒイロカネ,
角獣の大角,,,,,,,15,ヒヒイロカネ,
魔王の妖爪,,,,,,,15,ヒヒイロカネ,
鬼人の妖血,,,,,,,15,ヒヒイロカネ,
妖馬の毛皮,,,,,,,15,ヒヒイロカネ,
太古の妖布,,,,,,,15,ヒヒイロカネ,
古竜の煌鱗,,,,,,,15,ヒヒイロカネ,
黄金の勲章,,,,,20,,50,ヒヒイロカネ,
悪鬼印の鍵,,,,,,,15,ヒヒイロカネ,
妖馬印の鍵,,,,,,,15,ヒヒイロカネ,
氷竜印の鍵,,,,,5,,15,ヒヒイロカネ,
アボイタカラ,,,,,20,,,ヒヒイロカネ,
シルマリル,,,,,20,,,ヒヒイロカネ,
海溝の欠片,,,,,10,,,ヒヒイロカネ,
孤島の欠片,,,,,10,,,ヒヒイロカネ,
犀利な牙,,,,,,,10,アミアントゥス,
業魔の骨,,,,,,,10,アミアントゥス,
兇暴な角,,,,,,,10,アミアントゥス,
斬伐の爪,,,,,,,10,アミアントゥス,
劇毒の液,,,,,,,10,アミアントゥス,
剛猛な皮,,,,,,,10,アミアントゥス,
霊界の布,,,,,,,10,アミアントゥス,
アミアントゥス,,,,,,,10,アミアントゥス,
アレキサンドライト,,,,,,,10,アミアントゥス,
竜王の猛牙,,,,,,,15,アミアントゥス,
死神の妖骨,,,,,,,15,アミアントゥス,
魔王の妖角,,,,,,,15,アミアントゥス,
死魔の剛爪,,,,,,,15,アミアントゥス,
巨兵の滑液,,,,,,,15,アミアントゥス,
恐竜の堅皮,,,,,,,15,アミアントゥス,
武者の戎衣,,,,,,,15,アミアントゥス,
竜王の幻鱗,,,,,,,15,アミアントゥス,
深縹の勲章,,,,,20,,50,アミアントゥス,
恐竜印の鍵,,,,,,,15,アミアントゥス,
機兵印の鍵,,,,,,,15,アミアントゥス,
竜王印の鍵,,,,,5,,15,アミアントゥス,
トラペゾヘドロン,,,,,20,,,アミアントゥス,
アーケンストーン,,,,,20,,,アミアントゥス,
流星の欠片,,,,,10,,,アミアントゥス,
大気の欠片,,,,,10,,,アミアントゥス,
レドゥロン銅貨,異空を望む封域,,,,,,,レドゥロン系貨幣,
レドゥロン銀貨,異空を望む封域,,,,,,,レドゥロン系貨幣,
レドゥロン金貨,異空を望む封域,,,,,,,レドゥロン系貨幣,
レドゥロン幻貨,異空を望む封域,,,,,,,レドゥロン系貨幣,
怪鳥の大嘴,異空を望む封域,,,,,,,レドゥロン系貨幣,
病魔の呪骨,異空を望む封域,,,,,,,レドゥロン系貨幣,
怪物の豪角,異空を望む封域,,,,,,,レドゥロン系貨幣,
合獣の猛爪,異空を望む封域,,,,,,,レドゥロン系貨幣,
機兵の燃油,異空を望む封域,,,,,,,レドゥロン系貨幣,
奇獣の甲殻,異空を望む封域,,,,,,,レドゥロン系貨幣,
古神の法衣,異空を望む封域,,,,,,,レドゥロン系貨幣,
竜王の煌鱗,異空を望む封域,,,,,,,レドゥロン系貨幣,
孤城討伐証書,絶海に浮ぶ孤城,,,,,,,スダルカン系貨幣,
魔宮討伐証書,深奥に潜む魔宮,,,,,,,エドゥルム系貨幣,