rank,rare,name,attribute,leftHand,level,phyAtk,magAtk,crit,skill1,skill2,skill3,skill4,skill5,skill6,base,rawMaterials,type
1,C,カッパーレイピア,,1,1,47,38,30%,1,2,3,,,,(基点),,細剣
4,B+,グレイレイピア,,1,1,48,39,30%,1,2,3,4,5,,(基点),,細剣
1,C,アイアンレイピア,,1,2,51,41,30%,1,2,3,4,,,カッパーレイピア,アイアン 獣人の爪 小さな角,細剣
2,C,バトルレイピア,,1,7,78,48,25%,1,2,3,4,,,カッパーレイピア,魔獣の大牙 アイアン 小さな角×2,細剣
3,C,エストック,,1,12,89,89,30%,1,2,3,4,,,(合成),魔獣の翼×2 ねじれた角×2,細剣
4,C,ドレスソード,,1,17,93,120,30%,1s,2,3,4,,,アイアンレイピア,魔竜の大爪 巨獣の幻角 魔獣の翼 ねじれた角,細剣
5,C,プラチナレイピア,,1,22,116,151,30%,1,2,3,4,,,ドレスソード シルバーナイフ,プラチナ×2 太古の爪,細剣
6,C,ビルボ,,1,27,183,139,30%,1,,3,4,5,,(合成),魔竜の大牙×2 魔獣の鋭爪 太古の堅角 雄々しい角 太古の爪,細剣
7,C,フィランギ,,1,32,222,168,30%,1,2,3,4,,,ビルボ,ミスリル 混沌の牙 勇壮な角,細剣
8,C,ワスプニードル,,1,37,164,229,40%,1s,2,3s,4,,,プラチナレイピア,狂竜の鋼牙 妖魔の黒翼 死人の爪 猛獣の皮 勇壮な角,細剣
9,C,ダマスカスレイピア,,1,42,308,308,25%,1,2,3,4,,,フィランギ ワスプニードル,ダマスカス×2 真紅の爪,細剣
10,C,ハンティングソード,,1,47,354,264,30%,1s,,3s,4s,5,,ワスプニードル ミスリルダガー,邪竜の鋼牙 獣人の剛爪 魔王の大角 真紅の爪 強堅な角,細剣
11,C,メイジマッシャー,,1,52,408,305,30%,1,2,3,4,,,エペ,メテオライト×2 獣鬼の爪,細剣
12,C,フランベルク,,1,57,432,432,30%,1A,2,,4,5,,ダマスカスレイピア,奇獣の妖牙 堅亀の猛爪 竜王の黒角 獣鬼の爪 いびつな角,細剣
13,C,アダマンレイピア,,1,62,525,525,25%,1,2,3,4,,,メイジマッシャー ゴーストフルーレ,アダマンタイト 漆黒の爪 猛々しい角,細剣
14,C,アサルトフルーレ,,1,67,662,510,20%,1A,,3s,4,5s,,マインゴーシュ,獣人の鋼牙×2 死竜の双角 破滅の牙 猛々しい角,細剣
15,C,ヴェルダン,,1,72,659,489,30%,1,2,3,4,,,シャマルレイピア,オリハルコン 禍因の牙 強堅な角,細剣
16,C,オウガバスター,,1,77,727,539,30%,1s,,3s,4s,5s,,アダマンレイピア シャマルレイピア,鳥人の鋭嘴 魔虫の毒爪 造魔の鋼角 残虐な爪 古竜の堅鱗,細剣
17,C,インサニティソード,,1,82,757,757,30%,1,2,3,4,,,パラゾニウム,ヒヒイロカネ×2 鬼人の爪,細剣
18,C,ダイアーレイピア,,1,87,885,656,30%,1A,2A,3s,,5s,,パイロレイピア オウガバスター,狼王の鋭牙 魔王の妖爪 角獣の大角 鬼人の爪 荘厳な角,細剣
19,C,ホーネットニードル,,1,92,914,663,35%,1,2,3,4,,,インサニティソード,アミアントゥス×2 斬伐の爪,細剣
20,C,プリンスレイピア,,1,97,924,1198,20%,1A,2,3C,,5,,ダイアーレイピア,竜王の猛牙 死魔の剛爪 魔王の妖角 斬伐の爪 兇暴な角,細剣
2,B+,オルナ,,1,7,76,61,25%,1,2,3,4,,,バトルレイピア,巨獣の大角 呪師の古布 獣人の爪 謎の液体,細剣
2,A,ドヴェルグレイピア,,1,10,88,69,30%,1,2,3s,4,5s,,バトルレイピア,ブロンズ 魔人の翼爪 呪師の古布 巨獣の大角×2,細剣
4,B+,カタラクトレイピア,水,1,17,95,124,30%,1水,2,3,4,,,ドレスソード,巨獣の幻角×2 硬質の殻 ねじれた角,細剣
4,A,ガヴィダフルーレ,,1,20,145,112,30%,1s,2,3,4s,5,,ドレスソード,ティン 魔竜の大爪 血染めの妖布 巨獣の幻角×2,細剣
6,B+,ラピッドフルーレ,,1,27,225,133,20%,1,2,3s,,5,,ビルボ,魔竜の大牙×2 太古の爪×2,細剣
6,A,アミリアスレイピア,,1,30,217,165,30%,1,2,3s,4,5s,,ビルボ,ゴールド 魔獣の鋭爪 魔界の黒布 太古の堅角×2,細剣
8,B+,アルマス,,1,37,271,203,30%,1,2,3,4s,,,ワスプニードル,狂竜の鋼牙 妖魔の黒翼×2 猛獣の皮 勇壮な角,細剣
8,A,マハタンフルーレ,,1,40,304,229,30%,1A,2,3s,4s,5,,ワスプニードル,イシルディン 妖魔の黒翼 死霊の呪布 死徒の妖角×2,細剣
10,B+,ブラストレイピア,爆,1,47,273,367,30%,1,,3爆,4s,5,,ハンティングソード,邪竜の鋼牙×2 獣人の剛爪 真紅の爪×2,細剣
10,A,ミーメフルーレ,,1,50,408,305,30%,1s,2A,3,4,5s,,ハンティングソード,モリブデン 獣人の剛爪 魔界の妖布 魔王の大角×2,細剣
12,B+,ミュルグレス,,1,57,480,355,30%,1A,,3s,4,5s,,フランベルク,奇獣の妖牙×2 堅亀の猛爪 獣鬼の爪×2,細剣
14,B+,オナーソード,,1,67,571,412,35%,1A,2A,3,4,,,アサルトフルーレ,獣人の鋼牙 水竜の鋭爪 死竜の双角 漆黒の爪 猛々しい角,細剣
16,B+,スティング,,1,77,614,614,40%,1s,,3A,4,5,,オウガバスター,鳥人の鋭嘴 魔虫の毒爪 魔虫の毒爪 魔獣の殻 古竜の堅鱗,細剣
18,B+,スケグルソード,,1,87,931,690,30%,1s,,3A,4A,5,,ダイアーレイピア,狼王の鋭牙×2 魔王の妖爪 鬼人の爪×2,細剣
20,B+,ティターニアソード,,1,97,1253,965,20%,1A,2B,3C,,5s,,プリンスレイピア,竜王の猛牙 死魔の剛爪×2 恐竜の堅皮 古竜の堅鱗,細剣
2,A,シュレイガー,,1,10,69,88,30%,1,2,3B,4s,,,バトルレイピア,隊長の証 魔女の妖爪×2 幽鬼の硬骨 魔鎧の尖角,細剣
4,A,エスパダロペラ,,1,20,112,145,30%,1s,,3B,4,5,,ドレスソード,隊長の証 魔女の妖爪×2 幽鬼の硬骨 魔鎧の尖角,細剣
4,S,アイオンレイピア,,1,20,177,147,20%,1s,2,3B,4s,5s,6A,エスパダロペラ,団長の証 魔女の妖爪×2 幽鬼の硬骨 魔鎧の尖角,細剣
2,B,タック,,1,8,72,72,30%,,2,3,4,5,,(合成),守人の証 鋭利な牙 尖った骨 ガーネット 呪師の古布 魔獣の厚皮,細剣
2,A,エッテタンゲ,魔,1,9,65,83,30%,1,2,,4,5,,タック,狩人の証 魔人の双翼 巨獣の大角 鋭利な牙 小さな角,細剣
4,B,ニンフレイピア,,1,18,98,128,30%,1,,3,4,5,,アイアンレイピア バトルレイピア,聖徒の証 魔獣の炎角×2 巨獣の幻角 ねじれた角,細剣
4,A,ティルフィング,,1,19,122,90,40%,1s,2s,3,,5,,ニンフレイピア,勇者の証 鳥獣の堅骨 魔獣の炎角 聖なる布 巨獣の幻角,細剣
6,S,ブリニック,,1,29,221,166,30%,1s,2s,3s,4,5,6A,グレイレイピア,英雄の証 太古の堅角×3 魔獣の鋭爪,細剣
6,A,フォースレイピア,魔,1,30,165,217,30%,1,,3,4s,5,,ビルボ,武将の証 妖婦の艶爪×2 火竜の焦骨 妖魔の大角,細剣
8,A,ソロウレイピア,爆,1,40,286,286,30%,1s,2,3爆,,5爆,,ワスプニードル,武将の証 妖婦の艶爪×2 火竜の焦骨 妖魔の大角,細剣
8,S,ディアボロレイピア,爆,1,40,312,376,20%,1A,2,3爆,4s,5爆,6A,ソロウレイピア,大将の証 妖婦の艶爪×2 火竜の焦骨 妖魔の大角,細剣
6,B,クリシュマルド,,1,28,172,172,35%,,2,3,4,5,,エストック,義士の証 太古の堅角×2 太古の爪 雄々しい角,細剣
6,A,クラルミエ,,1,29,197,197,30%,1,2,,4,5s,,クリシュマルド,行者の証 太古の堅角×3 魚人の大鱗,細剣
8,B,エペ,,1,38,259,259,30%,1,,3s,4,5s,,ビルボ,志士の証 太古の幻骨 氷王の羽衣 妖魔の黒翼 死人の爪,細剣
8,A,フォトンレイピア,光,1,39,278,278,30%,1,2光,3,,5s,,エペ,壮士の証 氷竜の大爪 死徒の幻角×2 妖魔の黒翼,細剣
10,S,レディアントソード,光,1,50,349,462,25%,1s,2光,3s,4s,5s,6A,グレイレイピア,剣聖の証 氷塊の歯牙 死徒の幻角×2 妖魔の黒翼,細剣
10,A,カルマレイピア,闇,1,50,383,383,30%,1A,2闇,3s,,5,,ハンティングソード,子爵の証 獣鬼の鋭爪×2 死徒の妖骨 魔獣の岩角,細剣
10,S,ラージャレイピア,闇,1,50,417,506,20%,1s,2闇,3s,4,5s,6A,カルマレイピア,元帥の証 獣鬼の鋭爪×2 死徒の妖骨 魔獣の岩角,細剣
10,B,エンジェルソード,,1,48,276,373,30%,1,2,3s,,5s,,クリシュマルド,豪傑の証 太古の妖骨 魔王の大爪 強堅な角 獣人の剛爪,細剣
10,A,サンダーレイピア,雷,1,49,426,321,25%,1s,2,3雷,,5s,,エンジェルソード,覚者の証 太古の妖骨 魔王の大爪 魔牛の双角 魔王の大角,細剣
12,S,ボルテックレイピア,雷,1,60,598,598,20%,1水,2,3雷,4,5,6A,グレイレイピア,君主の証 獣王の大牙 魔王の大爪 魔牛の双角 魔王の大角,細剣
12,B,ゴーストフルーレ,,1,58,357,485,30%,1s,2,3s,,5s,,(合成),偉人の証 空魚の雷角 獣人の双翼 堅亀の猛爪 獣鬼の爪 いびつな角,細剣
12,A,ヘイルレイピア,氷,1,59,416,553,25%,1水,2,3氷,4s,,,ゴーストフルーレ,仁者の証 幻獣の大骨 空魚の雷角×2 古魚の甲鱗,細剣
14,S,アウルボザソード,氷,1,70,851,665,15%,1水,2A,3氷,4,5s,6A,グレイレイピア,覇王の証 空魚の雷角×3 古魚の甲鱗,細剣
14,A,シャマルレイピア,砂,1,68,428,599,35%,1A,2,3砂,,5s,,メイジマッシャー フランベルク,風鳥座の星玉 恐獣の大牙 魔人の呪角 死竜の双角 猛々しい角,細剣
14,S,アシュソード,砂,1,70,567,754,25%,1A,2A,3砂,4s,5,6A,シャマルレイピア,祭壇座の星玉 恐獣の大牙 竜人の鋭爪 魔人の呪角 水竜の大鱗,細剣
16,A,パイロレイピア,火,1,78,587,789,30%,1s,2A,3s,4火,,,アダマンレイピア,八分儀座の星玉 死竜の剛爪 魔王の妖骨 魔虫の毒爪×2,細剣
16,S,レーヴァテイン,火,1,79,745,971,20%,1A,2B,3A,4火,5s,6A,パイロレイピア,烏座の星玉 タングステン 死竜の剛爪 魔王の妖骨 堕徒の呪角,細剣
18,A,スカーレットアウル,,1,88,1029,1029,20%,1A,,3A,4s,5A,,エンジェルソード パイロレイピア,盾座の星玉 鳥人の双翼 魔鎧の鋼角 魔王の妖爪 角獣の大角,細剣
18,S,フリストレイピア,魔,1,90,920,1199,20%,1s,2B,3,4s,5A,6A,スカーレットアウル,大熊座の星玉 ガルヴォルン 造魔の工骨 魔鎧の鋼角×2,細剣
20,B,ウイングソード,,1,98,1106,1106,25%,1A,2A,3C,4s,,,プリンスレイピア,幽鬼の印章 断獄の爪×2 怨鬼の骨 貴石の角,細剣
20,A+,ロストレイピア,,1,100,1272,1012,30%,1s,2C,3A,4s,5,,ウイングソード,死騎の印章 合獣の猛爪×2 病魔の呪骨 怪物の豪角,細剣
20,S,イシリアルレイピア,,1,100,1315,1056,30%,1s,2C,3C,4A,5,6A,ウイングソード,環蛇の印章 死騎の印章 トラペゾヘドロン 合獣の猛爪 怪物の豪角,細剣
14,A,ロイヤルフルーレ,,1,70,673,673,25%,1,2A,3A,,5s,,グレイレイピア,王家の証 恐獣の大爪 魔人の妖角 魔人の妖角 獣人の剛鱗,細剣
14,S,カイザーレイピア,,1,75,925,762,20%,1s,2B,3A,4A,5,6A,ロイヤルフルーレ,帝王の証 ガルヴォルン 恐獣の大爪 獣王の上皮 魔人の妖角,細剣
14,S+,ニルヴァーナ,,1,1,48,56,25%,1s,2m,3A,4s,5,6,ロイヤルフルーレ,闘神の証 ガルヴォルン 魔人の妖角 魔人の妖角 獣王の上皮,細剣
16,S+,ジュワユース,,1,80,1190,1000,10%,1A,2A,3A,4A,5s,6,ロイヤルフルーレ,南十字座の星玉 孔雀座の星玉 ガルヴォルン 魔人の妖角 獣人の剛鱗,細剣
18,S,ネビュラレイピア,,1,90,1380,1162,10%,1s,2B,3A,4A,5,6A,ロイヤルフルーレ,満天の星玉 アボイタカラ 呪鬼の鋭爪 巨亀の堅殻 水精の妖角,細剣
18,S+,ヴァルハラレイピア,,1,1,50,59,20%,1A,2s,3m,4A,5s,6s,ロイヤルフルーレ,闘神の証 黄道の星玉 巨亀の堅殻 水精の妖角×2,細剣
18,S+,アリエス,,1,90,1368,1138,15%,1s,2B,3s,4m,5,6s,ロイヤルフルーレ,牡羊座の星玉 黄道の星玉 アボイタカラ 水精の妖角 地竜の鋼鱗,細剣
1,C,カッパーダガー,,1,1,51,43,20%,1,2,3,,,,(基点),,短剣
4,B+,グレイダガー,,1,1,53,43,20%,1,2,3,4,5,,(基点),,短剣
1,C,アイアンダガー,,1,2,55,46,20%,1,2,3,4,,,カッパーダガー,アイアン 鋭利な牙 獣人の爪,短剣
2,C,ククリ,,1,7,81,52,20%,1,2,3,4,,,(合成),魔獣の大牙 呪師の古布 ガーネット 鋭利な牙,短剣
3,C,シルバーナイフ,,1,12,99,99,20%,1,2,3,4,,,ククリ,シルバー 野生の牙 魔獣の翼,短剣
4,C,グラディウス,,1,17,141,86,20%,1s,2,3,4,,,アイアンダガー アサメ,獣人の鋭牙 魔竜の大爪 魔獣の翼×2,短剣
5,C,ジャンビーヤ,,1,22,169,169,15%,1,2,3,4,,,グラディウス,プラチナ 猛毒の牙 太古の爪,短剣
6,C,スティレット,,1,27,195,150,25%,1,,3,4,5,,グラディウス,魔竜の大牙 魔獣の鋭爪 太古の爪×2,短剣
7,C,ミスリルダガー,,1,32,235,235,20%,1,2,3,4,,,チンクエディア プラチナレイピア,ミスリル 混沌の牙 死人の爪,短剣
8,C,クリスナイフ,,1,37,342,212,10%,1s,2,,4,5,,スティレット,狂竜の鋼牙 妖魔の黒翼 混沌の牙 死人の爪 魔竜の剛鱗,短剣
9,C,ベノムナイフ,,1,42,288,365,15%,1,2,3,4,,,ファングドナイフ,ダマスカス 醜悪な牙 真紅の爪,短剣
10,C,ダーク,,1,47,376,376,20%,1A,2,3s,,5s,,ファングドナイフ,邪竜の鋼牙×2 獣人の剛爪 真紅の爪×2,短剣
11,C,ミストダガー,,1,52,357,460,20%,1,2,3,4,,,クリスナイフ,メテオライト 獣鬼の爪×2,短剣
12,C,マインゴーシュ,,1,57,521,521,15%,1A,,3A,4,5,,サイフォス ハンティングソード,奇獣の妖牙 堅亀の猛爪×2 獣鬼の爪×2,短剣
13,C,アシッドナイフ,,1,62,559,559,20%,1,2,3,4,,,ベノムナイフ,アダマンタイト 破滅の牙 漆黒の爪,短剣
14,C,ドラゴンタスク,,1,67,775,473,10%,1,2,,4A,5,,ロンデルダガー,獣人の鋼牙×2 水竜の鋭爪 破滅の牙 漆黒の爪,短剣
15,C,レリックナイフ,,1,72,701,701,20%,1,2,3,4,,,アシッドナイフ スノウダガー,オリハルコン 禍因の牙 残虐な爪,短剣
16,C,パラゾニウム,,1,77,633,821,20%,1s,,3s,4A,5s,,アサルトフルーレ,鳥人の鋭嘴 魔虫の毒爪×2 禍因の牙 残虐な爪,短剣
17,C,テリブルカーバー,,1,82,913,705,20%,1,2,3,4,,,キドニーダガー,ヒヒイロカネ 鬼人の爪×2,短剣
18,C,デスバイト,,1,87,1057,599,20%,1s,2B,3s,4A,,,レリックナイフ,狼王の鋭牙 魔王の妖爪×2 鬼人の爪×2,短剣
19,C,サラワー,,1,92,1102,852,20%,1,2,3,4,,,テリブルカーバー,アミアントゥス 斬伐の爪×2,短剣
20,C,ヤタガン,,1,97,993,993,30%,1s,2C,,4,5,,デスバイト,竜王の猛牙 死魔の剛爪×2 斬伐の爪×2,短剣
2,B+,アゾット,,1,7,69,84,15%,1,2,3,4,,,ククリ,魔獣の大牙 魔人の頭骨 毒性の体液 獣人の爪,短剣
2,A,ドヴェルグダガー,,1,10,108,69,15%,1,2,3,4,5s,,ククリ,ブロンズ 魔獣の大牙 魔人の翼爪 呪師の古布 魚人の小鱗,短剣
4,B+,プロミネンスナイフ,火,1,17,110,139,20%,1火,2,3,4,,,グラディウス,魔竜の大爪×2 魔獣の翼 濁った液,短剣
4,A,ガヴィダナイフ,,1,20,163,163,15%,1s,2,3s,4,5,,グラディウス,ティン 獣人の鋭牙 魔竜の大爪 血染の妖布 魔竜の小鱗,短剣
6,B+,ネレイドナイフ,水,1,27,179,225,15%,1,2水,3,,5,,スティレット,魔竜の大牙 魔獣の鋭爪 猛毒の牙 太古の爪,短剣
6,A,アミリアスナイフ,,1,30,245,245,15%,1,2,3s,4,5s,,スティレット,ゴールド 魔竜の大牙 魔獣の鋭爪 魔界の黒布 魚人の大鱗,短剣
8,B+,オカルトダガー,魔,1,37,222,290,25%,1s,,3s,4,5,,クリスナイフ,狂竜の鋼牙 妖魔の黒翼×2 死人の爪 勇壮な角,短剣
8,A,マハタンナイフ,,1,40,344,344,15%,1A,2,3A,4,5,,クリスナイフ,イシルディン 狂竜の鋼牙 妖魔の黒翼 死霊の呪布 魔竜の剛鱗,短剣
10,B+,エルダーナイフ,,1,47,367,273,30%,1A,2,3,,5s,,ダーク,邪竜の鋼牙 獣人の剛爪×2 醜悪な牙 真紅の爪,短剣
10,A,ミーメナイフ,,1,50,462,462,15%,1s,2,3A,4A,5s,,ダーク,モリブデン 邪竜の鋼牙 獣人の剛爪 魔界の妖布 邪竜の大鱗,短剣
12,B+,アキナケス,,1,57,545,420,20%,1s,2,3A,4,,,マインゴーシュ,奇獣の妖牙 堅亀の猛爪 古魚の甲鱗 獣鬼の爪×2,短剣
14,B+,アングリスト,,1,67,654,654,20%,1s,,3A,4A,5s,,ドラゴンタスク,獣人の鋼牙×2 水竜の鋭爪 破滅の牙 漆黒の爪,短剣
16,B+,ミセリコルデ,,1,77,859,661,20%,1A,2B,3,4A,,,パラゾニウム,鳥人の鋭嘴 魔虫の毒爪×2 残虐な爪 強堅な角,短剣
18,B+,カストルナイフ,,1,87,1045,805,20%,1,,3B,4A,5,,デスバイト,狼王の鋭牙 魔王の妖爪 古竜の煌鱗 鬼人の爪×2,短剣
20,B+,金剛蕨,,1,97,1403,1116,10%,,2C,3B,4A,5s,,ヤタガン,竜王の猛牙 死魔の剛爪×3 兇暴な角,短剣
2,A,プギオ,,1,10,93,93,20%,1,2sA,3,4,,,ククリ,隊長の証 魔女の妖爪 海竜の鮮血 幽鬼の硬骨 蛇姫の彩鱗,短剣
4,A,スパスィ,,1,20,163,128,20%,1,2sA,3,,5s,,グラディウス,隊長の証 魔女の妖爪 海竜の鮮血 幽鬼の硬骨 蛇姫の彩鱗,短剣
4,S,アイオンダガー,,1,20,166,195,10%,1s,2sA,3s,4,5,6A,スパスィ,団長の証 魔女の妖爪 海竜の鮮血 幽鬼の硬骨 蛇姫の彩鱗,短剣
2,B,アサメ,,1,8,80,80,20%,,2,3,4,5,,カッパーダガー,狩人の証 魔獣の厚皮 魔人の頭骨 謎の液体 獣人の爪,短剣
2,A,ハツオイイルハル,,1,9,92,74,20%,1,2,,4,5,,アサメ,狩人の証 魔獣の大牙 魔人の翼 小さな角 鋭利な牙,短剣
4,B,ファルカタ,,1,18,136,136,20%,1,2,3,,5,,ククリ,勇者の証 堕天使の翼 魔竜の大鱗 巨獣の幻角 魔獣の翼,短剣
4,A,スペルダガー,魔,1,19,107,172,15%,1s,2s,3,,5,,ファルカタ,聖徒の証 鳥獣の堅骨 魔亀の紅血 魔竜の大鱗 魔竜の鮮血,短剣
6,S,ブロンラヴィン,,1,29,248,193,20%,1s,2s,3,4,5,6A,グレイダガー,英雄の証 魔竜の大牙×2 魔獣の鋭爪×2,短剣
6,A,カルド,,1,30,245,190,20%,1,2,3s,,5s,,スティレット,武将の証 妖婦の艶爪 火竜の焦骨 魔蛙の粘液 竜王の鋼鱗,短剣
8,A,ソロウダガー,雷,1,40,326,326,20%,1,2水,3雷,,5s,,クリスナイフ,武将の証 妖婦の艶爪 火竜の焦骨 魔蛙の粘液 竜王の鋼鱗,短剣
8,S,ディアボロダガー,雷,1,40,351,420,10%,1A,2水,3雷,4,5,6A,ソロウダガー,大将の証 妖婦の艶爪 火竜の焦骨 魔蛙の粘液 竜王の鋼鱗,短剣
6,B,チンクエディア,,1,28,172,218,20%,,2,3,4,5s,,シルバーナイフ ファルカタ,行者の証 魔竜の大牙 魔獣の鋭爪 太古の爪×2,短剣
6,A,クルタナ,,1,29,221,221,20%,1,,3s,4,5s,,チンクエディア,闘人の証 魔獣の鋭爪×2 太古の堅角 太古の爪,短剣
8,B,ファングドナイフ,,1,38,293,226,25%,1,2,3,,5s,,ジャンビーヤ,壮士の証 氷竜の大爪 太古の幻骨 狂竜の鋼牙 死人の爪,短剣
8,A,アースナイフ,土,1,39,295,372,10%,1,2,3土,,5s,,ファングドナイフ,賢人の証 氷竜の大爪 太古の幻骨×2 妖魔の黒翼,短剣
10,S,レアーナイフ,土,1,50,349,574,10%,1A,2A,3土,4,5s,6A,グレイダガー,剣聖の証 氷竜の大爪×2 太古の幻骨 狂竜の鋼牙,短剣
10,A,カルマダガー,光,1,50,437,437,20%,,2光,3A,4,5,,ダーク,子爵の証 獣鬼の鋭爪 死徒の妖骨 機兵の油液 火獣の炎鱗,短剣
10,S,ラージャダガー,光,1,50,471,564,10%,1A,2光,3s,4A,5s,6A,カルマダガー,元帥の証 獣鬼の鋭爪 死徒の妖骨 機兵の油液 火獣の炎鱗,短剣
10,B,サイフォス,,1,48,442,252,20%,1,,3s,4,5,,ミスリルダガー,豪傑の証 太古の妖骨 魔王の大爪 獣人の剛爪 真紅の爪,短剣
10,A,ブリーズナイフ,風,1,49,297,502,15%,1,,3s,4風,5,,サイフォス,武人の証 獣王の大牙 太古の妖骨 武神の法衣 魔王の大角,短剣
12,S,ボレアスナイフ,風,1,60,560,707,10%,1s,2,3A,4風,5s,6A,グレイダガー,君主の証 獣王の大牙 魔王の大爪 武神の法衣 魔王の大角,短剣
12,B,ロンデルダガー,,1,58,576,327,20%,,2,3,4,5s,,ダーク サイフォス,偉人の証 獣人の双翼 光竜の煌鱗 堅亀の猛爪 獣鬼の爪,短剣
12,A,カルンウェナン,,1,59,684,416,10%,1,,3,4s,5,,ロンデルダガー,烈士の証 古竜の鋼牙 獣人の双翼 光竜の煌鱗 堅亀の猛爪,短剣
14,S,カールスナウト,魔,1,70,567,940,10%,1s,2A,3s,4s,5s,6A,グレイダガー,覇王の証 獣人の双翼x2 光竜の煌鱗 堅亀の猛爪,短剣
14,A,スノウダガー,氷,1,68,637,808,10%,1A,2水,3氷,,5s,,ミストダガー,風鳥座の星玉 竜人の鋭爪×2 水竜の鋭爪 漆黒の爪,短剣
14,S,ゲイルロズダガー,氷,1,70,754,940,5%,1,2水,3氷,4A,5,6A,スノウダガー,竜骨座の星玉 竜人の鋭爪×2 蛇妖の幻鱗 獣人の鋼牙,短剣
16,A,キドニーダガー,,1,78,847,434,30%,1,2B,3,4B,,,ドラゴンタスク,八分儀座の星玉 死竜の剛爪 魔王の妖骨 鳥人の鋭嘴 魔虫の毒爪,短剣
16,S,インフィニティ,,1,79,1088,1088,5%,1s,2A,3A,4B,5,6A,キドニーダガー,烏座の星玉 タングステン 幻竜の大牙 魔王の妖骨 蛇姫の聖衣,短剣
18,A,スクラマサクス,,1,88,1157,901,15%,1,2B,3s,,5A,,パラゾニウム キドニーダガー,盾座の星玉 鳥人の双翼 古竜の幻鱗 魔王の妖爪×2,短剣
18,S,今剣,,1,90,1477,920,5%,1s,2A,3B,4A,5A,6A,スクラマサクス,ガルヴォルン 大熊座の星玉 氷獣の凍牙 鳥人の双翼 古竜の幻鱗,短剣
20,B,ジラハボック,,1,98,1036,1315,15%,1s,2C,3s,,5s,,ヤタガン,幽鬼の印章 断獄の爪 怨鬼の骨 霊妙な液 極彩の鱗,短剣
20,A+,ロストナイフ,,1,100,1171,1430,20%,1,2B,3C,4A,5s,,ジラハボック,死騎の印章 合獣の猛爪 病魔の呪骨 機兵の燃油 竜王の煌鱗,短剣
20,S,イシリアルナイフ,,1,100,1228,1488,20%,1s,2C,3C,4,5,6A,ジラハボック,環蛇の印章 死騎の印章 トラペゾヘドロン 合獣の猛爪 竜王の煌鱗,短剣
14,A,ロイヤルダガー,,1,70,754,754,15%,1s,2B,3s,,5,,グレイダガー,王家の証 恐獣の大爪×3 獣王の上皮,短剣
14,S,カイザーダガー,,1,75,979,807,15%,1s,2A,3s,4A,5,6A,ロイヤルダガー,帝王の証 ガルヴォルン 恐獣の大爪 魔界の呪布 獣人の剛鱗,短剣
14,S+,フロムヘル,,1,1,64,56,10%,1A,2B,3B,4m,5s,6,ロイヤルダガー,闘神の証 ガルヴォルン 恐獣の大爪 魔人の妖角 魔人の妖角,短剣
16,S+,イツトリナイフ,,1,80,1060,1250,5%,1,2B,3B,4A,5,6,ロイヤルダガー,南十字座の星玉 孔雀座の星玉 ガルヴォルン 竜人の鋼牙 恐獣の大爪,短剣
18,S,ネビュラダガー,,1,90,1320,1090,15%,1s,2A,3s,4A,5,6A,ロイヤルダガー,満天の星玉 アボイタカラ 呪鬼の鋭爪 天使の羽衣 地竜の鋼鱗,短剣
18,S+,ヴァルハラダガー,,1,1,62,53,15%,1,2s,3A,4s,5,6s,ロイヤルダガー,闘神の証 黄道の星玉 呪鬼の鋭爪 水精の妖角×2,短剣
18,S+,ヴァルゴ,,1,90,1441,1211,10%,1s,2A,3m,4,5s,6s,ロイヤルダガー,乙女座の星玉 黄道の星玉 アボイタカラ 怪竜の毒牙 呪鬼の鋭爪,短剣
1,C,カッパーソード,,1,1,57,47,15%,1,2,3,,,,(基点),,長剣
4,B+,グレイソード,,1,1,58,48,15%,1,2,3,4,5,,(基点),,長剣
1,C,アイアンソード,,1,2,61,51,15%,1,2,3,4,,,カッパーソード,アイアン 鋭利な牙 上質な皮,長剣
2,C,バスタードソード,,1,7,91,59,15%,1,2,3,4,,,カッパーソード,魔獣の大牙 アイアン 鋭利な牙 小さな角,長剣
3,C,シルバーソード,,1,12,94,116,15%,1,2,3,4,,,バスタードソード,シルバー 野生の牙 魔獣の翼,長剣
4,C,ディフェンダー,,×,17,167,106,10%,1s,2,3,4,,,アイアンソード ワルーンソード,獣人の鋭牙 巨獣の幻角 野生の牙 ねじれた角,長剣
5,C,プラチナソード,,1,22,190,151,15%,1,2,3,4,,,シルバーソード,プラチナ×2 猛毒の牙,長剣
6,C,スパタ,,1,27,234,186,15%,1A,2,3,,5,,(合成),魔竜の大牙×2 魔獣の鋭爪 猛毒の牙 太古の爪,長剣
7,C,ミスリルソード,,1,32,284,225,15%,1,2,3,4,,,スパタ,ミスリル×2 混沌の牙,長剣
8,C,クレイモア,,1,37,372,229,10%,1s,2,,4,5,,プラチナソード,狂竜の鋼牙×2 死人の爪 猛獣の皮 勇壮な角,長剣
9,C,ウォーソード,,×,42,457,288,5%,1,2,3,4,,,(購入),,長剣
10,C,ワイバーンキラー,,1,47,457,358,15%,1s,2s,3s,,5,,ミスリルソード,邪竜の鋼牙×2 獣人の剛爪 醜悪な牙 真紅の爪,長剣
11,C,ミーティアソード,,×,52,528,414,15%,1,2,3,4,,,レイテルパラッシュ,メテオライト×2 腐臭の牙,長剣
12,C,スキアヴォーナ,,1,57,468,598,15%,1A,2A,3,4s,,,ウォーソード ルナティックソード,奇獣の妖牙×2 堅亀の猛爪 獣鬼の爪×2,長剣
13,C,アナテマソード,,1,62,492,640,20%,1,2,3,4,,,スキアヴォーナ,アダマンタイト 破滅の牙 凶獣の皮,長剣
14,C,カッツバルゲル,,1,67,806,639,10%,1,2A,3s,,5,,スキアヴォーナ,獣人の鋼牙 死竜の双角 水竜の大鱗 破滅の牙 漆黒の爪,長剣
15,C,レリックソード,,1,72,853,667,15%,1,2,3,4,,,イルウーン アナテマソード,オリハルコン×2 禍因の牙,長剣
16,C,ドラゴンイレイサー,,1,77,1000,793,10%,1s,2s,3s,4s,,,クレセントソード,鳥人の鋭嘴×2 魔虫の毒爪 魔獣の殻 呪詛の角,長剣
17,C,フォセ,,1,82,1048,819,15%,1,2,3,4,,,ドラゴンイレイサー,ヒヒイロカネ×2 根絶の牙,長剣
18,C,エスパドン,,1,87,1286,782,10%,1,2A,3B,,5,,ワイバーンキラー ライトブリンガー,狼王の鋭牙×2 魔王の妖爪 鬼人の爪×2,長剣
19,C,シンクレア,,1,92,1341,789,15%,1,2,3,4,,,フォセ,アミアントゥス×2 犀利な牙,長剣
20,C,シュチェルビェツ,,1,97,1458,1157,10%,1,2A,3,4A,,,エスパドン,竜王の猛牙×2 死魔の剛爪 斬伐の爪×2,長剣
2,B+,ヴォーパルソード,,1,7,94,61,15%,1,2,3,,5,,アイアンソード,魔獣の大牙 魔獣の厚皮 獣人の爪×2,長剣
2,B+,サクノス,,1,9,97,77,20%,1,2,3,4,,,バスタードソード,巨獣の大角 魔獣の厚皮 小さな角 上質な皮,長剣
2,A,ドヴェルグソード,,×,10,115,73,15%,1s,2s,3,4,5,,バスタードソード,ブロンズ 魔獣の大牙 魔人の翼爪×2 魔獣の厚皮,長剣
4,B+,フスベルタ,,1,17,157,125,15%,1s,2,3,4,,,シルバーソード,獣人の鋭牙 魔竜の小鱗 魔獣の翼×2,長剣
4,B+,ワスケン,,1,19,172,137,15%,1A,2,3,4,,,ディフェンダー,獣人の鋭牙 魔竜の大爪 野生の牙 ねじれた角,長剣
4,A,ガヴィダソード,,1,20,193,118,15%,1A,2,3s,4,5,,ディフェンダー,ティン 獣人の鋭牙 魔竜の大爪×2 鳥獣の毛皮,長剣
6,B+,ハーディソード,,1,27,256,155,15%,1,2,3,4,,,プラチナソード,魔竜の大牙×2 太古の爪 魚人の大鱗,長剣
6,B+,ダインスレイヴ,闇,×,29,236,291,5%,1闇,2,3,,5,,スパタ,魔竜の大牙 魔獣の鋭爪×2 プラチナ 太古の爪,長剣
6,A,アミリアスソード,,1,30,295,175,15%,1,2A,3,4,5,,スパタ,ゴールド 魔竜の大牙 魔獣の鋭爪×2 太古の樹皮,長剣
8,B+,アロンダイト,,1,37,349,199,20%,1s,2,3,,5,,ミスリルソード,狂竜の鋼牙 妖魔の黒翼 混沌の牙 死人の爪,長剣
8,B+,ヒドゥンソード,魔,×,39,253,414,10%,1A,2,3s,4,,,クレイモア,狂竜の鋼牙×2 妖魔の黒翼 混沌の牙×2,長剣
8,A,マハタンソード,,×,40,416,247,15%,1A,2s,3s,4s,5,,クレイモア,イシルディン 狂竜の鋼牙 妖魔の黒翼×2 魔竜の堅皮,長剣
10,B+,フレイソード,,1,47,453,349,20%,1s,2A,3s,,5,,ウォーソード,邪竜の鋼牙×2 獣人の剛爪 真紅の爪 邪竜の大鱗,長剣
10,B+,フルンティング,,1,49,535,311,15%,1A,2s,,4,5,,ワイバーンキラー,邪竜の鋼牙 獣人の剛爪×2 ダマスカス 真紅の爪,長剣
10,A,ミーメソード,,1,50,560,329,15%,1A,2s,3,4,5,,ワイバーンキラー,モリブデン 邪竜の鋼牙 獣人の剛爪×2 聖獣の上皮,長剣
12,B+,アンドゥリル,,×,57,628,492,15%,1,2,3,,5,,ミーティアソード,堅亀の猛爪×2 古魚の甲鱗 獣鬼の爪×2,長剣
12,B+,エゼルリング,,×,59,696,409,15%,1s,2s,3s,4s,,,スキアヴォーナ,奇獣の妖牙 堅亀の猛爪×2 獣鬼の爪×2,長剣
14,B+,倚天,,1,67,843,488,15%,1,2A,3B,,5,,アナテマソード,獣人の鋼牙×2 水竜の大鱗 破滅の牙 凶獣の皮,長剣
14,B+,オートクレール,,1,69,881,698,10%,1,,3B,4s,5,,カッツバルゲル,獣人の鋼牙 水竜の鋭爪×2 漆黒の爪 猛々しい角,長剣
16,B+,エルキイン,,1,77,990,774,15%,1,2A,3B,4s,,,レリックソード,鳥人の鋭嘴 魔虫の毒爪×2 残虐な爪×2,長剣
16,B+,アエグリン,,×,79,1088,638,15%,1s,2B,3s,,5,,ドラゴンイレイサー,鳥人の鋭嘴×2 魔虫の毒爪 禍因の牙×2,長剣
18,B+,サングラモア,,×,87,1206,942,15%,1,2A,3B,,5B,,フォセ,魔王の妖爪×2 古竜の煌鱗 鬼人の爪×2,長剣
18,B+,カラドボルグ,,1,89,1320,774,15%,,2s,3s,4s,5B,,エスパドン,狼王の鋭牙 魔王の妖爪×2 鬼人の爪×2,長剣
20,B+,ロッセ,,1,97,1526,1212,10%,,2B,3B,4s,5,,シンクレア,死魔の剛爪×3 竜王の幻鱗 斬伐の爪,長剣
20,B+,バルスウェンデン,魔,×,97,1294,1609,5%,1A,2s,,4A,5B,,シュチェルビェツ,竜王の猛牙 死魔の剛爪×3 斬伐の爪,長剣
2,A,ジャドプラーテ,,1,10,115,73,15%,1s,2C,3,,5,,バスタードソード,隊長の証 怪魚の鋭牙×2 牛鬼の毛皮 魔鎧の尖角,長剣
4,A,グバサ,,1,20,193,118,15%,1,2C,3s,4,,,ディフェンダー,隊長の証 怪魚の鋭牙×2 牛鬼の毛皮 魔鎧の尖角,長剣
4,S,アイオンソード,,1,20,211,179,10%,1A,2C,3,4,5,6A,グバサ,団長の証 怪魚の鋭牙×2 牛鬼の毛皮 魔鎧の尖角,長剣
2,B,ワルーンソード,,1,8,86,86,20%,,2,3,4,5,,(合成),狩人の証 魔獣の大牙 魔獣の厚皮 アイアン 獣人の爪 小さな角,長剣
2,A,ブルトガング,,1,9,103,84,15%,1,2,,4,5,,ワルーンソード,守人の証 巨獣の大角 魔人の翼爪 獣人の爪 鋭利な牙,長剣
4,B,カスカラ,,1,18,162,130,15%,1,,3,4,5,,ワルーンソード,勇者の証 堕天の双翼 鳥獣の堅骨 獣人の鋭牙 野生の牙,長剣
4,A,バリサルド,,1,19,185,150,10%,1A,2,3A,,5,,カスカラ,勇者の証 巨獣の双牙 魔竜の大鱗×2 魔竜の大爪,長剣
6,S,セクエンス,,1,30,280,280,15%,1s,2,3A,4,5,6A,グレイソード,英雄の証 魔竜の大牙 魔獣の鋭爪 太古の樹皮 魚人の大鱗,長剣
6,A,サイドソード,,×,30,295,175,15%,1s,2A,3,,5,,スパタ,武将の証 竜人の鋭牙×2 霊木の樹皮 妖魔の大角,長剣
8,A,ソロウソード,,1,40,394,308,15%,1,2A,3s,4sA,,,クレイモア,武将の証 竜人の鋭牙×2 霊木の樹皮 妖魔の大角,長剣
8,S,ディアボロソード,,1,40,456,380,10%,1A,2s,3,4sA,5,6A,ソロウソード,大将の証 竜人の鋭牙×2 霊木の樹皮 妖魔の大角,長剣
6,B,アネラス,,1,28,236,183,20%,,2,3,4,5,,ディフェンダー,闘人の証 魔竜の大牙 魔獣の鋭爪 猛毒の牙×2,長剣
6,A,青紅,,1,29,269,212,15%,1,2s,,4,5,,アネラス,行者の証 魔竜の大牙×2 魔獣の鋭爪 プラチナ,長剣
8,B,レイテルパラッシュ,,1,38,354,280,15%,1,2s,3,,5,,プラチナソード,志士の証 氷塊の歯牙 魔竜の逆鱗 妖魔の黒翼 死人の爪,長剣
8,A,リプスソード,風,1,39,299,382,15%,1,2,3風,,5,,レイテルパラッシュ,志士の証 氷塊の歯牙 氷竜の大爪 死徒の幻角 妖魔の黒翼,長剣
10,S,ノトスソード,風,1,50,471,594,10%,1A,2s,3風,4,5,6A,グレイソード,剣聖の証 氷塊の歯牙×2 氷竜の大爪 妖魔の黒翼,長剣
10,A,カルマソード,,×,50,530,413,15%,1B,2A,3,,5,,ワイバーンキラー,子爵の証 獣竜の鋼牙×2 竜人の堅皮 魔獣の岩角,長剣
10,S,ラージャソード,,1,50,613,515,10%,1B,2A,3s,4s,5,6A,カルマソード,元帥の証 獣竜の鋼牙×2 竜人の堅皮 魔獣の岩角,長剣
10,B,ルナティックソード,,1,48,456,456,15%,1A,2A,3,4,,,ミスリルソード,豪傑の証 獣王の大牙 魔牛の双角 獣人の剛爪 醜悪な牙,長剣
10,A,アイスブランド,氷,1,49,545,430,10%,1,2A,3,4氷,,,ルナティックソード,覚者の証 獣王の大牙 魔王の大爪 巨獣の堅皮 獣人の剛爪,長剣
12,S,スリュムソード,氷,1,60,649,816,5%,1A,2s,3s,4氷,5,6A,グレイソード,君主の証 獣王の大牙 魔王の大爪×2 獣人の剛爪,長剣
12,B,バロンソード,,1,58,631,491,15%,,2s,3,4s,5,,ダマスカスソード,偉人の証 獣人の双翼 光竜の煌鱗 奇獣の妖牙 腐臭の牙,長剣
12,A,フレイムブランド,火,1,59,453,746,10%,1,,3s,4火,5,,バロンソード,幽人の証 古竜の鋼牙 獣人の双翼 光竜の煌鱗 奇獣の妖牙,長剣
14,S,ラハトケレブ,火,1,70,1078,875,0%,1,2A,3B,4火,5A,6A,グレイソード,覇王の証 古竜の鋼牙×2 光竜の煌鱗 奇獣の妖牙,長剣
14,A,イルウーン,,×,68,924,738,5%,1,,3B,4,5s,,ミーティアソード,風鳥座の星玉 恐獣の大牙 魔人の呪角 水竜の大鱗 アダマンタイト,長剣
14,S,カウディモルダクス,,1,70,1078,673,5%,1s,2s,3s,4s,5s,6A,イルウーン,冠座の星玉 恐獣の大牙 竜人の鋭爪 魔人の呪角 死竜の双角,長剣
16,A,ライトブリンガー,光,1,78,808,1029,15%,1,,3B,4光,5,,カッツバルゲル,八分儀座の星玉 幻竜の大牙 堕徒の呪角 魔虫の毒爪×2,長剣
16,S,グラムドリング,光,1,79,873,1118,15%,1A,2B,3s,4光,5A,6A,ライトブリンガー,烏座の星玉 タングステン 幻竜の大牙 死竜の剛爪 死竜の剛爪,長剣
18,A,エングレイブソード,,1,88,1262,982,15%,1s,2B,3C,,5B,,レリックソード,盾座の星玉 鳥人の双翼 古竜の幻鱗 狼王の鋭牙×2,長剣
18,S,オルクリスト,,×,90,1537,1235,5%,1A,2A,3C,4s,5A,6A,エングレイブソード,ガルヴォルン 大熊座の星玉 氷獣の凍牙 鳥人の双翼 古竜の幻鱗,長剣
20,B,スカイソード,,1,98,1440,814,20%,,2s,3B,4A,5B,,シュチェルビェツ,幽鬼の印章 醜怪な牙×2 甲獣の殻 貴石の角,長剣
20,A+,ロストソード,,1,100,1646,1372,15%,1A,2s,3D,4,5B,,スカイソード,死騎の印章 怪鳥の大嘴×2 奇獣の甲殻 怪物の豪角,長剣
20,S,イシリアルソード,,1,100,1718,1430,15%,1s,2B,3D,4A,5A,6A,スカイソード,環蛇の印章 死騎の印章 トラペゾヘドロン 合獣の猛爪 奇獣の甲殻,長剣
14,A,ロイヤルソード,,1,70,1013,632,5%,1A,2B,3s,4s,,,グレイソード,王家の証 竜人の鋼牙 恐獣の大爪 獣王の上皮×2,長剣
14,S,カイザーソード,,×,75,1178,997,5%,1,2,3s,4s,5A,6A,ロイヤルソード,帝王の証 ガルヴォルン 竜人の鋼牙 恐獣の大爪×2,長剣
14,S+,インビジブル,,1,1,69,59,10%,1A,2B,3B,4m,5A,6,ロイヤルソード,闘神の証 ガルヴォルン 竜人の鋼牙 魔人の妖角×2,長剣
16,S+,エクスカリバー,,1,80,1300,1090,10%,1s,2B,3B,4s,5B,6,ロイヤルソード,南十字座の星玉 孔雀座の星玉 ガルヴォルン 竜人の鋼牙 魔人の妖角,長剣
18,S,ネビュラソード,,1,90,1513,1271,10%,1,2,3s,4s,5A,6A,ロイヤルソード,満天の星玉 アボイタカラ 怪竜の毒牙 呪鬼の鋭爪×2,長剣
18,S+,ヴァルハラソード,,×,1,73,50,5%,1s,2s,3A,4,5B,6s,ロイヤルソード,闘神の証 黄道の星玉 怪竜の毒牙 水精の妖角×2,長剣
18,S+,アクエリアス,,1,90,1658,1392,5%,1m,2B,3s,4s,5A,6s,ロイヤルソード,水瓶座の星玉 黄道の星玉 アボイタカラ 怪竜の毒牙 水精の妖角,長剣
1,C,カッパーサーベル,,1,1,58,40,10%,1,2,3,,,,(基点),,曲刀
4,B+,グレイサーベル,,1,1,60,41,10%,1,2,3,4,5,,(基点),,曲刀
1,C,サイフアニット,,1,2,63,43,10%,1,2,3,4,,,カッパーサーベル,アイアン 獣人の爪×2,曲刀
2,C,カラベラ,,1,7,85,70,10%,1,2,3,4,,,カッパーサーベル,魔獣の厚皮 ガーネット 小さな角,曲刀
3,C,タルワール,,1,12,120,79,10%,1,2,3,4,,,カラベラ 和泉守兼定,野生の牙 魔獣の翼×2,曲刀
4,C,ファルクス,,1,17,141,113,15%,1s,2,3,4,,,サイフアニット サパラ,獣人の鋭牙 魔竜の大爪 シルバー 魔獣の翼,曲刀
5,C,シャムシール,,1,22,195,124,10%,1,2,3,4,,,ファルクス パイレーツセイバー,プラチナ 猛毒の牙 太古の爪,曲刀
6,C,カットラス,,×,27,250,161,5%,1A,2,3,,5,,タルワール,魔竜の大牙 魔獣の鋭爪×2 太古の爪 魚人の大鱗,曲刀
7,C,ファルシオン,,1,32,276,222,10%,1,2,3,4,,,シャムシール,ミスリル 混沌の牙 死人の爪,曲刀
8,C,キリジ,,1,37,359,229,5%,1s,2,,4,5,,バロング,狂竜の鋼牙×2 混沌の牙 猛獣の皮 勇壮な角,曲刀
9,C,ダマスカスソード,,1,42,384,231,15%,1,2,3,4,,,キリジ クレイモア,ダマスカス 醜悪な牙 真紅の爪,曲刀
10,C,キルソード,,1,47,354,264,30%,1s,2,3s,,5,,ベイダナ,邪竜の鋼牙 獣人の剛爪×2 真紅の爪 邪竜の大鱗,曲刀
11,C,シミター,,1,52,538,331,10%,1,2,3,4,,,キルソード,メテオライト 腐臭の牙 獣鬼の爪,曲刀
12,C,カーディナルソード,,1,57,521,403,20%,1A,2,,4A,5,,ダマスカスソード,奇獣の妖牙×2 堅亀の猛爪 獣鬼の爪×2,曲刀
13,C,クレセントソード,,1,62,693,424,10%,1,2,3,4,,,カーディナルソード バロンソード,アダマンタイト 破滅の牙 漆黒の爪,曲刀
14,C,ダンシングエッジ,,1,67,586,435,30%,1,2s,3,,5,,グロリアスサーベル,獣人の鋼牙 水竜の鋭爪×2 破滅の牙 猛々しい角,曲刀
15,C,レリックサーベル,,×,72,828,659,10%,1,2,3,4,,,ダンシングエッジ,オリハルコン 禍因の牙 残虐な爪,曲刀
16,C,マーダーソード,,×,77,962,586,10%,1s,2s,3s,,5s,,バブルソード,鳥人の鋭嘴×3 魔獣の殻 呪詛の角,曲刀
17,C,バデレール,,1,82,1017,809,10%,1,2,3,4,,,マーダーソード,ヒヒイロカネ 根絶の牙 鬼人の爪,曲刀
18,C,コピシュ,,1,87,1057,599,20%,1,,3C,4A,5s,,レリックサーベル,狼王の鋭牙×2 魔王の妖爪 鬼人の爪×2,曲刀
19,C,ニムシャ,,1,92,1353,852,5%,1,2,3,4,,,バデレール,アミアントゥス 犀利な牙 斬伐の爪,曲刀
20,C,ブリガントサーベル,,×,97,1403,856,10%,1A,2A,3C,,5D,,コピシュ,竜王の猛牙×2 死魔の剛爪 斬伐の爪×2,曲刀
2,B+,コラーダ,,1,7,91,61,10%,1,2,3,4,,,カラベラ,魔人の翼爪 魔獣の厚皮 上質な皮×2,曲刀
2,A,ドヴェルグサーベル,,1,10,112,74,10%,1A,2,3s,4,5,,カラベラ,ブロンズ 魔獣の大牙 魔人の翼爪 魔獣の厚皮 魚人の小鱗,曲刀
4,B+,古錠刀,,1,17,161,104,10%,1s,2,3,4,,,ファルクス,魔竜の大爪×2 魔獣の翼 硬質の殻,曲刀
4,A,ガヴィダサーベル,,1,20,188,120,10%,1s,2,3A,4A,5,,ファルクス,ティン 獣人の鋭牙 魔竜の大爪 鳥獣の毛皮 魔竜の小鱗,曲刀
6,B+,クレシューズ,,1,27,250,157,10%,1,2,3A,,5,,カットラス,魔竜の大牙 魔獣の鋭爪 猛毒の牙 太古の爪,曲刀
6,A,アミリアスサーベル,,1,30,285,177,10%,1A,2,3B,4A,5,,カットラス,ゴールド 魔竜の大牙 魔獣の鋭爪 太古の樹皮 魚人の大鱗,曲刀
8,B+,ネイリング,,×,37,359,222,10%,1s,2,3s,4,,,キリジ,狂竜の鋼牙 妖魔の黒翼×2 死人の爪 魔竜の剛鱗,曲刀
8,A,マハタンサーベル,,1,40,402,247,10%,1s,2s,3,4A,5,,キリジ,イシルディン 狂竜の鋼牙 妖魔の黒翼 魔竜の堅皮 魔竜の剛鱗,曲刀
10,B+,ティソナ,,1,47,511,322,5%,1A,,3A,4A,5,,キルソード,邪竜の鋼牙 獣人の剛爪×2 醜悪な牙 真紅の爪,曲刀
10,A,ミーメサーベル,,1,50,540,329,10%,1,2,3,4A,5s,,キルソード,モリブデン 邪竜の鋼牙 獣人の剛爪 聖獣の上皮 邪竜の大鱗,曲刀
12,B+,ワンダーサーベル,魔,1,57,355,604,15%,1s,2s,3,4A,,,カーディナルソード,奇獣の妖牙 堅亀の猛爪×2 腐臭の牙 獣鬼の爪,曲刀
14,B+,青犢刀,,1,67,851,533,5%,1s,,3B,4,5s,,ダンシングエッジ,獣人の鋼牙×2 死竜の双角 破滅の牙 漆黒の爪,曲刀
16,B+,漏影刀,,1,77,962,765,10%,,2s,3C,4A,5s,,マーダーソード,鳥人の鋭嘴 魔虫の毒爪×2 残虐な爪 古竜の堅鱗,曲刀
18,B+,グラーシーザ,,×,87,1229,748,10%,1,2A,3,4A,,,コピシュ,狼王の鋭牙 魔王の妖爪×2 根絶の牙 鬼人の爪,曲刀
20,B+,アパラージタ,,1,97,1540,965,5%,1A,,3,4A,5D,,ブリガントサーベル,竜王の猛牙×2 死魔の剛爪×2 斬伐の爪,曲刀
2,A,マカイラ,,1,10,112,74,10%,1,,3A,4,5B,,カラベラ,隊長の証 怪魚の鋭牙×2 魔女の妖爪 蛇姫の彩鱗,曲刀
4,A,バドレール,,×,20,188,120,10%,1A,2,3s,,5B,,ファルクス,隊長の証 怪魚の鋭牙×2 魔女の妖爪 蛇姫の彩鱗,曲刀
4,S,アイオンサーベル,,1,20,200,126,10%,1s,2,3,4A,5B,6A,バドレール,団長の証 怪魚の鋭牙×2 魔女の妖爪 蛇姫の彩鱗,曲刀
2,B,サパラ,,×,8,96,64,10%,,2,3,4,5,,(合成),守人の証 魔獣の厚皮 毒性の体液 アイアン 鋭利な牙 上質な皮,曲刀
2,A,ナーゲルリング,,×,9,106,87,5%,1,2,,4,5,,サパラ,強者の証 魔獣の大牙 巨獣の大角 獣人の爪 小さな角,曲刀
4,B,パイレーツセイバー,,1,18,173,114,5%,1,,3,4,5,,サパラ,勇者の証 堕天の双翼×2 獣人の鋭牙 魔獣の翼,曲刀
4,A,テンペスタスソード,風,×,19,131,163,15%,1A,2風,3,,5,,パイレーツセイバー,猛士の証 巨獣の双牙 堕天の双翼 獄獣の毛皮 魔竜の小鱗,曲刀
6,S,スキロンソード,風,1,29,277,221,10%,1,2風,3,4,5,6A,グレイサーベル,英雄の証 魔竜の大牙 魔獣の鋭爪×3,曲刀
6,A,クリクスメッサー,,1,30,285,177,10%,1s,2s,3A,4,,,カットラス,武将の証 竜人の鋭牙×2 妖婦の艶爪 竜王の鋼鱗,曲刀
8,A,ソロウサーベル,魔,1,40,304,384,10%,1A,2,3D,4,,,キリジ,武将の証 竜人の鋭牙×2 妖婦の艶爪 竜王の鋼鱗,曲刀
8,S,ディアボロサーベル,,1,40,427,261,10%,1s,2s,3D,4A,5,6A,ソロウサーベル,大将の証 竜人の鋭牙×2 妖婦の艶爪 竜王の鋼鱗,曲刀
6,B,バロング,,×,28,241,195,10%,1A,2,3,4,,,パイレーツセイバー,行者の証 魔獣の鋭爪 太古の樹皮 太古の爪 雄々しい角,曲刀
6,A,ミミングスソード,,×,29,274,221,5%,1s,2,,4,5,,バロング,義士の証 魔獣の鋭爪 太古の堅角×2 太古の爪,曲刀
8,B,ベイダナ,,1,38,364,226,10%,1,2,3B,,5,,カットラス 菊一文字則宗,賢人の証 氷竜の大爪 獣王の毛皮 狂竜の鋼牙 死人の爪,曲刀
8,A,マンイーター,闇,1,39,257,333,20%,1A,2闇,3,,5,,ベイダナ,壮士の証 氷塊の歯牙 死徒の幻角 魔竜の逆鱗 妖魔の黒翼,曲刀
10,S,インフェルノ,闇,×,50,545,432,10%,1s,2闇,3,4B,5,6A,グレイサーベル,剣聖の証 氷塊の歯牙 氷竜の大爪 死徒の幻角 妖魔の黒翼,曲刀
10,A,カルマサーベル,土,×,50,408,515,10%,1s,,3B,4,5土,,キルソード,子爵の証 獣竜の鋼牙×2 獣鬼の鋭爪 火獣の炎鱗,曲刀
10,S,ラージャサーベル,土,1,50,564,471,10%,1A,2s,3B,4A,5土,6A,カルマサーベル,元帥の証 獣竜の鋼牙×2 獣鬼の鋭爪 火獣の炎鱗,曲刀
10,B,コラ,,×,48,493,303,10%,1A,,3B,4A,5,,ファルシオン,豪傑の証 獣王の大牙 巨獣の堅皮 獣人の剛爪 強堅な角,曲刀
10,A,リディル,,1,49,526,321,10%,1s,,3B,4s,5,,コラ,治者の証 獣王の大牙×2 魔牛の双角 獣人の剛爪,曲刀
12,S,エッケザックス,,1,60,745,598,5%,1s,2s,3s,4s,5,6A,グレイサーベル,君主の証 獣王の大牙 魔王の大爪 魔牛の双角 獣人の剛爪,曲刀
12,B,グロリアスサーベル,,1,58,607,485,10%,1,2,3s,,5,,キルソード,偉人の証 古竜の鋼牙 光竜の煌鱗 奇獣の妖牙 腐臭の牙,曲刀
12,A,ドライソード,砂,1,59,584,453,20%,1,,3,4砂,5,,グロリアスサーベル,烈士の証 古竜の鋼牙 獣人の双翼 魔人の黒血 堅亀の猛爪,曲刀
14,S,シムーンソード,砂,×,70,754,940,5%,1s,2s,3A,4砂,5,6A,グレイサーベル,覇王の証 古竜の鋼牙×2 獣人の双翼 堅亀の猛爪,曲刀
14,A,バブルソード,水,1,68,637,808,10%,1s,,3水,4,5s,,シャムシール,風鳥座の星玉 恐獣の大牙 竜人の鋭爪 獣人の鋼牙 アダマンタイト,曲刀
14,S,ギュミルソード,水,1,70,900,713,10%,1,2s,3水,4B,5s,6A,バブルソード,冠座の星玉 恐獣の大牙 竜人の鋭爪 岩魔の堅殻 水竜の大鱗,曲刀
16,A,ナズ,,1,78,1000,789,10%,1,,3C,4A,5A,,ダンシングエッジ バブルソード,八分儀座の星玉 幻竜の大牙×2 鳥人の鋭嘴 魔虫の毒爪,曲刀
16,S,スコヴヌング,,1,79,1196,745,5%,1s,2s,3,4B,5A,6A,ナズ,烏座の星玉 タングステン 幻竜の大牙×2 堕徒の呪角,曲刀
18,A,サイフフラド,,×,88,1344,842,5%,1,2A,3,4C,,,マーダーソード ナズ,盾座の星玉 氷獣の凍牙 古竜の幻鱗 狼王の鋭牙×2,曲刀
18,S,タンキエム,,1,90,1344,787,15%,1s,2A,3C,4C,5s,6A,サイフフラド,大熊座の星玉 ガルヴォルン 氷獣の凍牙 鳥人の双翼 死徒の髄液,曲刀
20,B,シュヴァイツァー,,1,98,1315,1036,15%,1A,,3A,4A,5D,,ブリガンドサーベル,幽鬼の印章 醜怪な牙×2 断獄の爪 極彩の鱗,曲刀
20,A+,ロストサーベル,,1,100,1588,1329,10%,1s,2s,3A,4D,5,,シュヴァイツァー,死騎の印章 怪鳥の大嘴×2 合獣の猛爪 竜王の煌鱗,曲刀
20,S,イシリアルサーベル,,1,100,1646,1387,10%,1A,2A,3C,4D,5D,6A,シュヴァイツァー,環蛇の印章 死騎の印章 トラペゾヘドロン 怪鳥の大嘴 合獣の猛爪,曲刀
14,A,ロイヤルサーベル,,1,70,932,584,5%,1s,2,3C,,5s,,グレイサーベル,王家の証 竜人の鋼牙 竜人の鋼牙 獣王の上皮 魔界の呪布,曲刀
14,S,カイザーサーベル,,×,75,1033,862,10%,1A,2A,3,4B,5s,6A,ロイヤルサーベル,帝王の証 ガルヴォルン 竜人の鋼牙 恐獣の大爪 獣王の上皮,曲刀
14,S+,ナンダカ,,1,1,67,58,5%,1s,2m,3s,4B,5s,6,ロイヤルサーベル,闘神の証 ガルヴォルン 竜人の鋼牙 獣王の上皮 獣人の剛鱗,曲刀
16,S+,マックアルイン,,1,80,1270,790,5%,1,2A,3C,4A,5s,6,ロイヤルサーベル,南十字座の星玉 孔雀座の星玉 ガルヴォルン 竜人の鋼牙 獣王の上皮,曲刀
18,S,ネビュラサーベル,,1,90,1416,860,10%,1A,2A,3,4B,5s,6A,ロイヤルサーベル,満天の星玉 アボイタカラ 怪竜の毒牙 呪鬼の鋭爪 巨亀の堅殻,曲刀
18,S+,ヴァルハラサーベル,,1,1,67,58,5%,1A,2s,3C,4s,5,6s,ロイヤルサーベル,闘神の証 黄道の星玉 怪竜の毒牙 巨亀の堅殻 地竜の鋼鱗,曲刀
18,S+,カプリコーン,,1,90,1537,957,5%,1s,2A,3m,4B,5s,6s,ロイヤルサーベル,山羊座の星玉 黄道の星玉 アボイタカラ 怪竜の毒牙 巨亀の堅殻,曲刀
1,C,木刀,,1,1,62,43,5%,1,2,3,,,,(基点),,刀
4,B+,古刀,,1,1,64,45,5%,1,2,3,4,5,,(基点),,刀
1,C,和泉守兼定,,1,5,84,58,5%,1,2,3,4,,,木刀,アイアン 鋭利な牙 小さな角,刀
3,C,長曾禰虎徹,,1,15,152,101,5%,1s,2,3,4,,,(合成),シルバー×2 野生の牙×2,刀
5,C,備前長船兼光,,1,25,241,156,5%,1A,2,3,,5,,長曾禰虎徹 孫六兼元,プラチナ 猛毒の牙 魚人の大鱗,刀
7,C,五郎入道正宗,,1,35,366,239,0%,1s,2,,4,5,,備前長船兼光 孫六兼元,ミスリル 混沌の牙×2,刀
9,C,大般若長光,,×,45,457,280,10%,1,2,3s,4,,,五郎入道正宗,邪竜の鋼牙×2 ダマスカス 醜悪な牙 邪竜の大鱗,刀
11,C,蜂須賀正恒,,1,55,609,491,5%,1,2B,3s,4,,,姫鶴一文字,奇獣の妖牙 堅亀の猛爪 メテオライト 獣鬼の爪 いびつな角,刀
13,C,鬼丸国綱,,1,65,778,475,10%,1A,2,3s,,5,,数珠丸恒次,獣人の鋼牙 水竜の鋭爪 アダマンタイト 破滅の牙 漆黒の爪,刀
15,C,三日月宗近,,1,75,970,780,5%,1s,2B,3A,4B,,,鬼丸国綱,鳥人の鋭嘴×3 禍因の牙 残虐な爪,刀
17,C,鶴丸国永,,1,85,1185,953,5%,1,2,3A,4C,,,三日月宗近,狼王の鋭牙 魔王の妖爪 ヒヒイロカネ 鬼人の爪 荘厳な角,刀
19,C,小竜景光,,1,95,1490,934,5%,1s,2B,3D,4C,,,鶴丸国永,竜王の猛牙 死魔の剛爪 アミアントゥス 斬伐の爪 兇暴な角,刀
2,B+,鬼切,,1,7,99,67,5%,1,2,3,4,,,和泉守兼定,魔獣の大牙×2 アイアン×2,刀
2,B+,波切丸,,1,9,108,89,5%,1,2,3,4,,,和泉守兼定,魔人の翼爪 魔獣の厚皮 アイアン 獣人の爪,刀
2,A,嵐翠,,×,10,121,81,5%,1A,2s,3,4,5A,,和泉守兼定,ブロンズ 魔獣の大牙×2 呪師の古布 魚人の小鱗,刀
4,B+,千鳥,,1,17,160,130,10%,1,2,3,,5,,長曾禰虎徹,魔竜の大爪 巨獣の幻角 魔獣の翼 硬質の殻,刀
4,B+,石割,,1,19,192,125,5%,1s,2,3,4,,,長曾禰虎徹,獣人の鋭牙 魔竜の大爪 野生の牙×2,刀
4,A,荒星,,1,20,204,132,5%,1s,2,3s,4,5,,長曾禰虎徹,ティン 獣人の鋭牙×2 血染の妖布 魔竜の小鱗,刀
6,B+,雷切,,1,27,259,161,10%,1s,2,3,4,,,備前長船兼光,魔竜の大牙×2 太古の爪 獣人の皮,刀
6,B+,獅子王,,1,29,293,188,5%,1,2s,3,,5,,備前長船兼光,魔獣の鋭爪×2 太古の樹皮 猛毒の牙,刀
6,A,夕霧,,×,30,310,197,5%,1s,2s,3A,4,5,,備前長船兼光,ゴールド 魔竜の大牙×2 魔界の黒布 魚人の大鱗,刀
8,B+,薄緑,,1,37,372,300,5%,1,2s,3,,5A,,五郎入道正宗,狂竜の鋼牙 妖魔の黒翼 猛獣の皮,刀
8,B+,青蛇丸,,1,39,400,243,10%,1A,2,3s,4,,,五郎入道正宗,狂竜の鋼牙×2 妖魔の黒翼 混沌の牙 死人の爪,刀
8,A,煙嵐,,×,40,441,276,5%,1s,2B,3s,4,5A,,五郎入道正宗,イシルディン 狂竜の鋼牙×2 死霊の呪布 魔竜の剛鱗,刀
10,B+,骨喰吉光,,1,47,506,408,5%,,2,3s,4,5,,大般若長光,邪竜の剛牙×3 真紅の爪 野獣の皮,刀
10,B+,八握剣,,×,49,592,383,0%,1A,2s,3A,,5A,,大般若長光,獣人の剛爪×2 魔王の大角 醜悪な牙×2,刀
10,A,雲霓,,×,50,594,373,5%,1s,2B,3A,4B,5,,大般若長光,モリブデン 邪竜の鋼牙×2 魔界の妖布 邪竜の大鱗,刀
12,B+,神息,,1,57,663,403,10%,,2,3s,4,5A,,蜂須賀正恒,奇獣の妖牙×2 堅亀の猛爪 獣鬼の爪 狂獣の皮,刀
12,B+,天座,,1,59,734,459,5%,1s,2B,3s,,5,,蜂須賀正恒,堅亀の猛爪×2 冥界の樹皮 獣鬼の爪×2,刀
14,B+,蛍丸,,1,67,768,601,15%,1,2,3A,,5A,,鬼丸国綱,獣人の鋼牙 水竜の鋭爪×2 漆黒の爪×2,刀
14,B+,神度剣,,1,69,928,580,5%,1s,2,3s,4B,,,鬼丸国綱,獣人の鋼牙×2 水竜の鋭爪 漆黒の爪 凶獣の皮,刀
16,B+,大蛇丸,,1,77,1103,689,5%,1,2,3A,4B,,,三日月宗近,鳥人の鋭嘴 魔虫の毒爪 冥獣の毛皮 禍因の牙 魔獣の殻,刀
16,B+,天之尾羽張,,×,79,1147,716,5%,,2B,3s,4C,5,,三日月宗近,鳥人の鋭嘴×2 魔虫の毒爪 禍因の牙 残虐な爪,刀
18,B+,ニッカリ青江,,1,87,1286,1034,5%,,2,3A,4B,5,,鶴丸国永,狼王の鋭牙×2 魔王の妖爪 鬼人の爪 古獣の皮,刀
18,B+,丙子椒林剣,,1,89,1404,869,5%,1s,2B,,4C,5B,,鶴丸国永,魔王の妖爪×2 妖馬の毛皮 鬼人の爪×2,刀
20,B+,クトネシリカ,,1,97,1540,938,10%,1s,2B,,4C,5B,,小竜景光,竜王の猛牙×2 死魔の剛爪×2 剛猛な皮,刀
20,B+,降魔利剣,,1,99,1747,1124,0%,,2,3D,4,5,,小竜景光,死魔の剛爪×3 恐竜の堅皮 残伐の爪,刀
2,A,曙雲,,1,10,121,81,5%,1,,3C,4,5,,和泉守兼定,隊長の証 怪魚の鋭牙 魔女の妖爪 堕徒の呪布 魔鎧の尖角,刀
4,A,海月,,1,20,204,132,5%,,2,3C,4,5A,,長曾禰虎徹,隊長の証 怪魚の鋭牙 魔女の妖爪 堕徒の呪布 魔鎧の尖角,刀
4,S,久遠,,1,20,217,139,5%,1s,2s,3C,4,5,6A,海月,団長の証 怪魚の鋭牙 魔女の妖爪 堕徒の呪布 魔鎧の尖角,刀
2,B,上総介兼重,,1,8,108,75,0%,1,,3,4,5,,(合成),強者の証 鋭利な牙×2 アイアン 魔獣の大牙 魔獣の厚皮,刀
2,A,蜥蜴丸,,1,9,114,76,5%,1,2,,4,5,,上総介兼重,狩人の証 魔獣の大牙 巨獣の大角 アイアン 鋭利な牙,刀
4,B,孫六兼元,,1,18,172,140,5%,1,2,3,,5,,和泉守兼定,猛士の証 巨獣の双牙 聖恩の上布 獣人の鋭牙 魔獣の翼,刀
4,A,村雨丸,,1,19,188,153,5%,1A,2A,3,,5,,孫六兼元,勇者の証 巨獣の双牙 堕天の双翼 魔竜の大鱗 巨獣の幻角,刀
6,S,物干竿,,×,30,330,207,5%,1A,2A,3,4,5,6A,古刀,英雄の証 魔竜の大牙×3 魔獣の鋭爪,刀
6,A,白露,,×,30,297,240,5%,1,2,3A,,5,,備前長船兼光,武将の証 竜人の鋭牙 妖婦の艶爪 魔人の戦衣 妖魔の大角,刀
8,A,慟哭,,1,40,441,276,5%,1C,2,3A,,5,,五郎入道正宗,武将の証 竜人の鋭牙 妖婦の艶爪 魔人の戦衣 妖魔の大角,刀
8,S,天魔,,1,40,459,387,5%,1C,2s,3A,4,5A,6A,慟哭,大将の証 竜人の鋭牙 妖婦の艶爪 魔人の戦衣 妖魔の大角,刀
6,B,菊一文字則宗,,1,28,227,177,20%,1,2,3,4,,,タルワール 孫六兼元,義士の証 魔竜の大牙 魔獣の鋭爪 太古の爪×2,刀
6,A,抜丸,,1,29,286,231,5%,1,2,,4,5A,,菊一文字則宗,行者の証 魔竜の大牙 魔獣の鋭爪 太古の堅角 猛毒の牙,刀
8,B,宗三左文字,,1,38,394,249,5%,1,,3,4,5A,,備前長船兼光 菊一文字則宗,賢人の証 氷塊の歯牙 氷王の羽衣 狂竜の鋼牙 死人の爪,刀
8,A,七支刀,,1,39,445,288,0%,1,2,,4s,5A,,宗三左文字,賢人の証 氷塊の歯牙 氷竜の大爪 獣王の毛皮 妖魔の黒翼,刀
10,S,六叉鉾,,×,50,658,422,0%,1s,2,3A,4s,5,6A,古刀,剣聖の証 氷塊の歯牙 氷竜の大爪×2 狂竜の鋼牙,刀
10,A,業刀,,1,49,594,373,5%,,2,3s,4D,5A,,大般若長光,子爵の証 獣竜の鋼牙 獣鬼の鋭爪 武神の闘衣 魔獣の岩角,刀
10,S,明王,,1,50,618,520,5%,1s,2s,3A,4D,5,6A,業刀,元帥の証 獣竜の鋼牙 獣鬼の鋭爪 武神の闘衣 魔獣の岩角,刀
10,B,姫鶴一文字,,1,48,511,414,5%,1A,2,3A,,5A,,五郎入道正宗 宗三左文字,豪傑の証 魔牛の双角 竜王の大鱗 邪竜の鋼牙 真紅の爪,刀
10,A,妖刀村正,闇,1,49,335,440,25%,1s,2,3闇,4,,,姫鶴一文字,覚者の証 獣王の大牙 魔王の大爪×2 獣人の剛爪,刀
12,S,村正真打,闇,×,60,854,547,0%,1s,2B,3闇,4,5,6A,古刀,君主の証 獣王の大牙×2 魔王の大爪 獣人の剛爪,刀
12,B,数珠丸恒次,,1,58,704,443,5%,1s,,3,4,5A,,大般若長光,偉人の証 獣人の双翼 空魚の雷角 堅亀の猛爪 獣鬼の爪,刀
12,A,天国,,1,59,784,503,0%,1A,2s,3A,4A,,,数珠丸恒次,幽人の証 古竜の鋼牙 獣人の双翼 造魔の堅皮 奇獣の妖牙,刀
14,S,祢々切丸,,1,70,1037,835,0%,1s,2B,3A,4A,5A,6A,古刀,覇王の証 古竜の鋼牙 獣人の双翼×2 奇獣の妖牙,刀
14,A,大典太光世,,1,68,885,715,5%,1,2,3B,4B,,,シミター 蜂須賀正恒,風鳥座の星玉 恐獣の大牙 竜人の鋭爪 獣人の鋼牙 漆黒の爪,刀
14,S,小狐丸,,1,70,1037,640,5%,1s,2B,3B,4,5A,6A,大典太光世,竜骨座の星玉 恐獣の大牙 竜人の鋭爪×2 水竜の鋭爪,刀
16,A,童子切安綱,火,1,78,1154,722,5%,1s,2,3s,4火,,,大典太光世,八分儀座の星玉 堕徒の呪角 妖魔の大鱗 鳥人の鋭嘴 魔虫の毒爪,刀
16,S,火之迦具土剣,火,1,79,1196,961,5%,1B,2s,3A,4火,5,6A,童子切安綱,烏座の星玉 タングステン 幻竜の大牙 死竜の剛爪×2,刀
18,A,圧し切り長谷部,,1,88,1402,877,5%,1s,2C,3s,,5B,,童子切安綱,盾座の星玉 魔鎧の鋼角 鳥人の双翼 魔王の妖爪×2,刀
18,S,大通連,,1,90,1549,969,5%,1B,2C,3A,4B,5B,6A,圧し切り長谷部,大熊座の星玉 ガルヴォルン 氷獣の凍牙 鳥人の双翼 蟻王の柔皮,刀
20,B,大包平,,1,98,1607,1009,5%,,2,3D,4C,5,,圧し切り長谷部,幽鬼の印章 醜怪な牙 断獄の爪 清艶な布 貴石の角,刀
20,A+,虚威,,1,100,1776,1113,5%,1A,2B,3A,4B,5C,,大包平,死騎の印章 怪鳥の大嘴 合獣の猛爪 古神の法衣 怪物の豪角,刀
20,S,天威,,1,100,1848,1156,5%,1B,2s,3D,4C,5C,6A,大包平,環蛇の印章 死騎の印章 トラペゾヘドロン 怪鳥の大嘴 合獣の猛爪,刀
14,A,壺切,,1,70,924,746,5%,1,2B,3A,,5,,古刀,王家の証 竜人の鋼牙×2 恐獣の大爪 獣王の上皮,刀
14,S,小烏丸,,×,75,1132,952,5%,1B,2s,3s,4C,5B,6A,壺切,帝王の証 ガルヴォルン 竜人の鋼牙 恐獣の大爪 魔界の呪布,刀
14,S+,倶利伽藍剣,,1,1,72,63,0%,1B,2m,3A,4B,5,6,壺切,闘神の証 ガルヴォルン 竜人の鋼牙 獣王の上皮 獣人の剛鱗,刀
16,S+,天羽々斬剣,,×,80,1390,890,0%,1s,2B,3A,4C,5B,6,壺切,南十字座の星玉 孔雀座の星玉 ガルヴォルン 竜人の鋼牙×2,刀
18,S,星雲,,1,90,1549,969,5%,1B,2B,3A,4C,5B,6A,壺切,満天の星玉 アボイタカラ 怪竜の毒牙 呪鬼の鋭爪 天使の羽衣,刀
18,S+,放魂,,1,1,72,63,0%,1,2A,3A,4A,5B,6s,壺切,闘神の証 黄道の星玉 怪竜の毒牙 巨亀の堅殻 地竜の鋼鱗,刀
18,S+,レオ,,1,90,1695,1078,0%,1B,2s,3s,4m,5,6s,壺切,獅子座の星玉 黄道の星玉 アボイタカラ 怪竜の毒牙×2,刀
1,C,カッパーアクス,,1,1,64,45,5%,1,2,3,,,,(基点),,斧
4,B+,グレイアクス,,1,1,66,46,5%,1,2,3,4,5,,(基点),,斧
1,C,アイアンアクス,,1,2,69,48,5%,1,2,3,4,,,(合成),アイアン×2 鋭利な牙 小さな角,斧
2,C,ラージアクス,,1,7,103,71,0%,1,2,3,4,,,カッパーアクス,魔獣の厚皮 アイアン×2,斧
3,C,タバール,,1,12,134,89,5%,1,2,3,4,,,ラージアクス バトルハンマー,野生の牙×2 硬質の殻,斧
4,C,エルムリーパー,,1,17,173,113,5%,1s,2,3,4,,,アイアンアクス ゴシックアクス,獣人の鋭牙×2 野生の牙 ねじれた角,斧
5,C,プラチナアクス,,1,22,220,142,5%,1,2,3,4,,,(合成),プラチナ×3 獣人の皮,斧
6,C,ワイルドアクス,,×,27,245,148,15%,1A,2,3,,5,,タバール,魔竜の大牙 魔獣の鋭爪 猛毒の牙 獣人の皮,斧
7,C,バタフライアクス,,1,32,327,208,5%,1,2,3,4,,,プラチナアクス,ミスリル 混沌の牙×2,斧
8,C,イビルアクス,,×,37,391,320,0%,1s,2s,3,4,,,ワイルドアクス ロハー,狂竜の鋼牙×2 死人の爪 猛獣の皮 魔竜の剛鱗,斧
9,C,ウォーアクス,,1,42,480,311,0%,1,2,3,4,,,イビルアクス,ダマスカス×2 野獣の皮,斧
10,C,ビーストバスター,,1,47,533,336,5%,,2s,3s,4s,5,,バタフライアクス,邪竜の鋼牙 獣人の剛爪×2 醜悪な牙 野獣の皮,斧
11,C,ミーティアアクス,,1,52,611,383,5%,1,2,3,4,,,ビーストバスター ブローヴァ,メテオライト×2 獣鬼の爪,斧
12,C,クリーヴァー,,1,57,699,438,5%,1A,2,3B,,5s,,ウォーアクス,奇獣の妖牙 堅亀の猛爪 古魚の甲鱗 腐臭の牙 狂獣の皮,斧
13,C,アダマンアクス,,1,62,828,532,0%,1,2,3,4,,,ネックチョッパー,アダマンタイト×2 破滅の牙,斧
14,C,グラッジアクス,,1,67,889,556,5%,1A,2,3B,,5,,ミーティアアクス,獣人の鋼牙 水竜の鋭爪×2 破滅の牙 凶獣の皮,斧
15,C,ヘビィタバルジン,,×,72,989,616,5%,1,2,3,4,,,アダマンアクス ガストアクス,オリハルコン 禍因の牙×2,斧
16,C,ビーストキラー,,1,77,1103,689,5%,,2s,3s,4s,5s,,ヘルクラッシャー,鳥人の鋭嘴×2 魔虫の毒爪 魔獣の殻 古竜の堅鱗,斧
17,C,ディカペテイター,,1,82,1163,934,5%,1,2,3,4,,,ビーストキラー ギガントアクス,ヒヒイロカネ×2 鬼人の爪,斧
18,C,ボーンハッカー,,1,87,1343,839,5%,,2s,3B,4s,5s,,ヘビィタバルジン ギガントアクス,狼王の鋭牙 魔王の妖爪 古竜の煌鱗 根絶の牙 古獣の皮,斧
19,C,ビペンニス,,1,92,1542,990,0%,1,2,3,4,,,ディカペテイター,アミアントゥス×2 斬伐の爪,斧
20,C,ヴァラシュカ,,×,97,1540,938,10%,1A,2s,,4s,5B,,ボーンハッカー,竜王の猛牙 死魔の剛爪 竜王の幻鱗 犀利な牙 剛猛な皮,斧
2,B+,スケイルアクス,,×,7,102,69,5%,1,2,3,4,,,ラージアクス,魔獣の大牙 呪師の古布 魚人の小鱗×2,斧
2,A,ドヴェルグアクス,,×,10,126,84,5%,1s,2s,3,4,5,,ラージアクス,ブロンズ 魔獣の大牙 魔獣の厚皮 巨獣の大角 魚人の小鱗,斧
4,B+,ヘビィアクス,,1,17,188,125,0%,1s,2,3,4,,,エルムリーパー,獣人の鋭牙×2 野生の牙×2,斧
4,A,ガヴィダザグナル,,1,20,212,137,5%,1A,2,3s,4s,5,,エルムリーパー,ティン 獣人の鋭牙 鳥獣の毛皮 巨獣の幻角 魔竜の小鱗,斧
6,B+,バイキングアクス,,1,27,283,179,5%,1,2s,3,,5,,ワイルドアクス,魔竜の大牙×2 プラチナ 獣人の皮,斧
6,A,アミリアスアクス,,1,30,322,205,5%,1A,2,3s,4,5s,,ワイルドアクス,ゴールド 魔竜の大牙 太古の樹皮 太古の堅角 魚人の大鱗,斧
8,B+,ソウルハーベスト,,×,37,333,258,20%,1s,2s,3s,4,,,イビルアクス,狂竜の鋼牙×2 妖魔の黒翼 混沌の牙 猛獣の皮,斧
8,A,マハタンアクス,,1,40,459,286,5%,1,2s,3B,4s,5s,,イビルアクス,イシルディン 狂竜の鋼牙 魔竜の堅皮 死徒の妖角 魔竜の剛鱗,斧
10,B+,ダイダロスアクス,,×,47,556,349,5%,1s,2,,4s,5s,,ビーストバスター,邪竜の鋼牙×3 ダマスカス 野獣の皮,斧
10,A,ミーメアクス,,1,50,618,388,5%,1B,2s,3B,4s,5,,ビーストバスター,モリブデン 邪竜の大牙 聖獣の上皮 魔王の大角 邪竜の大鱗,斧
12,B+,デモンズアクス,,1,57,729,456,5%,1s,,3B,4,5,,クリーヴァー,奇獣の妖牙×3 腐臭の牙 狂獣の皮,斧
14,B+,フォウスラッシャー,,1,67,927,578,5%,1B,2,3,,5,,グラッジアクス,獣人の鋼牙 水竜の鋭爪×2 猛々しい角 凶獣の皮,斧
16,B+,コイオスアクス,,1,77,1150,717,5%,1B,2A,3s,,5,,ビーストキラー,鳥人の鋭嘴×2 魔虫の毒爪 禍因の牙 古竜の堅鱗,斧
18,B+,アウストリアクス,,×,87,1400,874,5%,1A,,3s,4C,5,,ボーンハッカー,狼王の鋭牙×3 根絶の牙 古獣の皮,斧
20,B+,スズリアクス,,1,97,1691,1047,5%,,2s,3B,4s,5B,,ヴァラシュカ,竜王の猛牙×4 剛猛な皮,斧
2,A,フルムーンアクス,,×,10,131,89,0%,1,2s,3C,4s,,,ラージアクス,隊長の証 怪魚の鋭牙×2 牛鬼の毛皮 魔鎧の尖角,斧
4,A,バロックアクス,,×,20,222,147,0%,1s,2s,3C,,5,,エルムリーパー,隊長の証 怪魚の鋭牙×2 牛鬼の毛皮 魔鎧の尖角,斧
4,S,アイオンサイス,,×,20,225,144,5%,1A,2,3C,4,5,,バロックアクス,団長の証 怪魚の鋭牙×2 牛鬼の毛皮 魔鎧の尖角,斧
2,B,ゴシックアクス,,1,8,107,72,5%,,2,3,4,5,,カッパーアクス,狩人の証 毒性の体液 アイアン 小さな角 上質な皮,斧
2,A,シパルー,,1,9,118,79,5%,1,2,,4,5,,ゴシックアクス,強者の証 魔人の翼爪 巨獣の大角 小さな角×2,斧
4,B,ハチェット,,1,18,186,121,5%,1,,3,4,5,,アイアンアクス,猛士の証 巨獣の双牙 獄獣の毛皮 獣人の鋭牙 硬質の殻,斧
4,A,スラーンドアクス,,×,19,203,131,5%,1A,2,3A,,5,,ハチェット,聖徒の証 巨獣の双牙×2 魔竜の大鱗 巨獣の幻角,斧
6,S,ラブリュス,,1,29,329,207,5%,1A,2s,3A,4,5,6A,グレイアクス,英雄の証 魔竜の大牙×2 魔獣の鋭爪 太古の樹皮,斧
6,A,ヘイトザグナル,,1,30,337,220,0%,,2s,3s,4s,5s,,ワイルドアクス,武将の証 竜人の鋭牙×2 霊木の樹皮 妖魔の大角,斧
8,A,ソロウアクス,,×,40,481,308,0%,1s,,3s,4sA,5s,,イビルアクス,武将の証 竜人の鋭牙×2 霊木の樹皮 妖魔の大角,斧
8,S,ディアボロサイス,,×,40,499,427,0%,1A,2s,3B,4sA,5,6A,ソロウアクス,大将の証 竜人の鋭牙×2 霊木の樹皮 妖魔の大角,斧
6,B,ロハー,,1,28,287,183,5%,1A,2,3,4,,,エルムリーパー,義士の証 魔竜の大牙 太古の堅角 猛毒の牙×2,斧
6,A,ランペイジャー,,1,29,296,183,10%,1,2,,4s,5,,ロハー,義士の証 魔竜の大牙×2 魔獣の鋭爪 獣人の皮,斧
8,B,フューリーアクス,,1,38,394,243,10%,1,2s,,4s,5,,ロハー,賢人の証 氷塊の歯牙 死徒の幻角 狂竜の鋼牙 死人の爪,斧
8,A,ブレイズアクス,火,×,39,340,424,5%,1,,3火,4,5,,フューリーアクス,志士の証 氷塊の歯牙×2 死徒の幻角 妖魔の黒翼,斧
10,S,ヴァルカンアクス,火,1,50,658,530,0%,1A,2s,3火,4s,5s,,グレイアクス,剣聖の証 氷塊の歯牙 死徒の幻角 魔竜の逆鱗 狂竜の鋼牙,斧
10,A,カルマアクス,,1,50,648,413,0%,,2s,3B,4s,,6B,ビーストバスター,子爵の証 獣竜の鋼牙×2 竜人の堅皮 魔獣の岩角,斧
10,S,ラージャサイス,,×,50,672,574,0%,1,2,3s,4s,5,6B,カルマアクス,元帥の証 獣竜の鋼牙×2 竜人の堅皮 魔獣の岩角,斧
10,B,ブローヴァ,,×,48,558,350,5%,1s,,3s,4,5s,,フューリーアクス,豪傑の証 獣王の大牙 魔牛の双角 邪竜の鋼牙 醜悪な牙,斧
10,A,エクスパンジャー,,×,49,630,402,0%,,2,3s,4A,5,,ブローヴァ,治者の証 獣王の大牙 魔牛の双角 竜王の大鱗 獣人の剛爪,斧
12,S,ドランボルレグ,,×,60,892,572,0%,1A,2s,3B,4A,5s,6A,グレイアクス,君主の証 獣王の大牙×2 竜王の大鱗 獣人の剛爪,斧
12,B,ネックチョッパー,,×,58,558,284,30%,,2s,3s,4s,5,,ウォーアクス,偉人の証 古竜の鋼牙 造魔の堅皮 堅亀の猛爪 獣鬼の爪,斧
12,A,ライトニングアクス,雷,1,59,634,784,0%,1A,2,3s,4雷,,,ネックチョッパー,幽人の証 古竜の鋼牙×2 空魚の雷角 古魚の甲鱗,斧
14,S,ペルーンアクス,雷,×,70,1134,721,0%,1B,2s,3B,4雷,5,,グレイアクス,覇王の証 古竜の鋼牙 空魚の雷角×2 古魚の甲鱗,斧
14,A,ガストアクス,風,1,68,784,970,0%,1B,,3風,4s,5,,ミーティアアクス,風鳥座の星玉 恐獣の大牙 魔人の呪角 水竜の大鱗 破滅の牙,斧
14,S,カーリーサイス,風,1,70,1078,875,0%,1A,2,3風,4C,5s,6A,ガストアクス,冠座の星玉 恐獣の大牙×2 魔人の呪角 獣人の鋼牙,斧
16,A,ギガントアクス,,1,78,1202,751,5%,,2s,3,4B,5,,アダマンアクス,八分儀座の星玉 幻竜の大牙 堕徒の呪角 鳥人の鋭嘴 魔虫の毒爪,斧
16,S,エイリークアクス,,×,79,1373,873,0%,1C,2A,3B,4B,5s,6A,ギガントアクス,烏座の星玉 タングステン 幻竜の大牙 堕徒の呪角 妖魔の大鱗,斧
18,A,オミナスサイス,,×,88,1461,912,5%,1,2A,3B,,5A,,グラッジアクス,盾座の星玉 氷獣の凍牙 蟻王の柔皮 魔王の妖爪×2,斧
18,S,ネフィリムアクス,,×,90,1622,1005,5%,1A,2,3s,4C,5A,6A,オミナスサイス,ガルヴォルン 大熊座の星玉 氷獣の凍牙×2 魔鎧の鋼角,斧
20,B,サガリス,,1,98,1677,1050,5%,1B,2A,3s,,5B,,ヴァラシュカ,幽鬼の印章 醜怪な牙×2 甲獣の殻 貴石の角,斧
20,A+,ロストアクス,,×,100,1862,1156,5%,1A,2s,3D,4s,5,,サガリス,死騎の印章 怪鳥の大嘴×2 奇獣の甲殻 怪物の豪角,斧
20,S,イシリアルアクス,,×,100,1934,1200,5%,1C,2A,3D,4C,5B,6A,サガリス,環蛇の印章 死騎の印章 トラペゾヘドロン 怪鳥の大嘴 怪物の豪角,斧
14,A,ロイヤルアクス,,×,70,1013,632,5%,1B,2A,3s,,5,,グレイアクス,王家の証 竜人の鋼牙 竜人の鋼牙 獣王の上皮 獣人の剛鱗,斧
14,S,カイザーアクス,,×,75,1241,1051,0%,1C,2A,3B,4C,5,6A,ロイヤルアクス,帝王の証 ガルヴォルン 竜人の鋼牙 獣王の上皮 獣王の上皮,斧
14,S+,ギロチン,,1,1,76,52,0%,1B,2A,3s,4m,5s,6,ロイヤルアクス,闘神の証 ガルヴォルン 竜人の鋼牙 魔界の呪布 獣人の剛鱗,斧
16,S+,クレイオスアクス,,×,80,1430,1220,0%,1A,2s,3B,4C,5,6,ロイヤルアクス,南十字座の星玉 孔雀座の星玉 ガルヴォルン 竜人の鋼牙 獣王の上皮,斧
18,S,ネビュラアクス,,1,90,1695,1078,0%,1B,2A,3s,4C,5s,6A,ロイヤルアクス,満天の星玉 アボイタカラ 怪竜の毒牙 巨亀の堅殻×2,斧
18,S+,ヴァルハラサイス,,×,1,74,65,0%,1s,2s,3A,4A,5,6s,ロイヤルアクス,闘神の証 黄道の星玉 怪竜の毒牙 天使の羽衣 地竜の鋼鱗,斧
18,S+,キャンサー,,×,90,1767,1126,0%,1C,2,3m,4s,5s,6s,ロイヤルアクス,蟹座の星玉 黄道の星玉 アボイタカラ 怪竜の毒牙 巨亀の堅殻,斧
1,C,カッパーハンマー,,1,1,69,48,0%,1,2,3,,,,(基点),,鎚
4,B+,グレイハンマー,,1,1,71,50,0%,1,2,3,4,5,,(基点),,鎚
1,C,アイアンハンマー,,1,2,74,52,0%,1,2,3,4,,,カッパーハンマー,アイアン×2 上質な皮,鎚
2,C,バトルハンマー,,1,7,107,73,0%,1,2,3,4,,,カッパーハンマー,魔獣の大牙 アイアン×2 小さな角,鎚
3,C,シルバーハンマー,,1,12,114,138,0%,1,2,3,4,,,アイアンハンマー,シルバー×2 野生の牙,鎚
4,C,ロックブレイカー,,1,17,188,125,0%,1s,2,,4,5,,ボーンハンマー,巨獣の幻角 魔竜の大爪 シルバー 野生の牙,鎚
5,C,プラチナハンマー,,1,22,228,188,0%,1,2,3,4,,,ホビットハンマー シルバーハンマー,プラチナ×2 獣人の皮,鎚
6,C,ワイルドハンマー,,1,27,294,192,0%,1A,2,3,,5,,ロックブレイカー,魔竜の大牙 太古の樹皮 猛毒の牙 雄々しい角,鎚
7,C,ミスリルハンマー,,1,32,354,230,0%,1,2,3,4,,,ワイルドハンマー,ミスリル×2 猛獣の皮,鎚
8,C,アースパウンダー,,×,37,424,274,0%,1s,2s,3,4,,,モール,狂竜の鋼牙 魔竜の堅皮 混沌の牙 猛獣の皮 魔竜の剛鱗,鎚
9,C,メガスマッシャー,,1,42,500,323,0%,1,2,3,4,,,アースパウンダー,ダマスカス×2 野獣の皮,鎚
10,C,グラップラー,,1,47,578,372,0%,1s,,3s,4,5s,,ファインハンマー,邪竜の鋼牙×2 聖獣の上皮 醜悪な牙 強堅な角,鎚
11,C,スレッジハンマー,,1,52,668,429,0%,1,2,3,4,,,マッドハンマー,メテオライト×2 狂獣の皮,鎚
12,C,パイルアンカー,,1,57,758,486,0%,1A,,3,4,5s,,メガスマッシャー グラップラー,奇獣の妖牙 冥界の樹皮 古魚の甲鱗 メテオライト 腐臭の牙,鎚
13,C,アダマンハンマー,,1,62,861,552,0%,1,2,3,4,,,スレッジハンマー,アダマンタイト×2 猛々しい角,鎚
14,C,ヘルクラッシャー,,1,67,881,707,5%,1s,2s,,4,5s,,アーマーブレイカー クリーヴァー,獣人の鋼牙 水竜の鋭爪 水竜の大鱗 破滅の牙 凶獣の皮,鎚
15,C,ヒュージハンマー,,×,72,1082,692,0%,1,2,3,4,,,ヘルクラッシャー,オリハルコン×2 魔獣の殻,鎚
16,C,デストロイヤー,,1,77,1207,774,0%,1s,2s,3s,,5s,,アダマンハンマー,鳥人の鋭嘴×2 冥獣の毛皮 魔獣の殻 古竜の堅鱗,鎚
17,C,スクイーザー,,×,82,1267,1027,0%,1,2,3,4,,,デストロイヤー,ヒヒイロカネ×2 古獣の皮,鎚
18,C,インサニティモール,,×,87,1469,942,0%,1s,2s,3,,5s,,ヒュージハンマー,狼王の鋭牙 妖馬の毛皮 古竜の煌鱗 ヒヒイロカネ 根絶の牙,鎚
19,C,ルツェルンハンマー,,×,92,1542,964,5%,1,2,3,4,,,スクイーザー,アミアントゥス×2 剛猛な皮,鎚
20,C,マッシブハンマー,,×,97,1677,1362,0%,,2C,3,4B,5s,,インサニティモール,竜王の猛牙 恐竜の堅皮 竜王の幻鱗 アミアントゥス 犀利な牙,鎚
2,B+,グレイトハンマー,,1,7,110,75,0%,1,2,3,4,,,バトルハンマー,巨獣の大角 魔獣の厚皮 アイアン 鋭利な牙,鎚
2,A,ドヴェルグハンマー,,×,10,130,108,0%,1s,2,3,4,5s,,バトルハンマー,ブロンズ 魔獣の厚皮 魔人の頭骨 巨獣の大角 魚人の小鱗,鎚
4,B+,ヘビィハンマー,,×,17,195,130,0%,1A,2,3,4,,,ロックブレイカー,巨獣の幻角 獣人の鋭牙 野生の牙 硬質の殻,鎚
4,A,ガヴィダハンマー,,×,20,220,182,0%,1A,2A,3s,4,5,,ロックブレイカー,ティン 鳥獣の毛皮 巨獣の堅骨 巨獣の幻角 魔竜の小鱗,鎚
6,B+,バンデッドハンマー,,1,27,305,199,0%,1,2s,3,,5,,ワイルドハンマー,魔竜の大牙 太古の樹皮 獣人の皮 魚人の大鱗,鎚
6,A,アミリアスハンマー,,×,30,335,275,0%,1,2s,3,4,5,,ワイルドハンマー,ゴールド 太古の樹皮 魔人の妖骨 太古の堅角 魚人の大鱗,鎚
8,B+,グラビティハンマー,,×,37,443,284,0%,1A,2,3s,4,,,アースパウンダー,狂竜の鋼牙×2 妖魔の黒翼 猛獣の皮 魔竜の剛鱗,鎚
8,A,マハタンハンマー,,×,40,477,387,0%,1,2s,3s,4,5s,,アースパウンダー,イシルディン 魔竜の堅皮 死徒の幻骨 死徒の妖角 魔竜の剛鱗,鎚
10,B+,オンスロート,,1,47,605,390,0%,1A,2s,3s,,5,,グラップラー,邪竜の鋼牙x2 聖獣の上皮 野獣の皮 邪竜の大鱗,鎚
10,A,ミーメハンマー,,×,50,643,520,0%,1s,2s,3s,4B,5,,グラップラー,モリブデン 聖獣の上皮 死徒の頭骨 魔王の大角 邪竜の大鱗,鎚
12,B+,バーストハンマー,爆,×,57,616,758,0%,1,2A,3s,4爆,,,パイルアンカー,奇獣の妖牙 冥界の樹皮 古魚の甲鱗 獣鬼の爪 狂獣の皮,鎚
14,B+,バイオレントホーン,,1,67,1010,647,0%,1s,,3,4B,5s,,ヘルクラッシャー,獣人の鋼牙 死界の妖布 水竜の大鱗 破滅の牙 猛々しい角,鎚
16,B+,ファールバウティ,,×,77,1028,576,20%,1B,2A,3s,4B,,,デストロイヤー,鳥人の鋭嘴×2 魔虫の毒爪 魔獣の殻 古竜の堅鱗,鎚
18,B+,ノルズリハンマー,,1,87,1538,977,0%,1B,2B,3s,,5,,インサニティモール,狼王の鋭牙 妖馬の毛皮 古竜の煌鱗 鬼人の爪 古獣の皮,鎚
20,B+,ジャガーノート,,×,97,1841,1184,0%,1,2C,3s,4,,,マッシブハンマー,竜王の猛牙 死魔の剛爪 恐竜の堅皮 竜王の幻鱗 剛猛な皮,鎚
2,A,マジカルハンマー,魔,1,10,108,130,0%,1s,2A,3s,,5B,,バトルハンマー,隊長の証 怪魚の鋭牙 魔女の妖爪 幽鬼の硬骨 蛇姫の彩鱗,鎚
4,A,クラッシュハンマー,,1,20,230,152,0%,1A,,3s,4,5B,,ロックブレイカー,隊長の証 怪魚の鋭牙 魔女の妖爪 幽鬼の硬骨 蛇姫の彩鱗,鎚
4,S,アイオンハンマー,,1,20,240,206,0%,1,2,3s,4,5B,6A,クラッシュハンマー,団長の証 怪魚の鋭牙 魔女の妖爪 幽鬼の硬骨 蛇姫の彩鱗,鎚
2,B,ボーンハンマー,,1,8,115,78,0%,,2,3,4,5,,(合成),強者の証 魔人の頭骨 毒性の体液 アイアン 尖った骨×2,鎚
2,A,ハウルハンマー,,1,9,118,97,5%,1,2,,4,5,,ボーンハンマー,強者の証 魔獣の大牙 魔人の翼爪 不気味な液 獣人の爪,鎚
4,B,ホビットハンマー,,×,18,193,126,5%,1,,3,4,5,,ボーンハンマー,猛士の証 獄獣の毛皮 鳥獣の堅骨 獣人の鋭牙 硬質の殻,鎚
4,A,パニッシャー,,×,19,219,145,0%,1s,2,3A,,5,,ホビットハンマー,猛士の証 巨獣の双牙 鳥獣の堅骨 魔獣の炎角 獣人の鋭牙,鎚
6,S,ゴリアテハンマー,,×,29,358,231,0%,1,2s,3A,4,5,6A,グレイハンマー,英雄の証 魔竜の大牙 太古の樹皮 魔界の黒布 魚人の大鱗,鎚
6,A,ナトジーク,爆,1,30,275,335,0%,1s,2s,3,4爆,,,ワイルドハンマー,武将の証 竜人の鋭牙 妖婦の艶爪 火竜の焦骨 竜王の鋼鱗,鎚
8,A,ソロウハンマー,,×,40,499,319,0%,,2s,3,4D,5,,アースパウンダー,武将の証 竜人の鋭牙 妖婦の艶爪 火竜の焦骨 竜王の鋼鱗,鎚
8,S,ディアボロハンマー,,×,40,528,340,0%,1,2A,3s,4D,5s,6A,ソロウハンマー,大将の証 竜人の鋭牙 妖婦の艶爪 火竜の焦骨 竜王の鋼鱗,鎚
6,B,モール,,1,28,312,204,0%,1s,2,3,4,,,エルムリーパー,行者の証 魔竜の大牙 太古の樹皮 獣人の皮 雄々しい角,鎚
6,A,ウォウハンマー,魔,1,29,233,293,10%,1s,2A,,4,5,,モール,義士の証 魔竜の大牙 太古の堅角×2 獣人の皮,鎚
8,B,ファインハンマー,,1,38,428,269,5%,1,2A,3,,5,,プラチナハンマー,壮士の証 獣王の毛皮 魔竜の逆鱗 魔竜の堅皮 猛獣の皮,鎚
8,A,ブリガンドハンマー,,1,39,462,288,5%,1,2A,,4s,5,,ファインハンマー,志士の証 氷塊の歯牙 氷王の羽衣 魔竜の逆鱗 魔竜の堅皮,鎚
10,S,コロッサスハンマー,,×,50,716,457,0%,1,2s,3,4s,5s,6A,グレイハンマー,剣聖の証 氷塊の歯牙 魔竜の逆鱗×2 魔竜の堅皮,鎚
10,A,カルマハンマー,魔,1,50,520,643,0%,,2A,3sA,4B,5,,グラップラー,子爵の証 獣竜の鋼牙 獣鬼の鋭爪 死徒の妖骨 火獣の炎鱗,鎚
10,S,ラージャハンマー,,×,50,599,702,0%,1,2s,3sA,4B,5s,6A,カルマハンマー,元帥の証 獣竜の鋼牙 獣鬼の鋭爪 死徒の妖骨 火獣の炎鱗,鎚
10,B,マッドハンマー,,×,48,525,419,10%,1,2s,,4,5s,,ミスリルハンマー,豪傑の証 魔牛の双角 竜王の大鱗 邪竜の鋼牙 醜悪な牙,鎚
10,A,アースシェイカー,土,×,49,507,626,0%,1,2A,,4土,5s,,マッドハンマー,治者の証 武神の法衣 魔牛の双角 竜王の大鱗 魔王の大角,鎚
12,S,ネルトゥスハンマー,土,×,60,886,720,0%,1,2A,3s,4土,5,6A,グレイハンマー,君主の証 武神の法衣 竜王の大鱗 竜王の大鱗 魔王の大角,鎚
12,B,アーマーブレイカー,,1,58,795,509,0%,1s,2A,3s,4A,,,メガスマッシャー,偉人の証 光竜の煌鱗 空魚の雷角 奇獣の妖牙 狂獣の皮,鎚
12,A,カタストロフィ,,1,59,852,547,0%,,2s,3,4A,5s,,アーマーブレイカー,烈士の証 魔人の黒血 魔界の幻布 空魚の雷角 冥界の樹皮,鎚
14,S,スィアチハンマー,魔,1,70,908,1126,0%,1,2s,3s,4A,5,6A,グレイハンマー,覇王の証 魔界の幻布×2 空魚の雷角 冥界の樹皮,鎚
14,A,ブラッドモール,,1,68,1056,676,0%,1,,3B,4B,5,,パイルアンカー,風鳥座の星玉 魔人の呪角 蛇妖の幻鱗 水竜の鋭爪 破滅の牙,鎚
14,S,マグニハンマー,,1,70,1126,697,5%,1,2s,3B,4C,5s,6A,ブラッドモール,竜骨座の星玉 岩魔の堅殻 魔人の呪角 蛇妖の幻鱗 水竜の鋭爪,鎚
16,A,ダークトーメント,,1,78,1317,837,0%,1,2A,3s,,5A,,アダマンハンマー ブラッドモール,八分儀座の星玉 堕徒の呪角 妖魔の大鱗 魔虫の毒爪 冥獣の毛皮,鎚
16,S,ドラゴンヘッド,,×,79,1431,912,0%,1B,2s,3,4C,5A,6A,ダークトーメント,烏座の星玉 タングステン 蛇姫の聖衣 堕徒の呪角 妖魔の大鱗,鎚
18,A,ポイゾナー,闇,×,88,1239,1531,0%,1,2s,3,4闇,,,ダークトーメント,盾座の星玉 魔鎧の鋼角 古竜の幻鱗 狼王の鋭牙 妖馬の毛皮,鎚
18,S,ディザスタハンマー,闇,×,90,1683,1368,0%,1,2B,3s,4闇,5s,6A,ポイゾナー,大熊座の星玉 ガルヴォルン 魔鎧の鋼角 死徒の髄液 悪鬼の呪衣,鎚
20,B,イノーマスハンマー,,×,98,1830,1176,0%,1,2C,3s,,5,,マッシブハンマー,幽鬼の印章 醜怪な牙 断獄の爪 怨鬼の骨 極彩の鱗,鎚
20,A+,ロストハンマー,,×,100,1891,1603,5%,1s,2B,3C,4B,5,,イノーマスハンマー,死騎の印章 怪鳥の大嘴 合獣の猛爪 病魔の呪骨 竜王の煌鱗,鎚
20,S,イシリアルハンマー,,×,100,1977,1675,5%,1,2C,3C,4C,5s,6A,イノーマスハンマー,環蛇の印章 死騎の印章 トラペゾヘドロン 怪鳥の大嘴 竜王の煌鱗,鎚
14,A,ロイヤルハンマー,,1,70,1110,705,0%,1,2s,3,4B,,,グレイハンマー,王家の証 獣王の上皮 魔人の妖角 獣人の剛鱗 獣人の剛鱗,鎚
14,S,カイザーハンマー,,×,75,1286,1096,0%,1B,2s,3,4C,5,6A,ロイヤルハンマー,帝王の証 ガルヴォルン 恐獣の大爪 魔界の呪布 魔人の妖角,鎚
14,S+,ドレッドノート,,×,1,78,54,0%,1,2B,3m,4C,5s,6,ロイヤルハンマー,闘神の証 ガルヴォルン 獣王の上皮 獣人の剛鱗×2,鎚
16,S+,ヴェルンドハンマー,,×,80,1490,1270,0%,1,2B,3s,4B,5,6,ロイヤルハンマー,南十字座の星玉 孔雀座の星玉 ガルヴォルン 獣王の上皮 魔人の妖角,鎚
18,S,ネビュラハンマー,,×,90,1731,1477,0%,1,2B,3s,4B,5s,6A,ロイヤルハンマー,満天の星玉 アボイタカラ 呪鬼の鋭爪 天使の羽衣 水精の妖角,鎚
18,S+,ヴァルハラハンマー,,×,1,78,54,0%,1,2s,3A,4s,5,6s,ロイヤルハンマー,闘神の証 黄道の星玉 巨亀の堅殻 地竜の鋼鱗×2,鎚
18,S+,タウラス,,×,90,1804,1537,0%,1,2m,3s,4C,5s,6s,ロイヤルハンマー,牡牛座の星玉 黄道の星玉 アボイタカラ 巨亀の堅殻 水精の妖角,鎚
1,C,カッパーロッド,,×,1,46,56,20%,1,2,3,,,,(基点),,杖
4,B+,グレイロッド,,×,1,47,58,20%,1,2,3,4,5,,(基点),,杖
1,C,ガーネットロッド,,×,2,49,60,20%,1,2,3,4,,,カッパーロッド,ガーネット 尖った骨 謎の液体,杖
2,C,ボーンロッド,,×,7,69,86,20%,1,2,3,4,,,(合成),魔獣の厚皮 魔人の頭骨 魚人の小鱗 尖った骨 柔かい布,杖
3,C,ジルコンロッド,,×,12,91,114,20%,1,2,3,4,,,ガーネットロッド バトルスタッフ,ジルコン 強靭な骨 濁った液,杖
4,C,ニンフロッド,,×,17,109,141,25%,1s,2,,4,5,,ボーンロッド,魔竜の大爪 魔竜の小鱗 濁った液 ねじれた角,杖
5,C,ムーンロッド,,×,22,147,188,20%,1,2,3,4,,,ニンフロッド,トパーズ 雄々しい角 魚人の大鱗,杖
6,C,エナジーロッド,魔,×,27,179,230,20%,1,2,3,,5,,(合成),魔人の妖骨×2 魔蠍の体液 魔界の黒布 獣人の皮,杖
7,C,アークワンド,,×,32,230,292,15%,1,2,3,4,,,エナジーロッド シールドブレイカー,アクアマリン 猛獣の皮 勇壮な角,杖
8,C,ジオロッド,,×,37,255,329,20%,1s,2,3,4,,,ムーンロッド ナパイアワンド,死徒の幻骨 未知の液体 竜人の骨 竜人の血×2,杖
9,C,サンロッド,,×,42,300,388,20%,1,2,3,4,,,ジオロッド,サファイア 強堅な角 邪竜の大鱗,杖
10,C,ピクシーロッド,,×,47,372,475,15%,1s,2,3s,,5,,ジオロッド オブシダンロッド,大蛇の鮮血 魔界の妖布 魔王の大角 サファイア 野獣の皮,杖
11,C,ウィローワンド,,×,52,398,517,20%,1,2,3,4,,,サンロッド,メテオライト×2 狂獣の皮,杖
12,C,アルセイドロッド,,×,57,456,592,20%,1s,,3s,4,5,,オーラロッド,奇獣の妖牙 冥界の樹皮×2 メテオライト 腐臭の牙,杖
13,C,スターロッド,,×,62,512,666,20%,1,2,3,4,,,アルセイドロッド セイレーンロッド,アダマンタイト ダイアモンド 屈強な骨,杖
14,C,シェパードロッド,,×,67,616,790,15%,1s,2,,4,5,,ウィローワンド,竜人の鮮血 死界の妖布 水竜の大鱗 アダマンタイト 魔性の血,杖
15,C,クリスタルロッド,,×,72,794,794,20%,1,2,3,4,,,グリムワンド シェパードロッド,クリスタル 魔獣の殻 呪詛の角,杖
16,C,チャームロッド,,×,77,717,934,20%,1s,2,3s,,5,,スターロッド クルエルメイス,古竜の幻骨×2 魔人の妖血 邪鬼の骨 致死の毒,杖
17,C,ピルグリムロッド,,×,82,788,1027,20%,1,2,3,4,,,クリスタルロッド,ヒヒイロカネ×2 古獣の皮,杖
18,C,アンク,,×,87,1068,1068,20%,1A,,3A,4,5,,チャームロッド,狼王の鋭牙 妖馬の毛皮×2 ヒヒイロカネ 根絶の牙,杖
19,C,オレアードロッド,,×,92,1253,964,20%,1,2,3,4,,,ピルグリムロッド,アミアントゥス×2 剛猛な皮,杖
20,C,パストラルスタッフ,,×,97,1129,1444,15%,1s,2A,3s,,5,,アンク,竜王の猛牙 恐竜の堅皮×2 アミアントゥス 犀利な牙,杖
2,B+,テュルソス,,×,7,71,88,20%,1,2,3,4,,,ボーンロッド,巨獣の大角 呪師の古布 毒性の体液 柔かい布,杖
2,A,ドヴェルグロッド,,×,10,86,108,20%,1s,2,3,4,5,,ボーンロッド,オニキス 魔人の頭骨 毒性の体液×2 呪師の古布,杖
4,B+,テンペスタスロッド,風,×,17,121,154,20%,1風,2,3,4,,,ニンフロッド,巨獣の堅骨 魔竜の鮮血 ジルコン ねじれた角,杖
4,A,ガヴィダロッド,,×,20,142,182,20%,1,2,3s,4,5,,ニンフロッド,ジェーダイト 巨獣の堅骨 魔竜の鮮血×2 血染の妖布,杖
6,B+,バーニングロッド,火,×,27,186,239,20%,1s,2火,3,,5,,エナジーロッド,魔蠍の体液 魔界の黒布 獣人の皮×2,杖
6,A,アミリアスロッド,,×,30,212,275,20%,1s,2,3s,4,5,,エナジーロッド,ペリドット 魔人の妖骨 魔蠍の体液×2 魔界の黒布,杖
8,B+,ボルテックスロッド,水,×,37,264,342,20%,1,2,3水,4,,,ジオロッド,死徒の幻骨 未知の液体 死霊の呪布 竜人の血×2,杖
8,A,マハタンロッド,,×,40,297,387,20%,1s,2,3,4,5,,ジオロッド,マラカイト 死徒の幻骨 未知の液体×2 死霊の呪布,杖
10,B+,ボミングロッド,爆,×,47,390,497,15%,1風,2爆,3,,5,,ピクシーロッド,大蛇の鮮血×2 魔界の妖布 野獣の皮×2,杖
10,A,ミーメロッド,,×,50,398,520,20%,1A,2,3s,4s,5,,ピクシーロッド,トルマリン 死徒の頭骨 大蛇の鮮血×2 魔界の妖布,杖
12,B+,プラズマロッド,雷,×,57,509,652,15%,1,2雷,3水,,5,,アルセイドロッド,造魔の体液×2 魔界の紅布 狂獣の皮×2,杖
14,B+,ファンタズムロッド,魔,×,67,556,919,10%,1A,2,3s,4,,,シェパードロッド,獣人の鋼牙 恐獣の大骨 死界の妖布 凶獣の皮 屈強な骨,杖
16,B+,風狸杖,,×,77,746,972,20%,1s,2,3A,,5,,チャームロッド,古竜の幻骨 魔人の妖血 魔神の闘衣 致死の毒×2,杖
18,B+,タレイアロッド,,×,87,908,1194,20%,,2,3A,4,5B,,アンク,鬼人の妖血×2 太古の妖布 古獣の皮×2,杖
20,B+,タパク・ヤウリ,,×,97,1266,1595,10%,1s,2A,3s,4,,,パストラルスタッフ,恐竜の堅皮 巨兵の滑液×2 武者の戎衣 剛猛な皮,杖
2,A,スピリットロッド,魔,×,10,80,125,10%,1,2,3B,,5,,ボーンロッド,牧師の証 幽鬼の硬骨×2 海竜の鮮血 蛇姫の彩鱗,杖
4,A,クロスロッド,爆,×,20,161,201,10%,1風,2火,3B,4,,,ニンフロッド,牧師の証 幽鬼の硬骨×2 海竜の鮮血 蛇姫の彩鱗,杖
4,S,アイオンロッド,魔,×,20,116,201,20%,1s,2,3B,4,5,6A,クロスロッド,神父の証 幽鬼の硬骨×2 海竜の鮮血 蛇姫の彩鱗,杖
2,B,バトルスタッフ,,×,8,102,83,10%,,2,3,4,5,,カッパーロッド,守人の証 魔人の頭骨 毒性の体液 アイアン 謎の液体,杖
2,A,グリダウォル,,×,9,81,102,20%,1,2,,4,5,,バトルスタッフ,守人の証 魔獣の大牙 魔人の翼爪 魔人の頭骨 謎の液体,杖
4,B,エルムロッド,,×,18,126,159,20%,1,2,3,,5,,バトルスタッフ,聖徒の証 鳥獣の堅骨×2 巨獣の堅骨 ねじれた角,杖
4,A,ガイアロッド,土,×,19,145,183,15%,1s,2土,3,,5,,エルムロッド,聖徒の証 鳥獣の堅骨 聖恩の上布 魔獣の炎角 巨獣の堅骨,杖
6,S,クエイクロッド,土,×,29,214,279,20%,1s,2土,3,4,5,6A,グレイロッド,英雄の証 魔人の妖骨 魔蠍の体液 魔界の黒布 太古の堅角,杖
6,A,アンケトロッド,雷,×,30,242,305,10%,1s,2雷,3s,,5,,エナジーロッド,軍師の証 火竜の焦骨×2 魔蛙の粘液 竜王の鋼鱗,杖
8,A,ソロウロッド,"魔 砂",×,40,232,409,20%,1s,2火,,4砂,5,,ジオロッド,軍師の証 火竜の焦骨×2 魔蛙の粘液 竜王の鋼鱗,杖
8,S,ディアボロロッド,砂,×,40,394,474,10%,1,2火,3s,4砂,5,6A,ソロウロッド,宰相の証 火竜の焦骨×2 魔蛙の粘液 竜王の鋼鱗,杖
6,B,ナパイアワンド,,×,28,190,243,20%,1s,2,3,4,,,ジルコンロッド,闘人の証 魔人の妖骨 魔界の黒布 獣人の皮 雄々しい角,杖
6,A,カノニカルロッド,魔,×,29,176,233,30%,1,,3s,4,5,,ナパイアワンド,闘人の証 魔人の妖骨×2 魔界の黒布 獣人の皮,杖
8,B,オブシダンロッド,,×,38,347,269,20%,1,,3s,4,5,,ナパイアワンド,壮士の証 太古の幻骨 蛙王の唾液 死徒の幻骨 竜人の骨,杖
8,A,コキュートスロッド,氷,×,39,267,438,10%,1s,2氷,3s,,5,,オブシダンロッド,壮士の証 太古の幻骨×2 蛙王の唾液 未知の液体,杖
10,S,ヘルロッド,氷,×,50,422,555,20%,1s,2氷,3水,4A,5,6A,グレイロッド,剣聖の証 太古の幻骨 蛙王の唾液×2 死徒の幻骨,杖
10,A,カルマロッド,,×,50,310,550,20%,1A,2,3C,4,,,ピクシーロッド,法師の証 死徒の妖骨×2 機兵の油液 火獣の炎鱗,杖
10,S,ラージャロッド,魔,×,50,535,638,10%,1A,2,3C,4s,5,6A,カルマロッド,大師の証 死徒の妖骨×2 機兵の油液 火獣の炎鱗,杖
10,B,オーラロッド,魔,×,48,336,553,10%,,2,3s,4,5,,アークワンド,豪傑の証 太古の妖骨 竜人の妖血 死徒の頭骨 強堅な角,杖
10,A,グリームロッド,光,×,49,387,507,20%,,2,3s,4光,5,,オーラロッド,武人の証 太古の妖骨×2 竜人の妖血 死徒の頭骨,杖
12,S,プリズムロッド,光,×,60,636,803,10%,1s,2,3,4光,5,6A,グレイロッド,君主の証 太古の妖骨 竜人の妖血×2 死徒の頭骨,杖
12,B,セイレーンロッド,,×,58,473,619,20%,,2,3s,4,5,,オーラロッド,偉人の証 幻獣の大骨 魔人の黒血 古魚の甲鱗 狂獣の皮,杖
12,A,グルームロッド,闇,×,59,547,703,15%,1s,2,3s,4闇,,,セイレーンロッド,仁者の証 幻獣の大骨×2 魔人の黒血 冥界の樹皮,杖
14,S,カロンロッド,闇,×,70,859,1070,5%,1A,2,3,4闇,5,6A,グレイロッド,覇王の証 幻獣の大骨 魔人の黒血×2 冥界の樹皮,杖
14,A,グリムワンド,,×,68,815,630,20%,1s,2,3s,,5A,,ピクシーロッド,風鳥座の星玉 古代の油液 魔人の呪角 水竜の大鱗 屈強な骨,杖
14,S,ガンバンテイン,,×,70,697,908,20%,1A,2,3s,4A,5A,6A,グリムワンド,竜骨座の星玉 死王の聖骨 古代の油液 魔人の呪角 水竜の鋭爪,杖
16,A,グリッティスタッフ,砂,×,78,779,1019,20%,1A,2砂,3s,,5,,グリムワンド,八分儀座の星玉 魔王の妖骨 機兵の体液 古竜の幻骨 魔人の妖血,杖
16,S,セトロッド,砂,×,79,843,1108,20%,1A,2砂,3A,4A,5,6A,グリッティスタッフ,烏座の星玉 タングステン 魔王の妖骨 魔王の妖骨 機兵の体液,杖
18,A,ドリュアスロッド,,×,88,947,1239,20%,1s,2,3A,4B,,,グリッティスタッフ,盾座の星玉 造魔の工骨 死徒の髄液 妖馬の毛皮 古竜の煌鱗,杖
18,S,サルマンロッド,魔,×,90,1053,1368,20%,1A,2,3s,4B,5B,6A,ドリュアスロッド,大熊座の星玉 ガルヴォルン 造魔の工骨×2 死徒の髄液,杖
20,B,ジェズル,,×,98,1092,1426,20%,,2A,3A,4,5B,,パストラルスタッフ,幽鬼の印章 怨鬼の骨×2 霊妙な液 極彩の鱗,杖
20,A+,ロストロッド,,×,100,1329,1617,20%,1A,2,3s,4,5C,,ジェズル,死騎の印章 病魔の呪骨×2 機兵の燃油 竜王の煌鱗,杖
20,S,イシリアルロッド,,×,100,1387,1689,20%,1A,2A,3A,4A,5C,6A,ジェズル,環蛇の印章 死騎の印章 アーケンストーン 機兵の燃油 竜王の煌鱗,杖
14,A,ロイヤルロッド,,×,70,657,859,20%,1A,2,3A,,5,,グレイロッド,王家の証 獣王の上皮 死竜の大骨 古代の滑液 魔界の呪布,杖
14,S,カイザーロッド,,×,75,1042,1232,5%,1A,2,3,4A,5B,6A,ロイヤルロッド,帝王の証 ガルヴォルン 魔界の呪布×2 魔人の妖角,杖
14,S+,タナトスロッド,魔,×,1,61,71,10%,1A,2,3m,4A,5,6,ロイヤルロッド,闘神の証 ガルヴォルン 獣王の上皮 魔界の呪布 魔人の妖角,杖
16,S+,ミストルテイン,,×,80,990,1210,20%,1A,2,3A,4,5B,6,ロイヤルロッド,南十字座の星玉 孔雀座の星玉 ガルヴォルン 魔界の呪布×2,杖
18,S,ネビュラロッド,,×,90,1162,1416,20%,1A,2,3A,4,5,6A,ロイヤルロッド,満天の星玉 アボイタカラ 天使の羽衣×2 水精の妖角,杖
18,S+,ヴァルハラロッド,魔,×,1,58,68,15%,1m,2,3s,4m,5B,6s,ロイヤルロッド,闘神の証 黄道の星玉 巨亀の堅殻 天使の羽衣 水精の妖角,杖
18,S+,ライブラ,,×,90,1368,1634,10%,1A,2m,3A,4A,5,6s,ロイヤルロッド,天秤座の星玉 黄道の星玉 アボイタカラ 天使の羽衣 水精の妖角,杖
1,C,カッパーメイス,,1,1,54,45,20%,1,2,3,,,,(基点),,棍
4,B+,グレイセプター,,1,1,56,46,20%,1,2,3,4,5,,(基点),,棍
1,C,ウッドカジェル,,1,2,59,48,20%,1,2,3,4,,,カッパーメイス,ガーネット 鋭利な牙 上質な皮,棍
2,C,アイゼンメイス,,1,7,87,55,20%,1,2,3,4,,,カッパーメイス,毒性の体液 アイアン×2,棍
3,C,パインスタッフ,,1,12,100,78,30%,1,2,3,4,,,ウッドカジェル アイゼンメイス,硬質の殻 濁った液×2,棍
4,C,スパイクドクラブ,,1,17,151,121,15%,1s,2,3,4,,,アイゼンメイス,獣人の鋭牙×2 野生の牙 濁った液,棍
5,C,トパーズメイス,,1,22,142,181,20%,1,2,3,4,,,スパイクドクラブ,トパーズ×2 太古の爪,棍
6,C,ワイルドカジェル,,1,27,221,172,20%,1,2,3,,5,,パインスタッフ,魔竜の大牙 太古の樹皮 獣人の皮×2,棍
7,C,ファインスタッフ,,1,32,238,238,25%,1,2,3,4,,,シールドブレイカー,ミスリル アクアマリン 死人の爪,棍
8,C,モーニングスター,,1,37,320,248,20%,1s,2A,,4,5,,トパーズメイス,狂竜の鋼牙 魔竜の堅皮 混沌の牙×2 勇壮な角,棍
9,C,サファイアメイス,,1,42,288,373,20%,1,2,3,4,,,コチアテ ファインスタッフ,サファイア×2 真紅の爪,棍
10,C,リチュアルメイス,,1,47,385,385,25%,1s,,3s,4,5s,,ワイルドカジェル,邪竜の鋼牙×2 聖獣の上皮 野獣の皮×2,棍
11,C,メイルブレイカー,,1,52,497,383,20%,1,2,3,4,,,リチュアルメイス マッドカジェル,メテオライト×2 狂獣の皮,棍
12,C,グロリアスセプター,,1,57,533,533,20%,1s,2s,3s,4,,,マッドカジェル,奇獣の妖牙 冥界の樹皮 大亀の甲鱗 メテオライト 腐臭の牙,棍
13,C,ダイアメイス,,1,62,532,680,15%,1,2,3,4,,,グロリアスセプター,アダマンタイト ダイアモンド 漆黒の爪,棍
14,C,クルエルメイス,,1,67,639,473,30%,1,2,3,,5,,アルセイドロッド ゴーストメイス,死界の妖布 死竜の双角 水竜の大鱗 破滅の牙 凶獣の皮,棍
15,C,クリスタルメイス,,1,72,760,760,20%,1,2,3,4,,,ダイアメイス アナテマクラブ,オリハルコン クリスタル 残虐な爪,棍
16,C,アノイントセプター,,1,77,896,689,20%,,2s,3s,4s,5s,,メイルブレイカー,鳥人の鋭嘴 魔虫の毒爪 冥獣の毛皮 禍因の牙 呪詛の角,棍
17,C,ヴィシャスメイス,,1,82,934,934,20%,1,2,3,4,,,アノイントセプター アストラルメイス,ヒヒイロカネ×2 古獣の皮,棍
18,C,ダイアーメイス,,1,87,1160,908,15%,1B,2s,3,,5s,,チャームロッド,狼王の鋭牙 妖馬の毛皮 古竜の煌鱗 ヒヒイロカネ 古獣の皮,棍
19,C,八角棒,,1,92,1404,1128,5%,1,2,3,4,,,ヴィシャスメイス,アミアントゥス×2 剛猛な皮,棍
20,C,ブズディガン,,1,97,1390,1390,10%,1A,2A,3D,4,,,ダイアーメイス,竜王の猛牙 恐竜の堅皮 竜王の幻鱗 アミアントゥス 剛猛な皮,棍
2,B+,アッシュメイス,,1,7,86,69,20%,1,2,3,4,,,アイゼンメイス,魔人の翼爪 呪師の古布 毒性の体液 獣人の爪,棍
2,A,ドヴェルグメイス,,1,10,104,84,10%,1s,2,3,4,5,,アイゼンメイス,オニキス 魔獣の厚皮 魔人の頭骨 毒性の体液 巨獣の大角,棍
4,B+,タイタンカジェル,土,1,17,157,125,15%,1土,2,3,4,,,スパイクドクラブ,獣人の鋭牙×2 野生の牙 ねじれた角,棍
4,A,ガヴィダメイス,,1,20,176,137,20%,1,2A,3s,4,5s,,スパイクドクラブ,ジェーダイト 鳥獣の毛皮 巨獣の堅骨 魔竜の鮮血 巨獣の幻角,棍
6,B+,エナジーメイス,魔,1,27,141,243,20%,1s,2A,3,,5,,ワイルドカジェル,魔竜の大牙 太古の樹皮 太古の爪 獣人の皮,棍
6,A,アミリアスメイス,,1,30,265,205,20%,1A,2,3,4,5,,ワイルドカジェル,ペリドット 太古の樹皮 魔人の妖骨 魔蠍の体液 太古の堅角,棍
8,B+,ヒュドラクラブ,,1,37,368,294,10%,1,2,3s,4,,,モーニングスター,狂竜の鋼牙 妖魔の黒翼×2 混沌の牙 死人の爪,棍
8,A,マハタンメイス,,1,40,373,286,20%,1,2s,3s,4,5s,,モーニングスター,マラカイト 魔竜の堅皮 死徒の幻骨 未知の液体 死徒の妖角,棍
10,B+,ダグザ,,1,47,529,322,10%,1A,2A,3,,5,,リチュアルメイス,邪竜の鋼牙 獣人の剛爪 聖獣の上皮 野獣の皮×2,棍
10,A,ミーメメイス,,1,50,501,388,20%,1A,2s,3s,4,5,,リチュアルメイス,トルマリン 聖獣の上皮 死徒の頭骨 大蛇の鮮血 魔王の大角,棍
12,B+,ニンギルスメイス,,1,57,658,385,15%,1,2s,,4,5s,,グロリアスセプター,奇獣の妖牙 堅亀の猛爪 大亀の甲鱗 獣鬼の爪 狂獣の皮,棍
14,B+,グルーリングクラブ,,1,67,669,669,25%,1s,,3s,4s,5,,クルエルメイス,獣人の鋼牙 死界の妖布 死竜の双角 破滅の牙 凶獣の皮,棍
16,B+,ワズラ,,1,77,934,717,20%,1B,2A,3,4s,,,アノイントセプター,鳥人の鋭嘴 魔虫の毒爪×2 禍因の牙 残虐な爪,棍
18,B+,ミダースセプター,,1,87,1137,874,20%,1,2s,3s,4B,,,ダイアーメイス,狼王の鋭牙 魔王の妖爪 古竜の煌鱗 鬼人の爪 古獣の皮,棍
20,B+,シャルウル,,1,97,1526,1212,10%,,2,3D,4B,5s,,ブズディガン,竜王の猛牙 死魔の剛爪×2 竜王の幻鱗 剛猛な皮,棍
2,A,オークメイス,,1,10,84,104,20%,1,2,,4D,5,,アイゼンメイス,牧師の証 魔女の妖爪 幽鬼の硬骨 堕徒の呪布 魔鎧の尖角,棍
4,A,ヘビィメイス,,1,20,137,176,20%,1s,,3s,4D,5s,,スパイクドクラブ,牧師の証 魔女の妖爪 幽鬼の硬骨 堕徒の呪布 魔鎧の尖角,棍
4,S,アイオンメイス,,1,20,195,113,20%,1,2A,3s,4D,5,6A,ヘビィメイス,神父の証 魔女の妖爪 幽鬼の硬骨 堕徒の呪布 魔鎧の尖角,棍
2,B,ハウルメイス,,1,8,67,86,25%,,2,3,4,5,,(合成),強者の証 魔獣の大牙 呪師の古布 魔人の頭骨 柔かい布 獣人の爪,棍
2,A,ヘラクレスクラブ,,1,9,108,69,15%,1,2,,4,5,,ハウルメイス,守人の証 魔獣の大牙 巨獣の大角 ガーネット 柔かい布,棍
4,B,エルムセプター,,1,18,121,153,20%,1,2,3,,5,,ハウルメイス,聖徒の証 鳥獣の堅骨 魔亀の紅血 魔竜の大爪 硬質の殻,棍
4,A,シャイニーセプター,光,1,19,131,168,20%,1光,2,3,,5,,エルムセプター,猛士の証 巨獣の双牙 魔亀の紅血 魔獣の炎角 魔竜の鮮血,棍
6,S,ヘリオスセプター,光,1,29,207,269,20%,1光,2A,3,4,5,,グレイセプター,英雄の証 太古の樹皮 太古の堅角 魔竜の大牙×2,棍
6,A,シャシブル,,1,30,280,160,20%,1,2A,3s,,5s,,ワイルドカジェル,軍師の証 妖婦の艶爪 火竜の焦骨 魔人の戦衣 妖魔の大角,棍
8,A,ソロウメイス,風,1,40,394,308,15%,1s,2,3風,,5,,モーニングスター,軍師の証 妖婦の艶爪 火竜の焦骨 魔人の戦衣 妖魔の大角,棍
8,S,ディアボロメイス,風,1,40,380,456,10%,1A,2s,3風,4,5s,6A,ソロウメイス,宰相の証 妖婦の艶爪 火竜の焦骨 魔人の戦衣 妖魔の大角,棍
6,B,シールドブレイカー,,1,28,262,209,10%,,2,3,4,5,,エルムセプター,闘人の証 魔竜の大牙 太古の樹皮 太古の爪 雄々しい角,棍
6,A,オイディプスメイス,,1,29,241,183,25%,1,2,,4,5s,,シールドブレイカー,闘人の証 魔獣の鋭爪 太古の樹皮 太古の堅角 猛毒の牙,棍
8,B,コチアテ,,1,38,337,259,20%,1,,3,4,5s,,トパーズメイス,志士の証 太古の幻骨 魔竜の逆鱗 狂竜の鋼牙 勇壮な角,棍
8,A,ティラノスセプター,,1,39,445,278,5%,1s,2A,3A,,5s,,コチアテ,賢人の証 太古の幻骨 蛙王の唾液 魔竜の逆鱗 妖魔の黒翼,棍
10,S,スターバスター,魔,1,50,437,564,15%,1,2,3A,4,5s,6A,グレイセプター,剣聖の証 蛙王の唾液 魔竜の逆鱗×2 妖魔の黒翼,棍
10,A,カルマメイス,,1,50,530,413,15%,,2,3,4sA,5s,,リチュアルメイス,法師の証 獣鬼の鋭爪 死徒の妖骨 武神の闘衣 魔獣の岩角,棍
10,S,ラージャメイス,,1,50,613,515,10%,1s,2s,3s,4sA,5,6A,カルマメイス,大師の証 獣鬼の鋭爪 死徒の妖骨 武神の闘衣 魔獣の岩角,棍
10,B,マッドカジェル,,1,48,456,350,20%,1A,2A,3s,4,,,モーニングスター,豪傑の証 太古の妖骨 魔牛の双角 邪竜の鋼牙 強堅な角,棍
10,A,トーレントメイス,水,1,49,292,516,20%,1s,,3s,4水,5s,,マッドカジェル,武人の証 太古の妖骨 竜人の妖血 竜王の大鱗 獣人の剛爪,棍
12,S,エーギルメイス,水,1,60,572,732,15%,1A,2s,3s,4水,5s,6A,グレイセプター,君主の証 竜人の妖血×2 竜王の大鱗 獣人の剛爪,棍
12,B,ゴーストメイス,,1,58,455,595,20%,,2A,3,4,5,,サファイアメイス,偉人の証 魔人の黒血 空魚の雷角 奇獣の妖牙 狂獣の皮,棍
12,A,カトヤンガ,魔,1,59,453,746,10%,,2,3,4A,5,,ゴーストメイス,仁者の証 幻獣の大骨 魔界の幻布 空魚の雷角 奇獣の妖牙,棍
14,S,カウモーダキー,,1,70,924,721,15%,1A,2s,3s,4A,5s,6A,グレイセプター,覇王の証 幻獣の大骨×2 空魚の雷角 奇獣の妖牙,棍
14,A,アナテマクラブ,,1,68,606,784,20%,1A,2,3B,,5,,ゴーストメイス,風鳥座の星玉 恐獣の大牙 魔人の呪角 水竜の大鱗 凶獣の皮,棍
14,S,オグマメイス,,1,70,875,673,20%,1s,2,3B,4s,5s,6A,アナテマクラブ,冠座の星玉 恐獣の大牙 神徒の聖衣 蛇妖の幻鱗 水竜の大鱗,棍
16,A,アストラルメイス,,1,78,971,751,20%,1B,2A,3s,,5A,,ダイアメイス,八分儀座の星玉 魔王の妖骨 堕徒の呪角 鳥人の鋭嘴 造魔の鋼角,棍
16,S,ミトゥム,,1,79,1118,628,20%,1B,2s,3C,4s,5A,6A,アストラルメイス,烏座の星玉 タングステン 魔王の妖骨 機兵の体液 妖魔の大鱗,棍
18,A,リチュアルセプター,,1,88,912,1192,20%,1A,2A,3s,4C,,,クリスタルメイス アストラルメイス,盾座の星玉 死徒の髄液 魔鎧の鋼角 狼王の鋭牙 妖馬の毛皮,棍
18,S,シタ,,1,90,1307,1005,20%,1A,2s,3s,4C,5s,6A,リチュアルセプター,大熊座の星玉 ガルヴォルン 造魔の工骨 悪鬼の呪衣 魔鎧の鋼角,棍
20,B,フランジドメイス,,1,98,1050,1357,20%,,2s,3D,4B,5s,,ブズディガン,幽鬼の印章 断獄の爪 怨鬼の骨 清艶な布 貴石の角,棍
20,A+,ロストメイス,,1,100,1286,1560,20%,1s,2A,3s,4E,5s,,フランジドメイス,死騎の印章 合獣の猛爪 病魔の呪骨 古神の法衣 怪物の豪角,棍
20,S,イシリアルメイス,,1,100,1329,1617,20%,1B,2s,3D,4E,5,6A,フランジドメイス,環蛇の印章 死騎の印章 アーケンストーン 古神の法衣 怪物の豪角,棍
14,A,ロイヤルメイス,,1,70,827,632,20%,1B,2A,3,,5s,,グレイセプター,王家の証 獣王の上皮 死竜の大骨 魔人の妖角 獣人の剛鱗,棍
14,S,カイザーメイス,,1,75,1069,880,15%,1B,2s,3C,4B,5s,6A,ロイヤルメイス,帝王の証 ガルヴォルン 恐獣の大爪 獣人の剛鱗×2,棍
14,S+,ヒュプノスメイス,,1,1,60,50,25%,1B,2A,3C,4m,5s,6,ロイヤルメイス,闘神の証 ガルヴォルン 獣王の上皮 魔界の呪布 獣人の剛鱗,棍
16,S+,クベーラメイス,,1,80,1020,1230,15%,1,2A,3s,4B,5s,6,ロイヤルメイス,南十字座の星玉 孔雀座の星玉 ガルヴォルン 魔界の呪布 獣人の剛鱗,棍
18,S,ネビュラメイス,,1,90,1513,1271,10%,1B,2A,3s,4B,5,6A,ロイヤルメイス,満天の星玉 アボイタカラ 呪鬼の鋭爪 地竜の鋼鱗×2,棍
18,S+,ヴァルハラメイス,,1,1,66,56,15%,1A,2s,3A,4A,5,6s,ロイヤルメイス,闘神の証 黄道の星玉 巨亀の堅殻 天使の羽衣 地竜の鋼鱗,棍
18,S+,ピスケス,,1,90,1162,1416,20%,1B,2m,3C,4s,5s,6s,ロイヤルメイス,魚座の星玉 冠座の星玉 馭者座の星玉 南十字座の星玉 蛇遣座の星玉 黄道の星玉 アボイタカラ 天使の羽衣 地竜の鋼鱗,棍
1,C,カッパースピア,,×,1,52,42,25%,1,2,3,,,,(基点),,槍
4,B+,グレイスピア,,×,1,54,43,25%,1,2,3,4,5,,(基点),,槍
1,C,アイアンスピア,,×,2,56,45,25%,1,2,3,4,,,(合成),アイアン 鋭利な牙×2 小さな角,槍
2,C,パイク,,×,7,75,59,30%,1,2,3,4,,,カッパースピア,魔獣の厚皮 アイアン×2,槍
3,C,シルバーランス,,×,12,94,116,15%,1,2,3,4,,,パイク,野生の牙×2 硬質の殻,槍
4,C,ハープーン,,×,17,136,106,25%,1,2,3,4,,,アイアンスピア,獣人の鋭牙×2 野生の牙 ねじれた角,槍
5,C,プラチナスピア,,×,22,170,131,25%,1,2,3,4,,,(合成),プラチナ×2 獣人の皮×2,槍
6,C,サリッサ,,×,27,221,124,25%,1,2A,3,,5,,シルバーランス,魔竜の大牙 魔獣の鋭爪 猛毒の牙 獣人の皮,槍
7,C,ミスリルスピア,,×,32,254,195,25%,1,2,3,4,,,プラチナスピア,ミスリル 混沌の牙×2,槍
8,C,アルシェピース,,×,37,336,264,15%,1A,2A,3,4,,,サリッサ,狂竜の鋼牙×2 死人の爪 猛獣の皮 魔竜の剛鱗,槍
9,C,ダマスカススピア,,×,42,354,269,25%,1,2,3,4,,,アルシェピース,ダマスカス×2 野獣の皮,槍
10,C,コルセスカ,,×,47,435,237,25%,,2A,3B,4,5,,ミスリルスピア,邪竜の鋼牙 獣人の剛爪×2 醜悪な牙 野獣の皮,槍
11,C,ミーティアスピア,,×,52,471,357,25%,1,2,3,4,,,コルセスカ 偃月刀,メテオライト×2 獣鬼の爪,槍
12,C,グロリアススピア,,×,57,533,403,25%,1A,2A,3B,,5,,ダマスカススピア,奇獣の妖牙 堅亀の猛爪 大亀の甲鱗 腐臭の牙 狂獣の皮,槍
13,C,アダマンランス,,×,62,680,532,15%,1,2,3,4,,,ゴーストスピア,アダマンタイト×2 破滅の牙,槍
14,C,ブラッドスピア,,×,67,639,473,30%,1B,2A,3,,5,,ミーティアスピア,獣人の鋼牙 水竜の鋭爪×2 破滅の牙 凶獣の皮,槍
15,C,オックスタン,,×,72,760,574,25%,1,2,3,4,,,アトミックスピア アダマンランス,オリハルコン 禍因の牙×2,槍
16,C,ウォードンスピア,,×,77,943,736,15%,1B,2A,3B,4,,,(合成),鳥人の鋭嘴×3 魔虫の毒爪 古竜の堅鱗×2,槍
17,C,テリブルランス,,×,82,996,538,25%,1,2,3,4,,,ウォードンスピア エレクトロスピア,ヒヒイロカネ×2 鬼人の爪,槍
18,C,ショヴスリ,,×,87,1034,782,25%,,2A,3D,4A,5,,オックスタン エレクトロスピア,狼王の鋭牙 魔王の妖爪 古竜の煌鱗 根絶の牙 古獣の皮,槍
19,C,フォチャード,,×,92,1203,651,25%,1,2,3,4,,,テリブルランス,アミアントゥス×2 斬伐の爪,槍
20,C,三叉戟,,×,97,1390,1088,15%,1,2B,3F,4,,,ショヴスリ,竜王の猛牙 死魔の剛爪 竜王の幻鱗 犀利な牙 剛猛な皮,槍
2,B+,グレイトスピア,,×,7,90,56,20%,1,2,3,4,,,パイク,魔獣の大牙 呪師の古布 魚人の小鱗×2,槍
2,A,ドヴェルグランス,,×,10,104,62,25%,1,2A,3,4,5,,パイク,ブロンズ 魔獣の厚皮 巨獣の大角×2 魚人の小鱗,槍
4,B+,ギブリスピア,砂,×,17,109,142,25%,1,2砂,3,4,,,ハープーン,獣人の鋭牙×2 野生の牙×2,槍
4,A,ガヴィダスピア,,×,20,176,99,25%,1A,2,3B,4,5,,ハープーン,ティン 鳥獣の毛皮 巨獣の幻角×2 魔竜の小鱗,槍
6,B+,ブールドナス,,×,27,243,192,15%,1,2A,3,,5,,サリッサ,魔竜の大牙×2 プラチナ 獣人の皮,槍
6,A,アミリアスランス,,×,30,265,147,25%,1,2A,3,4,5,,サリッサ,ゴールド 太古の樹皮 太古の堅角×2 魚人の大鱗,槍
8,B+,ヘルフォーク,,×,37,313,164,30%,1A,2,3,4,,,アルシェピース,狂竜の鋼牙×2 妖魔の黒翼 混沌の牙 猛獣の皮,槍
8,A,マハタンスピア,,×,40,373,204,25%,1A,2,3B,4,5,,アルシェピース,イシルディン 魔竜の堅皮 死徒の妖角×2 魔竜の剛鱗,槍
10,B+,日本号,,×,47,479,372,15%,1A,2A,3B,4,,,コルセスカ,邪竜の鋼牙×3 ダマスカス 野獣の皮,槍
10,A,ミーメスピア,,×,50,501,270,25%,1B,2,3,4,5,,コルセスカ,モリブデン 聖獣の上皮 魔王の大角×2 邪竜の大鱗,槍
12,B+,アイグロス,氷,×,57,456,592,20%,1,2,3氷,,5,,グロリアススピア,奇獣の妖牙×3 腐臭の牙 狂獣の皮,槍
14,B+,御手杵,,×,67,881,533,10%,1B,,3,4,5,,ブラッドスピア,獣人の鋼牙 水竜の鋭爪×2 猛々しい角 凶獣の皮,槍
16,B+,蜻蛉切,,×,77,1150,717,5%,1A,,3D,4A,5,,ウォードンスピア,鳥人の鋭嘴×2 魔虫の毒爪 禍因の牙 魔獣の殻,槍
18,B+,ポルックススピア,,×,87,1080,816,25%,,2B,3B,4A,5,,ショヴスリ,狼王の鋭牙×3 根絶の牙 古獣の皮,槍
20,B+,ゲイ・アッサル,,×,97,1609,979,10%,1,,3F,4A,5,,三叉戟,竜王の猛牙×3 魔王の妖角 剛猛な皮,槍
2,A,フラメア,,×,10,104,62,25%,1A,2,3s,,5,,パイク,隊長の証 怪魚の鋭牙 魔女の妖爪 幽鬼の硬骨 魔鎧の尖角,槍
4,A,バトルフォーク,,×,20,176,99,25%,1,2A,3s,4,,,ハープーン,隊長の証 怪魚の鋭牙 魔女の妖爪 幽鬼の硬骨 魔鎧の尖角,槍
4,S,アイオンスピア,,×,20,190,158,20%,1,2,3s,4,5,6A,バトルフォーク,団長の証 怪魚の鋭牙 魔女の妖爪 幽鬼の硬骨 魔鎧の尖角,槍
4,B,十文字槍,,×,18,178,113,10%,1,,3,4,5,,アイアンスピア,猛士の証 巨獣の双牙 獄獣の毛皮 獣人の鋭牙 硬質の殻,槍
4,A,梅實,,×,19,159,122,25%,1,2A,3A,,5,,十文字槍,聖徒の証 巨獣の双牙×2 魔竜の大鱗 巨獣の幻角,槍
6,S,人間無骨,,×,29,315,193,10%,1A,2,3A,4,5,6A,グレイスピア,英雄の証 魔竜の大牙 魔竜の大牙 魔獣の鋭爪 太古の樹皮,槍
6,A,ブリーチ・パイク,氷,×,30,235,235,25%,1,2A,3氷,4,,,サリッサ,武将の証 竜人の鋭牙 妖婦の艶爪 火竜の焦骨 妖魔の大角,槍
8,A,ソロウスピア,,×,40,351,265,25%,1A,,3B,4B,5,,アルシェピース,武将の証 竜人の鋭牙 妖婦の艶爪 火竜の焦骨 妖魔の大角,槍
8,S,ディアボロスピア,,×,40,416,236,20%,1,2,3,4B,5,6A,ソロウスピア,大将の証 竜人の鋭牙 妖婦の艶爪 火竜の焦骨 妖魔の大角,槍
8,B,ファインスピア,,×,38,296,222,30%,1A,2,,4,5,,(合成),ゴールド 賢人の証 氷塊の歯牙 死徒の幻角 狂竜の鋼牙 死人の爪,槍
8,A,グランテピエ,,×,39,403,236,15%,1A,2s,3B,4,,,ファインスピア,志士の証 氷塊の歯牙×2 死徒の幻角 妖魔の黒翼,槍
10,S,マルテ,,×,50,471,344,30%,1,2s,3,4,5s,6A,グレイスピア,剣聖の証 氷塊の歯牙 死徒の幻角 魔竜の逆鱗 狂竜の鋼牙,槍
10,A,カルマスピア,,×,50,471,359,25%,1C,2,3,,5,,コルセスカ,子爵の証 獣竜の鋼牙 獣鬼の鋭爪 死徒の妖骨 魔獣の岩角,槍
10,S,ラージャランス,,×,50,564,315,20%,1C,2,3B,4,5,6A,カルマスピア,元帥の証 獣竜の鋼牙 獣鬼の鋭爪 死徒の妖骨 魔獣の岩角,槍
10,B,偃月刀,,×,48,535,326,10%,1A,2A,3B,4,,,ファインスピア,豪傑の証 獣王の大牙 魔牛の双角 邪竜の鋼牙 醜悪な牙,槍
10,A,蛇矛,,×,49,602,373,5%,,2A,3B,4s,5,,偃月刀,治者の証 獣王の大牙 魔牛の双角 竜王の大鱗 獣人の剛爪,槍
12,S,青龍偃月刀,,×,60,854,528,5%,1A,2A,3B,4s,5,6A,グレイスピア,君主の証 獣王の大牙×2 竜王の大鱗 獣人の剛爪,槍
12,B,ゴーストスピア,,×,58,491,357,35%,,2,3B,4,5,,ダマスカススピア,偉人の証 古竜の鋼牙 造魔の堅皮 堅亀の猛爪 獣鬼の爪,槍
12,A,ゲイ・ボー,,×,59,597,453,25%,1B,2,3C,4,,,ゴーストスピア,幽人の証 古竜の鋼牙×2 空魚の雷角 大亀の甲鱗,槍
14,S,ゲイ・ジャルグ,,×,70,827,616,25%,1A,2A,3C,4A,5,6A,グレイスピア,覇王の証 古竜の鋼牙 空魚の雷角×2 大亀の甲鱗,槍
14,A,アトミックスピア,爆,×,68,560,738,25%,1B,2A,3B,,5爆,,ミーティアスピア,風鳥座の星玉 恐獣の大牙 魔人の呪角 水竜の大鱗 破滅の牙,槍
14,S,クリムゾンスピア,爆,×,70,875,673,20%,1A,2A,3B,4A,5爆,6A,アトミックスピア,祭壇座の星玉 恐獣の大牙×2 魔人の呪角 獣人の鋼牙,槍
16,A,エレクトロスピア,雷,×,78,693,923,25%,1,2A,3,4雷,,,アダマンランス,八分儀座の星玉 幻竜の大牙 堕徒の呪角 鳥人の鋭嘴 魔虫の毒爪,槍
16,S,トライデント,雷,×,79,1059,814,20%,1A,2,3D,4雷,5s,6A,エレクトロスピア,烏座の星玉 タングステン 幻竜の大牙 堕徒の呪角 妖魔の大鱗,槍
18,A,ギザルメ,,×,88,1192,632,25%,1A,2,3E,,5,,ブラッドスピア,盾座の星玉 氷獣の凍牙 蟻王の柔皮 魔王の妖爪×2,槍
18,S,ベレロポンスピア,,×,90,1622,1005,5%,1A,2B,3E,4A,5,6A,ギザルメ,大熊座の星玉 ガルヴォルン 氷獣の凍牙×2 魔鎧の鋼角,槍
20,B,クーゼ,,×,98,1440,814,20%,1,,3F,4A,5,,三叉戟,幽鬼の印章 醜怪な牙 断獄の爪 怨鬼の骨 貴石の角,槍
20,A+,ロストスピア,,×,100,1502,811,25%,1,2,3D,4A,5A,,クーゼ,死騎の印章 怪鳥の大嘴 合獣の猛爪 病魔の呪骨 怪物の豪角,槍
20,S,イシリアルスピア,,×,100,1574,840,25%,1,2B,3F,4,5A,6A,クーゼ,環蛇の印章 死騎の印章 トラペゾヘドロン 怪鳥の大嘴 怪物の豪角,槍
14,A,ロイヤルスピア,,×,70,867,486,20%,1A,2,3D,,5,,グレイスピア,王家の証 竜人の鋼牙 恐獣の大爪 魔人の妖角×2,槍
14,S,カイザーランス,,×,75,1123,943,10%,1B,2B,3D,4A,5s,6A,ロイヤルスピア,帝王の証 ガルヴォルン 竜人の鋼牙 恐獣の大爪 魔人の妖角,槍
14,S+,ロンギヌス,,×,1,57,48,30%,1A,2A,3,4m,5s,6,ロイヤルスピア,闘神の証 ガルヴォルン 恐獣の大爪 魔界の呪布 魔人の妖角,槍
16,S+,ゲイ・ボルグ,,×,80,1300,1090,10%,1,2B,3,4A,5,6,ロイヤルスピア,南十字座の星玉 孔雀座の星玉 ガルヴォルン 恐獣の大爪 魔人の妖角,槍
18,S,ネビュラスピア,,×,90,1513,1271,10%,1A,2,3B,4,5,6A,ロイヤルスピア,満天の星玉 アボイタカラ 怪竜の毒牙 呪鬼の鋭爪 水精の妖角,槍
18,S+,ヴァルハラスピア,,×,1,64,41,20%,1A,2s,3,4s,5,6s,ロイヤルスピア,闘神の証 黄道の星玉 呪鬼の鋭爪 天使の羽衣 水精の妖角,槍
18,S+,スコーピオ,,×,90,1489,1235,15%,1m,2A,3D,4A,5s,6s,ロイヤルスピア,蠍座の星玉 黄道の星玉 アボイタカラ 呪鬼の鋭爪 水精の妖角,槍
1,C,カッパーボウ,,×,1,48,48,25%,1,2,3,,,,(基点),,弓
4,B+,グレイボウ,,×,1,50,50,25%,1,2,3,4,5,,(基点),,弓
1,C,アイアンボウ,,×,2,52,52,25%,1,2,3,4,,,カッパーボウ,ガーネット 鋭利な牙 上質な皮,弓
2,C,バトルボウ,,×,7,76,61,25%,1,2,3,4,,,カッパーボウ,毒性の体液 アイアン×2,弓
3,C,シルバーボウ,,×,12,81,102,25%,1,2,3,4,,,アイアンボウ バトルボウ,硬質の殻 濁った液×2,弓
4,C,イチイボウ,,×,17,124,124,25%,1A,2,3,4,,,バトルボウ,獣人の鋭牙×2 野生の牙 濁った液,弓
5,C,プラチナボウ,,×,22,156,156,25%,1,2,3,4,,,イチイボウ,トパーズ×2 太古の爪,弓
6,C,スピードボウ,,×,27,179,179,30%,1A,2s,3,,5,,シルバーボウ,魔竜の大牙 太古の樹皮 獣人の皮×2,弓
7,C,ミスリルボウ,,×,32,230,230,25%,1,2,3,4,,,(合成),ミスリル×2 アクアマリン 死人の爪,弓
8,C,ロングボウ,,×,37,307,238,20%,,2s,3A,4,5,,プラチナボウ,狂竜の鋼牙 魔竜の堅皮 混沌の牙×2 勇壮な角,弓
9,C,ダマスカスボウ,,×,42,319,319,25%,1,2,3,4,,,ミスリルボウ ファインボウ,サファイア×2 真紅の爪,弓
10,C,キラーボウ,,×,47,345,251,35%,1,,3,4B,5,,スピードボウ,邪竜の鋼牙×2 聖獣の上皮 野獣の皮×2,弓
11,C,ミーティアボウ,,×,52,424,424,25%,1,2,3,4,,,"キラーボウ コンポジットボウ",メテオライト×2 狂獣の皮,弓
12,C,マジカルボウ,,×,57,391,515,25%,1,2A,3A,4B,,,コンポジットボウ,奇獣の妖牙 冥界の樹皮 古魚の甲鱗 メテオライト 腐臭の牙,弓
13,C,アダマンボウ,,×,62,545,545,25%,1,2,3,4,,,マジカルボウ,アダマンタイト ダイアモンド 漆黒の爪,弓
14,C,アサルトボウ,,×,67,616,457,30%,1B,2A,3,,5,,桃弓,死界の妖布 死竜の双角 水竜の大鱗 破滅の牙 凶獣の皮,弓
15,C,スナイプボウ,,×,72,684,684,25%,1,2,3,4,,,アダマンボウクルエルボウ,オリハルコン クリスタル 残虐な爪,弓
16,C,ファストボウ,,×,77,765,765,25%,1,2,3s,,5,,ミーティアボウ,鳥人の鋭嘴 魔虫の毒爪 冥獣の毛皮 禍因の牙 呪詛の角,弓
17,C,ホビットボウ,,×,82,840,840,25%,1,2,3,4,,,ファストボウ ホークボウ,ヒヒイロカネ×2 古獣の皮,弓
18,C,ハートスティング,,×,87,748,988,25%,1B,,3s,4B,5,,(合成),ヒヒイロカネ×2 狼王の鋭牙 妖馬の毛皮 古竜の煌鱗 根絶の牙,弓
19,C,サテュロスボウ,,×,92,1077,1077,20%,1,2,3,4,,,ホビットボウ,アミアントゥス×2 剛猛な皮,弓
20,C,ソニックボウ,,×,97,1034,1034,30%,1,,3,4E,5,,ハートスティング,竜王の猛牙 恐竜の堅皮 竜王の幻鱗 アミアントゥス 犀利な牙,弓
2,B+,パワーボウ,,×,7,83,67,20%,1,2,3,4,,,バトルボウ,魔人の翼爪 呪師の古布 毒性の体液 獣人の爪,弓
2,A,ドヴェルグボウ,,×,10,91,91,25%,1A,2,3A,4,5,,バトルボウ,ブロンズ 魔人の翼爪 魔人の頭骨 毒性の体液 巨獣の大角,弓
4,B+,貊弓,,×,17,130,130,25%,1A,2,3,4,,,イチイボウ,獣人の鋭牙×2 野生の牙 ねじれた角,弓
4,A,ガヴィダボウ,,×,20,150,150,25%,1,2s,3,4B,5,,イチイボウ,ティン 魔竜の大爪 巨獣の堅骨 魔竜の鮮血 巨獣の幻角,弓
6,B+,ストレングスボウ,,×,27,223,175,20%,1,2s,3,,5,,スピードボウ,魔竜の大牙 太古の樹皮 太古の爪 獣人の皮,弓
6,A,アミリアスボウ,,×,30,227,227,25%,1A,2,3A,4B,5,,スピードボウ,ゴールド 魔獣の鋭爪 魔人の妖骨 魔蠍の体液 太古の堅角,弓
8,B+,フェアリーボウ,,×,37,229,300,25%,1A,2s,3A,,5,,ロングボウ,狂竜の鋼牙 妖魔の黒翼×2 混沌の牙 死人の爪,弓
8,A,マハタンボウ,,×,40,319,319,25%,1,2A,3,4B,5,,ロングボウ,イシルディン 妖魔の黒翼 死徒の幻骨 未知の液体 死徒の妖角,弓
10,B+,板額弓,,×,47,336,336,35%,1A,2,3,4B,,,キラーボウ,邪竜の鋼牙 獣人の剛爪 聖獣の上皮 野獣の皮×2,弓
10,A,ミーメボウ,,×,50,427,427,25%,1B,2A,3,4,5,,キラーボウ,モリブデン 獣人の剛爪 死徒の頭骨 大蛇の鮮血 魔王の大角,弓
12,B+,マーシレスボウ,,×,57,634,503,10%,1,2A,3,,5,,マジカルボウ,奇獣の妖牙 古魚の甲鱗 獣鬼の爪 狂獣の皮,弓
14,B+,ケイロンボウ,,×,67,639,639,25%,1B,2A,3,4B,,,アサルトボウ,獣人の鋼牙 死界の妖布 死竜の双角 破滅の牙 凶獣の皮,弓
16,B+,雷上動,,×,77,849,642,25%,1B,2,3s,4C,,,ファストボウ,鳥人の鋭嘴 魔虫の毒爪×2 禍因の牙 残虐な爪,弓
18,B+,ジャナカボウ,,×,87,1034,1034,20%,1A,2C,3,4C,,,ハートスティング,狼王の鋭牙 魔王の妖爪 古鱗の煌鱗 鬼人の爪 古獣の皮,弓
20,B+,アルチイ・ジルヒル,,×,97,1157,1157,25%,1B,2,3s,4E,,,ソニックボウ,竜王の猛牙 死魔の剛爪×2 竜王の幻鱗 剛猛な皮,弓
2,A,ショートボウ,,×,10,96,75,25%,,2,3A,4D,5,,バトルボウ,隊長の証 魔女の妖爪 幽鬼の硬骨 海竜の鮮血 魔鎧の尖角,弓
4,A,ラピッドボウ,,×,20,160,124,25%,1,2s,,4D,5,,イチイボウ,隊長の証 魔女の妖爪 幽鬼の硬骨 海竜の鮮血 魔鎧の尖角,弓
4,S,アイオンボウ,,×,20,144,174,25%,1A,2s,3A,4D,5,6A,ラピッドボウ,団長の証 魔女の妖爪 幽鬼の硬骨 海竜の鮮血 魔鎧の尖角,弓
4,B,修善弓,,×,18,149,149,15%,1A,2,3,,5,,(合成),ブロンズ 聖徒の証 鳥獣の堅骨 魔亀の紅血 魔竜の大爪 硬質の殻,弓
4,A,相位弓,,×,19,162,162,15%,1,2s,,4A,5,,修善弓,猛士の証 巨獣の双牙 魔亀の紅血 魔獣の炎角 魔竜の鮮血,弓
6,S,重藤弓,,×,29,260,260,15%,1A,2s,3A,4A,5,6A,グレイボウ,英雄の証 魔竜の大牙×2 太古の樹皮 太古の堅角,弓
6,A,スライトボウ,,×,30,185,240,25%,1,2s,,4B,5,,スピードボウ,武将の証 妖婦の艶爪 火竜の焦骨 魔蛙の粘液 妖魔の大角,弓
8,A,ソロウボウ,,×,40,319,319,25%,1,2,3D,4,,,ロングボウ,武将の証 妖婦の艶爪 火竜の焦骨 魔蛙の粘液 妖魔の大角,弓
8,S,ディアボロボウ,,×,40,301,369,25%,1,2A,3D,4B,5,6A,ソロウボウ,大将の証 妖婦の艶爪 火竜の焦骨 魔蛙の粘液 妖魔の大角,弓
8,B,ファインボウ,,×,38,286,286,25%,1A,2s,3A,,5,,プラチナボウ,志士の証 太古の幻骨 魔竜の逆鱗 狂竜の鋼牙 勇壮な角,弓
8,A,ガーンデーヴァ,,×,39,309,309,25%,,2s,3B,4B,5,,ファインボウ,賢人の証 太古の幻骨 蛙王の唾液 魔竜の逆鱗 妖魔の黒翼,弓
10,S,チャンドラダヌス,,×,50,452,452,25%,1A,2,3B,4,5B,6A,グレイボウ,剣聖の証 蛙王の唾液 魔竜の逆鱗 魔竜の逆鱗 妖魔の黒翼,弓
10,A,カルマボウ,,×,50,427,427,25%,1,,3A,4B,5s,,キラーボウ,子爵の証 獣鬼の鋭爪 死徒の妖骨 機兵の油液 魔獣の岩角,弓
10,S,ラージャボウ,,×,50,403,501,25%,1B,2A,3,4B,5s,6A,カルマボウ,元帥の証 獣鬼の鋭爪 死徒の妖骨 機兵の油液 魔獣の岩角,弓
10,B,コンポジットボウ,,×,48,387,387,25%,1A,2s,3A,4B,,,ロングボウ,豪傑の証 太古の妖骨 魔牛の双角 邪竜の鋼牙 強堅な角,弓
10,A,フォレストボウ,,×,49,335,440,25%,1,2A,3,,5A,,コンポジットボウ,武人の証 太古の妖骨 竜人の妖血 竜王の大鱗 獣人の剛爪,弓
12,S,エルヴンボウ,,×,60,432,585,30%,1B,2A,3A,4B,5A,6A,グレイボウ,君主の証 竜人の妖血×2 竜王の大鱗 獣人の剛爪,弓
12,B,桃弓,,×,58,540,540,20%,,2,3,4B,5,,ダマスカスボウ,偉人の証 魔人の黒血 空魚の雷角 奇獣の妖牙 狂獣の皮,弓
12,A,烏号,,×,59,578,578,20%,1,,3,4s,5,,桃弓,仁者の証 幻獣の大骨 空魚の雷角 魔界の幻布 奇獣の妖牙,弓
14,S,丹弓,,×,70,786,786,20%,1B,2A,3,4s,5,6A,グレイボウ,覇王の証 幻獣の大骨×2 空魚の雷角 奇獣の妖牙,弓
14,A,クルエルボウ,,×,68,753,583,20%,1,2B,3s,4B,,,桃弓,風鳥座の星玉 恐獣の大牙 魔人の呪角 水竜の大鱗 凶獣の皮,弓
14,S,フェイルノート,,×,70,835,640,20%,1A,2B,3s,4B,5,6A,クルエルボウ,祭壇座の星玉 恐獣の大牙 神徒の聖衣 蛇妖の幻鱗 水竜の大鱗,弓
16,A,ホークボウ,,×,78,722,722,35%,1B,2,3C,4C,,,アダマンボウ,八分儀座の星玉 魔王の妖骨 堕徒の呪角 魔虫の毒爪 冥獣の毛皮,弓
16,S,アバリスボウ,,×,79,834,1079,15%,1B,2A,3C,4C,5B,6A,ホークボウ,烏座の星玉 タングステン 魔王の妖骨 機兵の体液 妖魔の大鱗,弓
18,A,ポウチャーボウ,,×,88,1006,1006,25%,1B,2A,3,,5C,,スナイプボウ ホークボウ,盾座の星玉 死徒の髄液 魔鎧の鋼角 狼王の鋭牙 妖馬の毛皮,弓
18,S,金剛弓,,×,90,1477,896,10%,1B,2C,3s,4B,5C,6A,ポウチャーボウ,大熊座の星玉 ガルヴォルン 造魔の工骨 悪鬼の呪衣 魔鎧の鋼角,弓
20,B,ファルコンボウ,,×,98,1162,1162,25%,1B,2,3s,4E,,,ソニックボウ,幽鬼の印章 断獄の爪 怨鬼の骨 霊妙な液 貴石の角,弓
20,A+,ロストボウ,,×,100,1574,1315,15%,1B,2A,3s,4B,,6B,ファルコンボウ,死騎の印章 合獣の猛爪 病魔の呪骨 機兵の燃油 怪物の豪角,弓
20,S,イシリアルボウ,,×,100,1646,1358,15%,1A,2C,3,4E,5B,6B,ファルコンボウ,環蛇の印章 死騎の印章 トラペゾヘドロン 合獣の猛爪 病魔の呪骨,弓
14,A,ロイヤルボウ,,×,70,697,697,25%,1B,2A,3A,4B,,,グレイボウ,王家の証 恐獣の大爪 古代の滑液 魔界の呪布 獣人の剛鱗,弓
14,S,カイザーボウ,,×,75,1078,898,10%,1A,2C,3A,4B,5B,6A,ロイヤルボウ,帝王の証 ガルヴォルン 恐獣の大爪 魔界の呪布 獣人の剛鱗,弓
14,S+,破魔弓,,×,1,52,61,20%,1,2C,3s,4m,5B,6,ロイヤルボウ,闘神の証 ガルヴォルン 獣王の上皮 獣人の剛鱗×2,弓
16,S+,シェキナーボウ,,×,80,1240,1040,10%,1B,2A,3s,4B,5,6,ロイヤルボウ,南十字座の星玉 孔雀座の星玉 ガルヴォルン 恐獣の大爪 獣人の剛鱗,弓
18,S,ネビュラボウ,,×,90,1380,1138,15%,1B,2,3s,4C,5,6A,ロイヤルボウ,満天の星玉 アボイタカラ 呪鬼の鋭爪 天使の羽衣 地竜の鋼鱗,弓
18,S+,ヴァルハラボウ,,×,1,58,66,10%,1B,2A,3,4A,5A,6s,ロイヤルボウ,闘神の証 黄道の星玉 巨亀の堅殻 地竜の鋼鱗×2,弓
18,S+,サジタリアス,,×,90,1356,1114,20%,1m,2C,3s,4B,5B,6s,ロイヤルボウ,射手座の星玉 黄道の星玉 アボイタカラ 呪鬼の鋭爪 地竜の鋼鱗,弓